"Symbol","Date","Open","High","Low","Close","Percent Change","Volume","Turn Over"
"BANKING","2011-03-20","334.89","334.89","334.89","334.89","-0.24 %","0.00","-"
"BANKING","2011-03-25","330.89","330.89","330.89","330.89","-0.18 %","0.00","-"
"BANKING","2011-03-27","323.45","323.45","323.45","323.45","-2.25 %","0.00","-"
"BANKING","2011-03-28","313.33","313.33","313.33","313.33","-3.13 %","0.00","-"
"BANKING","2011-03-29","305.45","305.45","305.45","305.45","-2.51 %","0.00","-"
"BANKING","2011-03-30","305.09","305.09","305.09","305.09","-0.12 %","0.00","-"
"BANKING","2011-03-31","314.11","314.11","314.11","314.11","2.94 %","0.00","-"
"BANKING","2011-04-04","313.98","313.98","313.98","313.98","-0.04 %","0.00","-"
"BANKING","2011-04-05","311.95","311.95","311.95","311.95","-0.65 %","0.00","-"
"BANKING","2011-04-06","312.05","312.05","312.05","312.05","0.03 %","0.00","-"
"BANKING","2011-04-07","314.01","314.01","314.01","314.01","0.63 %","0.00","-"
"BANKING","2011-04-10","315.67","315.67","315.67","315.67","0.47 %","0.00","-"
"BANKING","2011-04-11","313.97","313.97","313.97","313.97","-0.54 %","0.00","-"
"BANKING","2011-04-13","322.75","322.75","322.75","322.75","2.80 %","0.00","-"
"BANKING","2011-04-17","312.91","312.91","312.91","312.91","-3.05 %","0.00","-"
"BANKING","2011-04-18","309.91","309.91","309.91","309.91","-0.96 %","0.00","-"
"BANKING","2011-04-19","307.73","307.73","307.73","307.73","-0.70 %","0.00","-"
"BANKING","2011-04-20","304.88","304.88","304.88","304.88","-0.93 %","0.00","-"
"BANKING","2011-04-21","302.51","302.51","302.51","302.51","-0.77 %","0.00","-"
"BANKING","2011-04-25","300.09","300.09","300.09","300.09","-0.80 %","0.00","-"
"BANKING","2011-04-26","298.79","298.79","298.79","298.79","-0.43 %","0.00","-"
"BANKING","2011-04-27","299.26","299.26","299.26","299.26","0.16 %","0.00","-"
"BANKING","2011-04-28","296.87","296.87","296.87","296.87","-0.80 %","0.00","-"
"BANKING","2011-05-02","293.75","293.75","293.75","293.75","-1.05 %","0.00","-"
"BANKING","2011-05-03","290.05","290.05","290.05","290.05","-1.26 %","0.00","-"
"BANKING","2011-05-04","287.08","287.08","287.08","287.08","-1.03 %","0.00","-"
"BANKING","2011-05-05","289.63","289.63","289.63","289.63","0.89 %","0.00","-"
"BANKING","2011-05-08","290.49","290.49","290.49","290.49","0.30 %","0.00","-"
"BANKING","2011-05-09","291.07","291.07","291.07","291.07","0.20 %","0.00","-"
"BANKING","2011-05-10","297.37","297.37","297.37","297.37","2.17 %","0.00","-"
"BANKING","2011-05-11","298.31","298.31","298.31","298.31","0.32 %","0.00","-"
"BANKING","2011-05-12","301.11","301.11","301.11","301.11","0.94 %","0.00","-"
"BANKING","2011-05-15","306.73","306.73","306.73","306.73","1.87 %","0.00","-"
"BANKING","2011-05-16","310.62","310.62","310.62","310.62","0.93 %","0.00","-"
"BANKING","2011-05-18","305.64","305.64","305.64","305.64","-1.60 %","0.00","-"
"BANKING","2011-05-19","304.48","304.48","304.48","304.48","-0.38 %","0.00","-"
"BANKING","2011-05-22","303.59","303.59","303.59","303.59","-0.29 %","0.00","-"
"BANKING","2011-05-23","302.19","302.19","302.19","302.19","-0.46 %","0.00","-"
"BANKING","2011-05-24","303.10","303.10","303.10","303.10","0.30 %","0.00","-"
"BANKING","2011-05-25","303.97","303.97","303.97","303.97","0.29 %","0.00","-"
"BANKING","2011-05-26","304.74","304.74","304.74","304.74","0.25 %","0.00","-"
"BANKING","2011-05-30","305.88","305.88","305.88","305.88","0.37 %","0.00","-"
"BANKING","2011-05-31","298.22","298.22","298.22","298.22","-2.50 %","0.00","-"
"BANKING","2011-06-01","295.33","295.33","295.33","295.33","-0.97 %","0.00","-"
"BANKING","2011-06-02","292.00","292.00","292.00","292.00","-1.13 %","0.00","-"
"BANKING","2011-06-05","285.22","285.22","285.22","285.22","-2.32 %","0.00","-"
"BANKING","2011-06-06","279.11","279.11","279.11","279.11","-2.15 %","0.00","-"
"BANKING","2011-06-07","271.34","271.34","271.34","271.34","-2.78 %","0.00","-"
"BANKING","2011-06-08","264.76","264.76","264.76","264.76","-2.44 %","0.00","-"
"BANKING","2011-06-09","259.67","259.67","259.67","259.67","-1.92 %","0.00","-"
"BANKING","2011-06-12","255.06","255.06","255.06","255.06","-1.78 %","0.00","-"
"BANKING","2011-06-13","248.82","248.82","248.82","248.82","-2.45 %","0.00","-"
"BANKING","2011-06-14","242.72","242.72","242.72","242.72","-2.45 %","0.00","-"
"BANKING","2011-06-15","233.41","233.41","233.41","233.41","-3.84 %","0.00","-"
"BANKING","2011-06-16","248.44","248.44","248.44","248.44","6.17 %","0.00","-"
"BANKING","2011-06-20","284.45","284.45","284.45","284.45","6.74 %","0.00","-"
"BANKING","2011-06-21","303.62","303.62","303.62","303.62","6.74 %","0.00","-"
"BANKING","2011-06-23","326.81","326.81","326.81","326.81","7.64 %","0.00","-"
"BANKING","2011-06-26","309.90","309.90","309.90","309.90","-5.17 %","0.00","-"
"BANKING","2011-06-27","286.53","286.53","286.53","286.53","-7.54 %","0.00","-"
"BANKING","2011-06-29","291.28","291.28","291.28","291.28","1.66 %","0.00","-"
"BANKING","2011-06-30","289.94","289.94","289.94","289.94","-0.46 %","0.00","-"
"BANKING","2011-07-03","288.46","288.46","288.46","288.46","-0.51 %","0.00","-"
"BANKING","2011-07-04","288.98","288.98","288.98","288.98","0.18 %","0.00","-"
"BANKING","2011-07-05","296.24","296.24","296.24","296.24","2.51 %","0.00","-"
"BANKING","2011-07-06","301.46","301.46","301.46","301.46","1.76 %","0.00","-"
"BANKING","2011-07-07","300.40","300.40","300.40","300.40","-0.43 %","0.00","-"
"BANKING","2011-07-10","306.32","306.32","306.32","306.32","1.97 %","0.00","-"
"BANKING","2011-07-11","308.53","308.53","308.53","308.53","0.72 %","0.00","-"
"BANKING","2011-07-12","313.43","313.43","313.43","313.43","1.59 %","0.00","-"
"BANKING","2011-07-13","320.77","320.77","320.77","320.77","2.34 %","0.00","-"
"BANKING","2011-07-14","328.71","328.71","328.71","328.71","2.47 %","0.00","-"
"BANKING","2011-07-17","349.80","349.80","349.80","349.80","8.31 %","0.00","-"
"BANKING","2011-07-18","337.69","337.69","337.69","337.69","-3.46 %","0.00","-"
"BANKING","2011-07-19","345.08","345.08","345.08","345.08","2.19 %","0.00","-"
"BANKING","2011-07-20","351.55","351.55","351.55","351.55","1.87 %","0.00","-"
"BANKING","2011-07-21","351.08","351.08","351.08","351.08","-0.13 %","0.00","-"
"BANKING","2011-07-24","337.13","337.13","337.13","337.13","-3.97 %","0.00","-"
"BANKING","2011-07-25","330.08","330.08","330.08","330.08","-2.09 %","0.00","-"
"BANKING","2011-07-26","325.15","325.15","325.15","325.15","-1.50 %","0.00","-"
"BANKING","2011-07-27","335.63","335.63","335.63","335.63","3.22 %","0.00","-"
"BANKING","2011-07-28","333.23","333.23","333.23","333.23","-0.72 %","0.00","-"
"BANKING","2011-07-31","327.98","327.98","327.98","327.98","-1.80 %","0.00","-"
"BANKING","2011-08-01","327.09","327.09","327.09","327.09","-0.27 %","0.00","-"
"BANKING","2011-08-02","326.14","326.14","326.14","326.14","-0.29 %","0.00","-"
"BANKING","2011-08-03","323.94","323.94","323.94","323.94","-0.67 %","0.00","-"
"BANKING","2011-08-04","324.23","324.23","324.23","324.23","0.09 %","0.00","-"
"BANKING","2011-08-07","322.75","322.75","322.75","322.75","-0.46 %","0.00","-"
"BANKING","2011-08-08","318.64","318.64","318.64","318.64","-1.27 %","0.00","-"
"BANKING","2011-08-09","310.36","310.36","310.36","310.36","-2.44 %","0.00","-"
"BANKING","2011-08-10","319.57","319.57","319.57","319.57","2.97 %","0.00","-"
"BANKING","2011-08-11","321.03","321.03","321.03","321.03","0.46 %","0.00","-"
"BANKING","2011-08-15","322.34","322.34","322.34","322.34","0.41 %","0.00","-"
"BANKING","2011-08-16","320.94","320.94","320.94","320.94","-0.43 %","0.00","-"
"BANKING","2011-08-17","317.81","317.81","317.81","317.81","-0.97 %","0.00","-"
"BANKING","2011-08-18","321.67","321.67","321.67","321.67","1.15 %","0.00","-"
"BANKING","2011-08-22","317.27","317.27","317.27","317.27","-1.37 %","0.00","-"
"BANKING","2011-08-23","316.78","316.78","316.78","316.78","-0.15 %","0.00","-"
"BANKING","2011-08-24","315.23","315.23","315.23","315.23","-0.49 %","0.00","-"
"BANKING","2011-08-25","312.27","312.27","312.27","312.27","-0.94 %","0.00","-"
"BANKING","2011-08-28","297.23","297.23","297.23","297.23","-4.88 %","0.00","-"
"BANKING","2011-08-29","296.79","296.79","296.79","296.79","-0.15 %","0.00","-"
"BANKING","2011-08-30","300.83","300.83","300.83","300.83","1.36 %","0.00","-"
"BANKING","2011-09-01","301.02","301.02","301.02","301.02","0.06 %","0.00","-"
"BANKING","2011-09-04","299.02","299.02","299.02","299.02","-0.58 %","0.00","-"
"BANKING","2011-09-05","293.14","293.14","293.14","293.14","-1.97 %","0.00","-"
"BANKING","2011-09-06","287.52","287.52","287.52","287.52","-1.92 %","0.00","-"
"BANKING","2011-09-07","285.88","285.88","285.88","285.88","-0.57 %","0.00","-"
"BANKING","2011-09-08","282.77","282.77","282.77","282.77","-1.09 %","0.00","-"
"BANKING","2011-09-12","279.20","279.20","279.20","279.20","-1.26 %","0.00","-"
"BANKING","2011-09-13","278.22","278.22","278.22","278.22","-0.35 %","0.00","-"
"BANKING","2011-09-14","268.38","268.38","268.38","268.38","-3.54 %","0.00","-"
"BANKING","2011-09-15","271.75","271.75","271.75","271.75","1.26 %","0.00","-"
"BANKING","2011-09-18","268.92","268.92","268.92","268.92","-1.10 %","0.00","-"
"BANKING","2011-09-19","268.29","268.29","268.29","268.29","-0.23 %","0.00","-"
"BANKING","2011-09-20","272.95","272.95","272.95","272.95","1.74 %","0.00","-"
"BANKING","2011-09-21","275.34","275.34","275.34","275.34","0.89 %","0.00","-"
"BANKING","2011-09-22","284.81","284.81","284.81","284.81","3.44 %","0.00","-"
"BANKING","2011-09-25","288.34","288.34","288.34","288.34","1.24 %","0.00","-"
"BANKING","2011-09-26","286.38","286.38","286.38","286.38","-0.68 %","0.00","-"
"BANKING","2011-09-27","288.32","288.32","288.32","288.32","0.69 %","0.00","-"
"BANKING","2011-09-29","287.89","287.89","287.89","287.89","-0.11 %","0.00","-"
"BANKING","2011-10-02","290.12","290.12","290.12","290.12","0.78 %","0.00","-"
"BANKING","2011-10-09","289.47","289.47","289.47","289.47","-0.22 %","0.00","-"
"BANKING","2011-10-10","291.20","291.20","291.20","291.20","0.60 %","0.00","-"
"BANKING","2011-10-12","292.54","292.54","292.54","292.54","0.46 %","0.00","-"
"BANKING","2011-10-13","292.85","292.85","292.85","292.85","0.11 %","0.00","-"
"BANKING","2011-10-16","289.32","289.32","289.32","289.32","-1.21 %","0.00","-"
"BANKING","2011-10-17","287.40","287.40","287.40","287.40","-0.66 %","0.00","-"
"BANKING","2011-10-18","285.23","285.23","285.23","285.23","-0.75 %","0.00","-"
"BANKING","2011-10-19","283.61","283.61","283.61","283.61","-0.57 %","0.00","-"
"BANKING","2011-10-20","282.27","282.27","282.27","282.27","-0.47 %","0.00","-"
"BANKING","2011-10-23","279.92","279.92","279.92","279.92","-0.83 %","0.00","-"
"BANKING","2011-10-24","280.07","280.07","280.07","280.07","0.06 %","0.00","-"
"BANKING","2011-10-25","279.69","279.69","279.69","279.69","-0.14 %","0.00","-"
"BANKING","2011-10-30","280.16","280.16","280.16","280.16","0.17 %","0.00","-"
"BANKING","2011-10-31","283.46","283.46","283.46","283.46","1.18 %","0.00","-"
"BANKING","2011-11-02","306.42","306.42","306.42","306.42","8.10 %","0.00","-"
"BANKING","2011-11-03","300.92","300.92","300.92","300.92","-1.79 %","0.00","-"
"BANKING","2011-11-06","295.48","295.48","295.48","295.48","-1.81 %","0.00","-"
"BANKING","2011-11-08","291.74","291.74","291.74","291.74","-1.27 %","0.00","-"
"BANKING","2011-11-09","286.38","286.38","286.38","286.38","-1.84 %","0.00","-"
"BANKING","2011-11-10","286.30","286.30","286.30","286.30","-0.03 %","0.00","-"
"BANKING","2011-11-13","282.74","282.74","282.74","282.74","-1.24 %","0.00","-"
"BANKING","2011-11-14","280.19","280.19","280.19","280.19","-0.90 %","0.00","-"
"BANKING","2011-11-15","277.92","277.92","277.92","277.92","-0.81 %","0.00","-"
"BANKING","2011-11-16","275.88","275.88","275.88","275.88","-0.73 %","0.00","-"
"BANKING","2011-11-17","280.01","280.01","280.01","280.01","1.50 %","0.00","-"
"BANKING","2011-11-20","277.66","277.66","277.66","277.66","-0.84 %","0.00","-"
"BANKING","2011-11-21","278.00","278.00","278.00","278.00","0.11 %","0.00","-"
"BANKING","2011-11-22","276.08","276.08","276.08","276.08","-0.69 %","0.00","-"
"BANKING","2011-11-23","275.83","275.83","275.83","275.83","-0.09 %","0.00","-"
"BANKING","2011-11-24","275.00","275.00","275.00","275.00","-0.30 %","0.00","-"
"BANKING","2011-11-27","275.96","275.96","275.96","275.96","0.35 %","0.00","-"
"BANKING","2011-11-28","273.98","273.98","273.98","273.98","-0.71 %","0.00","-"
"BANKING","2011-12-01","273.57","273.57","273.57","273.57","-0.23 %","0.00","-"
"BANKING","2011-12-04","272.22","272.22","272.22","272.22","-0.49 %","0.00","-"
"BANKING","2011-12-05","271.17","271.17","271.17","271.17","-0.39 %","0.00","-"
"BANKING","2011-12-06","270.31","270.31","270.31","270.31","-0.32 %","0.00","-"
"BANKING","2011-12-07","270.15","270.15","270.15","270.15","-0.64 %","0.00","-"
"BANKING","2011-12-08","267.31","267.31","267.31","267.31","-0.41 %","0.00","-"
"BANKING","2011-12-11","264.38","264.38","264.38","264.38","-1.09 %","0.00","-"
"BANKING","2011-12-12","259.58","259.58","259.58","259.58","-1.81 %","0.00","-"
"BANKING","2011-12-13","260.40","260.40","260.40","260.40","0.32 %","0.00","-"
"BANKING","2011-12-14","264.87","264.87","264.87","264.87","1.72 %","0.00","-"
"BANKING","2011-12-15","263.18","263.18","263.18","263.18","-0.64 %","0.00","-"
"BANKING","2011-12-18","259.85","259.85","259.85","259.85","-1.26 %","0.00","-"
"BANKING","2011-12-19","259.67","259.67","259.67","259.67","-0.07 %","0.00","-"
"BANKING","2011-12-20","260.60","260.60","260.60","260.60","0.36 %","0.00","-"
"BANKING","2011-12-21","259.35","259.35","259.35","259.35","-0.49 %","0.00","-"
"BANKING","2011-12-22","259.49","259.49","259.49","259.49","0.01 %","0.00","-"
"BANKING","2011-12-26","258.38","258.38","258.38","258.38","-0.44 %","0.00","-"
"BANKING","2011-12-27","260.28","260.28","260.28","260.28","0.74 %","0.00","-"
"BANKING","2011-12-28","259.70","259.70","259.70","259.70","-0.22 %","0.00","-"
"BANKING","2011-12-29","262.44","262.44","262.44","262.44","1.05 %","0.00","-"
"BANKING","2012-01-01","266.13","266.13","266.13","266.13","1.41 %","0.00","-"
"BANKING","2012-01-02","273.23","273.23","273.23","273.23","2.67 %","0.00","-"
"BANKING","2012-01-03","273.49","273.49","273.49","273.49","0.10 %","0.00","-"
"BANKING","2012-01-04","267.63","267.63","267.63","267.63","-2.14 %","0.00","-"
"BANKING","2012-01-05","266.22","266.22","266.22","266.22","-0.53 %","0.00","-"
"BANKING","2012-01-08","264.04","264.04","264.04","264.04","-0.82 %","0.00","-"
"BANKING","2012-01-09","263.72","263.72","263.72","263.72","-0.11 %","0.00","-"
"BANKING","2012-01-10","265.15","265.15","265.15","265.15","0.54 %","0.00","-"
"BANKING","2012-01-11","268.80","268.80","268.80","268.80","1.37 %","0.00","-"
"BANKING","2012-01-12","271.67","271.67","271.67","271.67","1.07 %","0.00","-"
"BANKING","2012-01-17","266.92","266.92","266.92","266.92","-0.32 %","0.00","-"
"BANKING","2012-01-18","264.78","264.78","264.78","264.78","-0.80 %","0.00","-"
"BANKING","2012-01-19","265.59","265.59","265.59","265.59","0.31 %","0.00","-"
"BANKING","2012-01-22","264.27","264.27","264.27","264.27","-0.87 %","0.00","-"
"BANKING","2012-01-23","262.11","262.11","262.11","262.11","-0.81 %","0.00","-"
"BANKING","2012-01-25","262.05","262.05","262.05","262.05","-0.02 %","0.00","-"
"BANKING","2012-01-26","260.46","260.46","260.46","260.46","-0.61 %","0.00","-"
"BANKING","2012-01-29","260.44","260.44","260.44","260.44","-0.01 %","0.00","-"
"BANKING","2012-01-31","259.86","259.86","259.86","259.86","-0.22 %","0.00","-"
"BANKING","2012-02-01","259.92","259.92","259.92","259.92","0.02 %","0.00","-"
"BANKING","2012-02-02","259.84","259.84","259.84","259.84","-0.03 %","0.00","-"
"BANKING","2012-02-05","257.84","257.84","257.84","257.84","-0.77 %","0.00","-"
"BANKING","2012-02-06","257.47","257.47","257.47","257.47","-0.14 %","0.00","-"
"BANKING","2012-02-07","256.53","256.53","256.53","256.53","-0.36 %","0.00","-"
"BANKING","2012-02-08","256.67","256.67","256.67","256.67","0.05 %","0.00","-"
"BANKING","2012-02-09","256.10","256.10","256.10","256.10","-0.22 %","0.00","-"
"BANKING","2012-02-12","256.67","256.67","256.67","256.67","0.22 %","0.00","-"
"BANKING","2012-02-13","258.43","258.43","258.43","258.43","0.71 %","0.00","-"
"BANKING","2012-02-14","257.17","257.17","257.17","257.17","-0.49 %","0.00","-"
"BANKING","2012-02-15","256.72","256.72","256.72","256.72","-0.17 %","0.00","-"
"BANKING","2012-02-16","255.94","255.94","255.94","255.94","-0.30 %","0.00","-"
"BANKING","2012-02-21","255.59","255.59","255.59","255.59","-0.14 %","0.00","-"
"BANKING","2012-02-23","256.06","256.06","256.06","256.06","0.18 %","0.00","-"
"BANKING","2012-02-26","247.44","247.44","247.44","247.44","-0.27 %","0.00","-"
"BANKING","2012-02-27","257.81","257.81","257.81","257.81","0.26 %","0.00","-"
"BANKING","2012-02-28","261.26","261.26","261.26","261.26","5.22 %","0.00","-"
"BANKING","2012-02-29","260.97","260.97","260.97","260.97","-0.11 %","0.00","-"
"BANKING","2012-03-01","263.98","263.98","263.98","263.98","1.15 %","0.00","-"
"BANKING","2012-03-04","262.56","262.56","262.56","262.56","-0.54 %","0.00","-"
"BANKING","2012-03-05","263.39","263.39","263.39","263.39","0.32 %","0.00","-"
"BANKING","2012-03-06","262.65","262.65","262.65","262.65","-0.28 %","0.00","-"
"BANKING","2012-03-11","260.78","260.78","260.78","260.78","-0.71 %","0.00","-"
"BANKING","2012-03-12","259.08","259.08","259.08","259.08","-0.65 %","0.00","-"
"BANKING","2012-03-13","258.86","258.86","258.86","258.86","-0.09 %","0.00","-"
"BANKING","2012-03-14","257.46","257.46","257.46","257.46","-0.54 %","0.00","-"
"BANKING","2012-03-15","254.06","254.06","254.06","254.06","-1.32 %","0.00","-"
"BANKING","2012-03-18","253.34","253.34","253.34","253.34","-0.28 %","0.00","-"
"BANKING","2012-03-19","252.73","252.73","252.73","252.73","-0.23 %","0.00","-"
"BANKING","2012-03-20","252.38","252.38","252.38","252.38","-0.14 %","0.00","-"
"BANKING","2012-03-21","254.85","254.85","254.85","254.85","0.97 %","0.00","-"
"BANKING","2012-03-25","253.10","253.10","253.10","253.10","-0.69 %","0.00","-"
"BANKING","2012-03-26","251.05","251.05","251.05","251.05","-0.81 %","0.00","-"
"BANKING","2012-03-27","250.42","250.42","250.42","250.42","-0.25 %","0.00","-"
"BANKING","2012-03-28","250.24","250.24","250.24","250.24","-0.07 %","0.00","-"
"BANKING","2012-03-29","250.36","250.36","250.36","250.36","0.04 %","0.00","-"
"BANKING","2012-04-01","250.31","250.31","250.31","250.31","-0.02 %","0.00","-"
"BANKING","2012-04-02","253.28","253.28","253.28","253.28","1.18 %","0.00","-"
"BANKING","2012-04-03","254.16","254.16","254.16","254.16","0.34 %","0.00","-"
"BANKING","2012-04-04","254.53","254.53","254.53","254.53","0.15 %","0.00","-"
"BANKING","2012-04-05","255.36","255.36","255.36","255.36","0.32 %","0.00","-"
"BANKING","2012-04-08","256.24","256.24","256.24","256.24","0.34 %","0.00","-"
"BANKING","2012-04-09","257.83","257.83","257.83","257.83","0.62 %","0.00","-"
"BANKING","2012-04-10","261.86","261.86","261.86","261.86","1.56 %","0.00","-"
"BANKING","2012-04-11","266.07","266.07","266.07","266.07","1.61 %","0.00","-"
"BANKING","2012-04-12","280.40","280.40","280.40","280.40","5.39 %","0.00","-"
"BANKING","2012-04-15","303.56","303.56","303.56","303.56","8.26 %","0.00","-"
"BANKING","2012-04-16","320.68","320.68","320.68","320.68","5.64 %","0.00","-"
"BANKING","2012-04-17","298.64","298.64","298.64","298.64","-6.87 %","0.00","-"
"BANKING","2012-04-18","313.51","313.51","313.51","313.51","4.97 %","0.00","-"
"BANKING","2012-04-19","323.11","323.11","323.11","323.11","3.06 %","0.00","-"
"BANKING","2012-04-22","343.06","343.06","343.06","343.06","6.17 %","0.00","-"
"BANKING","2012-04-24","371.34","371.34","371.34","371.34","8.24 %","0.00","-"
"BANKING","2012-04-25","402.30","402.30","402.30","402.30","8.34 %","0.00","-"
"BANKING","2012-04-26","418.74","418.74","418.74","418.74","4.09 %","0.00","-"
"BANKING","2012-04-29","412.09","412.09","412.09","412.09","-1.59 %","0.00","-"
"BANKING","2012-04-30","386.68","386.68","386.68","386.68","-6.16 %","0.00","-"
"BANKING","2012-05-02","365.47","365.47","365.47","365.47","-5.49 %","0.00","-"
"BANKING","2012-05-03","396.17","396.17","396.17","396.17","8.39 %","0.00","-"
"BANKING","2012-05-07","425.23","425.23","425.23","425.23","7.33 %","0.00","-"
"BANKING","2012-05-08","427.70","427.70","427.70","427.70","0.58 %","0.00","-"
"BANKING","2012-05-09","407.68","407.68","407.68","407.68","-4.68 %","0.00","-"
"BANKING","2012-05-10","395.90","395.90","395.90","395.90","-2.89 %","0.00","-"
"BANKING","2012-05-13","367.36","367.36","367.36","367.36","-7.21 %","0.00","-"
"BANKING","2012-05-14","341.21","341.21","341.21","341.21","-7.12 %","0.00","-"
"BANKING","2012-05-15","368.00","368.00","368.00","368.00","7.85 %","0.00","-"
"BANKING","2012-05-16","388.24","388.24","388.24","388.24","5.50 %","0.00","-"
"BANKING","2012-05-17","397.58","397.58","397.58","397.58","2.41 %","0.00","-"
"BANKING","2012-05-20","390.54","390.54","390.54","390.54","-1.69 %","0.00","-"
"BANKING","2012-05-21","397.58","397.58","397.58","397.58","1.80 %","0.00","-"
"BANKING","2012-05-22","387.98","387.98","387.98","387.98","-2.35 %","0.00","-"
"BANKING","2012-05-23","361.15","361.15","361.15","361.15","-6.92 %","0.00","-"
"BANKING","2012-05-24","377.57","377.57","377.57","377.57","4.55 %","0.00","-"
"BANKING","2012-05-27","395.17","395.17","395.17","395.17","4.66 %","0.00","-"
"BANKING","2012-05-29","375.34","375.34","375.34","375.34","-5.02 %","0.00","-"
"BANKING","2012-05-30","348.66","348.66","348.66","348.66","-7.10 %","0.00","-"
"BANKING","2012-05-31","345.64","345.64","345.64","345.64","-0.86 %","0.00","-"
"BANKING","2012-06-03","363.51","363.51","363.51","363.51","5.17 %","0.00","-"
"BANKING","2012-06-04","353.19","353.19","353.19","353.19","-2.84 %","0.00","-"
"BANKING","2012-06-05","341.81","341.81","341.81","341.81","-3.22 %","0.00","-"
"BANKING","2012-06-06","331.85","331.85","331.85","331.85","-2.91 %","0.00","-"
"BANKING","2012-06-07","337.60","337.60","337.60","337.60","1.73 %","0.00","-"
"BANKING","2012-06-10","328.63","328.63","328.63","328.63","-2.66 %","0.00","-"
"BANKING","2012-06-11","332.14","332.14","332.14","332.14","1.07 %","0.00","-"
"BANKING","2012-06-12","334.58","334.58","334.58","334.58","0.73 %","0.00","-"
"BANKING","2012-06-13","333.13","333.13","333.13","333.13","-0.43 %","0.00","-"
"BANKING","2012-06-14","330.49","330.49","330.49","330.49","-0.79 %","0.00","-"
"BANKING","2012-06-17","325.87","325.87","325.87","325.87","-1.39 %","0.00","-"
"BANKING","2012-06-18","327.42","327.42","327.42","327.42","0.47 %","0.00","-"
"BANKING","2012-06-19","326.30","326.30","326.30","326.30","-0.34 %","0.00","-"
"BANKING","2012-06-20","329.42","329.42","329.42","329.42","0.96 %","0.00","-"
"BANKING","2012-06-21","332.56","332.56","332.56","332.56","0.95 %","0.00","-"
"BANKING","2012-06-25","346.32","346.32","346.32","346.32","4.14 %","0.00","-"
"BANKING","2012-06-26","336.60","336.60","336.60","336.60","-2.80 %","0.00","-"
"BANKING","2012-06-27","343.80","343.80","343.80","343.80","2.14 %","0.00","-"
"BANKING","2012-06-28","347.11","347.11","347.11","347.11","0.96 %","0.00","-"
"BANKING","2012-07-01","344.85","344.85","344.85","344.85","-0.65 %","0.00","-"
"BANKING","2012-07-02","342.06","342.06","342.06","342.06","-0.81 %","0.00","-"
"BANKING","2012-07-03","344.71","344.71","344.71","344.71","0.77 %","0.00","-"
"BANKING","2012-07-04","347.96","347.96","347.96","347.96","0.94 %","0.00","-"
"BANKING","2012-07-05","347.91","347.91","347.91","347.91","-0.01 %","0.00","-"
"BANKING","2012-07-08","346.93","346.93","346.93","346.93","-0.28 %","0.00","-"
"BANKING","2012-07-09","348.11","348.11","348.11","348.11","0.34 %","0.00","-"
"BANKING","2012-07-10","353.74","353.74","353.74","353.74","1.62 %","0.00","-"
"BANKING","2012-07-11","353.83","353.83","353.83","353.83","0.03 %","0.00","-"
"BANKING","2012-07-12","352.46","352.46","352.46","352.46","-0.39 %","0.00","-"
"BANKING","2012-07-15","358.57","358.57","358.57","358.57","1.73 %","0.00","-"
"BANKING","2012-07-16","354.66","354.66","354.66","354.66","-1.09 %","0.00","-"
"BANKING","2012-07-17","356.00","356.00","356.00","356.00","0.38 %","0.00","-"
"BANKING","2012-07-18","362.83","362.83","362.83","362.83","1.92 %","0.00","-"
"BANKING","2012-07-19","366.18","366.18","366.18","366.18","0.92 %","0.00","-"
"BANKING","2012-07-22","375.33","375.33","375.33","375.33","2.50 %","0.00","-"
"BANKING","2012-07-23","381.38","381.38","381.38","381.38","1.61 %","0.00","-"
"BANKING","2012-07-24","377.72","377.72","377.72","377.72","-0.96 %","0.00","-"
"BANKING","2012-07-25","376.52","376.52","376.52","376.52","-0.32 %","0.00","-"
"BANKING","2012-07-26","371.58","371.58","371.58","371.58","-1.31 %","0.00","-"
"BANKING","2012-07-29","365.92","365.92","365.92","365.92","-1.52 %","0.00","-"
"BANKING","2012-07-30","369.42","369.42","369.42","369.42","0.96 %","0.00","-"
"BANKING","2012-07-31","371.10","371.10","371.10","371.10","0.46 %","0.00","-"
"BANKING","2012-08-01","371.08","371.08","371.08","371.08","-0.02 %","0.00","-"
"BANKING","2012-08-05","371.97","371.97","371.97","371.97","0.24 %","0.00","-"
"BANKING","2012-08-06","372.65","372.65","372.65","372.65","0.18 %","0.00","-"
"BANKING","2012-08-07","372.08","372.08","372.08","372.08","-0.15 %","0.00","-"
"BANKING","2012-08-08","367.60","367.60","367.60","367.60","-1.20 %","0.00","-"
"BANKING","2012-08-12","362.27","362.27","362.27","362.27","-1.45 %","0.00","-"
"BANKING","2012-08-13","362.60","362.60","362.60","362.60","0.09 %","0.00","-"
"BANKING","2012-08-14","356.88","356.88","356.88","356.88","-1.58 %","0.00","-"
"BANKING","2012-08-15","350.02","350.02","350.02","350.02","-1.92 %","0.00","-"
"BANKING","2012-08-16","360.10","360.10","360.10","360.10","2.88 %","0.00","-"
"BANKING","2012-08-19","356.49","356.49","356.49","356.49","-1.00 %","0.00","-"
"BANKING","2012-08-21","355.40","355.40","355.40","355.40","-0.31 %","0.00","-"
"BANKING","2012-08-22","354.70","354.70","354.70","354.70","-0.20 %","0.00","-"
"BANKING","2012-08-23","353.79","353.79","353.79","353.79","-0.26 %","0.00","-"
"BANKING","2012-08-26","349.52","349.52","349.52","349.52","-1.20 %","0.00","-"
"BANKING","2012-08-27","354.01","354.01","354.01","354.01","1.29 %","0.00","-"
"BANKING","2012-08-28","354.39","354.39","354.39","354.39","0.11 %","0.00","-"
"BANKING","2012-08-29","356.83","356.83","356.83","356.83","0.68 %","0.00","-"
"BANKING","2012-08-30","354.64","354.64","354.64","354.64","-0.61 %","0.00","-"
"BANKING","2012-09-02","362.37","362.37","362.37","362.37","2.18 %","0.00","-"
"BANKING","2012-09-03","362.20","362.20","362.20","362.20","-0.05 %","0.00","-"
"BANKING","2012-09-04","359.05","359.05","359.05","359.05","-0.86 %","0.00","-"
"BANKING","2012-09-05","357.10","357.10","357.10","357.10","-0.54 %","0.00","-"
"BANKING","2012-09-06","358.34","358.34","358.34","358.34","0.35 %","0.00","-"
"BANKING","2012-09-09","356.65","356.65","356.65","356.65","-0.47 %","0.00","-"
"BANKING","2012-09-10","355.98","355.98","355.98","355.98","-0.19 %","0.00","-"
"BANKING","2012-09-11","362.40","362.40","362.40","362.40","1.80 %","0.00","-"
"BANKING","2012-09-12","362.73","362.73","362.73","362.73","0.09 %","0.00","-"
"BANKING","2012-09-13","367.05","367.05","367.05","367.05","1.17 %","0.00","-"
"BANKING","2012-09-16","370.15","370.15","370.15","370.15","0.84 %","0.00","-"
"BANKING","2012-09-17","370.77","370.77","370.77","370.77","0.17 %","0.00","-"
"BANKING","2012-09-18","373.90","373.90","373.90","373.90","0.84 %","0.00","-"
"BANKING","2012-09-19","370.10","370.10","370.10","370.10","-1.02 %","0.00","-"
"BANKING","2012-09-20","366.42","366.42","366.42","366.42","-0.99 %","0.00","-"
"BANKING","2012-09-23","360.45","360.45","360.45","360.45","-1.63 %","0.00","-"
"BANKING","2012-09-24","357.65","357.65","357.65","357.65","-0.79 %","0.00","-"
"BANKING","2012-09-25","356.76","356.76","356.76","356.76","-0.24 %","0.00","-"
"BANKING","2012-09-26","355.29","355.29","355.29","355.29","-0.41 %","0.00","-"
"BANKING","2012-09-30","354.15","354.15","354.15","354.15","-0.47 %","0.00","-"
"BANKING","2012-10-01","354.12","354.12","354.12","354.12","-0.01 %","0.00","-"
"BANKING","2012-10-02","353.55","353.55","353.55","353.55","-0.15 %","0.00","-"
"BANKING","2012-10-03","352.05","352.05","352.05","352.05","-0.42 %","0.00","-"
"BANKING","2012-10-04","351.19","351.19","351.19","351.19","-0.24 %","0.00","-"
"BANKING","2012-10-07","355.41","355.41","355.41","355.41","1.21 %","0.00","-"
"BANKING","2012-10-08","358.02","358.02","358.02","358.02","0.73 %","0.00","-"
"BANKING","2012-10-09","357.09","357.09","357.09","357.09","-0.26 %","0.00","-"
"BANKING","2012-10-10","356.32","356.32","356.32","356.32","-0.23 %","0.00","-"
"BANKING","2012-10-11","355.41","355.41","355.41","355.41","-0.25 %","0.00","-"
"BANKING","2012-10-14","358.04","358.04","358.04","358.04","0.74 %","0.00","-"
"BANKING","2012-10-15","360.80","360.80","360.80","360.80","0.67 %","0.00","-"
"BANKING","2012-10-17","366.39","366.39","366.39","366.39","1.54 %","0.00","-"
"BANKING","2012-10-18","367.62","367.62","367.62","367.62","0.33 %","0.00","-"
"BANKING","2012-10-30","382.43","382.43","382.43","382.43","4.03 %","0.00","-"
"BANKING","2012-10-31","390.97","390.97","390.97","390.97","2.23 %","0.00","-"
"BANKING","2012-11-01","388.03","388.03","388.03","388.03","-0.75 %","0.00","-"
"BANKING","2012-11-04","393.57","393.57","393.57","393.57","1.43 %","0.00","-"
"BANKING","2012-11-05","401.49","401.49","401.49","401.49","2.01 %","0.00","-"
"BANKING","2012-11-06","408.20","408.20","408.20","408.20","1.67 %","0.00","-"
"BANKING","2012-11-07","427.17","427.17","427.17","427.17","4.65 %","0.00","-"
"BANKING","2012-11-08","439.79","439.79","439.79","439.79","2.95 %","0.00","-"
"BANKING","2012-11-11","427.75","427.75","427.75","427.75","-2.73 %","0.00","-"
"BANKING","2012-11-12","438.33","438.33","438.33","438.33","2.47 %","0.00","-"
"BANKING","2012-11-18","455.52","455.52","455.52","455.52","3.92 %","0.00","-"
"BANKING","2012-11-20","469.04","469.04","469.04","469.04","2.96 %","0.00","-"
"BANKING","2012-11-21","465.37","465.37","465.37","465.37","-0.78 %","0.00","-"
"BANKING","2012-11-22","462.87","462.87","462.87","462.87","-0.60 %","0.00","-"
"BANKING","2012-11-25","462.69","462.69","462.69","462.69","-0.05 %","0.00","-"
"BANKING","2012-11-26","460.59","460.59","460.59","460.59","-0.45 %","0.00","-"
"BANKING","2012-11-27","458.95","458.95","458.95","458.95","-0.36 %","0.00","-"
"BANKING","2012-11-28","460.07","460.07","460.07","460.07","0.24 %","0.00","-"
"BANKING","2012-11-29","454.55","454.55","454.55","454.55","-1.20 %","0.00","-"
"BANKING","2012-12-02","447.11","447.11","447.11","447.11","-1.63 %","0.00","-"
"BANKING","2012-12-03","445.05","445.05","445.05","445.05","-0.46 %","0.00","-"
"BANKING","2012-12-04","455.60","455.60","455.60","455.60","2.37 %","0.00","-"
"BANKING","2012-12-05","471.20","471.20","471.20","471.20","3.42 %","0.00","-"
"BANKING","2012-12-06","467.85","467.85","467.85","467.85","-0.71 %","0.00","-"
"BANKING","2012-12-09","456.66","456.66","456.66","456.66","-2.39 %","0.00","-"
"BANKING","2012-12-10","457.32","457.32","457.32","457.32","0.34 %","0.00","-"
"BANKING","2012-12-11","458.06","458.06","458.06","458.06","0.16 %","0.00","-"
"BANKING","2012-12-12","463.46","463.46","463.46","463.46","1.18 %","0.00","-"
"BANKING","2012-12-13","467.72","467.72","467.72","467.72","0.92 %","0.00","-"
"BANKING","2012-12-16","484.60","484.60","484.60","484.60","3.60 %","0.00","-"
"BANKING","2012-12-17","493.54","493.54","493.54","493.54","1.84 %","0.00","-"
"BANKING","2012-12-18","486.80","486.80","486.80","486.80","-1.37 %","0.00","-"
"BANKING","2012-12-19","493.32","493.32","493.32","493.32","1.34 %","0.00","-"
"BANKING","2012-12-20","499.12","499.12","499.12","499.12","1.18 %","0.00","-"
"BANKING","2012-12-23","503.73","503.73","503.73","503.73","0.92 %","0.00","-"
"BANKING","2012-12-24","513.05","513.05","513.05","513.05","1.85 %","0.00","-"
"BANKING","2012-12-26","528.93","528.93","528.93","528.93","3.10 %","0.00","-"
"BANKING","2012-12-27","536.85","536.85","536.85","536.85","1.50 %","0.00","-"
"BANKING","2012-12-31","526.48","526.48","526.48","526.48","-1.93 %","0.00","-"
"BANKING","2013-01-01","520.88","520.88","520.88","520.88","-1.06 %","0.00","-"
"BANKING","2013-01-02","522.45","522.45","522.45","522.45","0.30 %","0.00","-"
"BANKING","2013-01-03","525.91","525.91","525.91","525.91","0.66 %","0.00","-"
"BANKING","2013-01-06","522.71","522.71","522.71","522.71","-0.61 %","0.00","-"
"BANKING","2013-01-07","517.67","517.67","517.67","517.67","-0.96 %","0.00","-"
"BANKING","2013-01-08","516.33","516.33","516.33","516.33","-0.26 %","0.00","-"
"BANKING","2013-01-09","512.32","512.32","512.32","512.32","-0.78 %","0.00","-"
"BANKING","2013-01-10","514.69","514.69","514.69","514.69","0.46 %","0.00","-"
"BANKING","2013-01-13","514.73","514.73","514.73","514.73","0.01 %","0.00","-"
"BANKING","2013-01-15","518.30","518.30","518.30","518.30","0.69 %","0.00","-"
"BANKING","2013-01-16","514.48","514.48","514.48","514.48","-0.74 %","0.00","-"
"BANKING","2013-01-17","503.45","503.45","503.45","503.45","-2.14 %","0.00","-"
"BANKING","2013-01-20","485.12","485.12","485.12","485.12","-3.64 %","0.00","-"
"BANKING","2013-01-21","498.45","498.45","498.45","498.45","2.75 %","0.00","-"
"BANKING","2013-01-22","504.56","504.56","504.56","504.56","1.23 %","0.00","-"
"BANKING","2013-01-23","497.64","497.64","497.64","497.64","-1.37 %","0.00","-"
"BANKING","2013-01-24","494.97","494.97","494.97","494.97","-0.54 %","0.00","-"
"BANKING","2013-01-27","496.05","496.05","496.05","496.05","0.22 %","0.00","-"
"BANKING","2013-01-28","494.34","494.34","494.34","494.34","-0.35 %","0.00","-"
"BANKING","2013-01-30","492.50","492.50","492.50","492.50","-0.50 %","0.00","-"
"BANKING","2013-01-31","491.48","491.48","491.48","491.48","-0.21 %","0.00","-"
"BANKING","2013-02-03","498.74","498.74","498.74","498.74","1.48 %","0.00","-"
"BANKING","2013-02-04","500.29","500.29","500.29","500.29","0.17 %","0.00","-"
"BANKING","2013-02-05","497.93","497.93","497.93","497.93","-0.47 %","0.00","-"
"BANKING","2013-02-06","495.28","495.28","495.28","495.28","-0.53 %","0.00","-"
"BANKING","2013-02-07","495.57","495.57","495.57","495.57","0.06 %","0.00","-"
"BANKING","2013-02-10","499.87","499.87","499.87","499.87","0.72 %","0.00","-"
"BANKING","2013-02-12","521.75","521.75","521.75","521.75","4.38 %","0.00","-"
"BANKING","2013-02-13","514.88","514.88","514.88","514.88","-1.58 %","0.00","-"
"BANKING","2013-02-14","520.61","520.61","520.61","520.61","1.11 %","0.00","-"
"BANKING","2013-02-17","557.19","557.19","557.19","557.19","7.03 %","0.00","-"
"BANKING","2013-02-19","545.29","545.29","545.29","545.29","-2.14 %","0.00","-"
"BANKING","2013-02-20","532.92","532.92","532.92","532.92","-2.27 %","0.00","-"
"BANKING","2013-02-21","540.65","540.65","540.65","540.65","1.45 %","0.00","-"
"BANKING","2013-02-24","534.56","534.56","534.56","534.56","-1.13 %","0.00","-"
"BANKING","2013-02-25","542.38","542.38","542.38","542.38","1.46 %","0.00","-"
"BANKING","2013-02-26","542.55","542.55","542.55","542.55","0.03 %","0.00","-"
"BANKING","2013-02-27","535.65","535.65","535.65","535.65","-1.27 %","0.00","-"
"BANKING","2013-02-28","539.77","539.77","539.77","539.77","0.77 %","0.00","-"
"BANKING","2013-03-03","538.31","538.31","538.31","538.31","-0.27 %","0.00","-"
"BANKING","2013-03-04","539.81","539.81","539.81","539.81","0.28 %","0.00","-"
"BANKING","2013-03-05","535.45","535.45","535.45","535.45","-0.81 %","0.00","-"
"BANKING","2013-03-06","539.50","539.50","539.50","539.50","0.75 %","0.00","-"
"BANKING","2013-03-07","536.74","536.74","536.74","536.74","-0.51 %","0.00","-"
"BANKING","2013-03-11","537.43","537.43","537.43","537.43","0.13 %","0.00","-"
"BANKING","2013-03-13","545.25","545.25","545.25","545.25","1.46 %","0.00","-"
"BANKING","2013-03-14","548.29","548.29","548.29","548.29","0.27 %","0.00","-"
"BANKING","2013-03-17","538.90","538.90","538.90","538.90","-1.71 %","0.00","-"
"BANKING","2013-03-18","532.83","532.83","532.83","532.83","-1.13 %","0.00","-"
"BANKING","2013-03-19","536.57","536.57","536.57","536.57","0.70 %","0.00","-"
"BANKING","2013-03-20","530.07","530.07","530.07","530.07","-1.21 %","0.00","-"
"BANKING","2013-03-21","528.02","528.02","528.02","528.02","-0.38 %","0.00","-"
"BANKING","2013-03-24","518.82","518.82","518.82","518.82","-1.74 %","0.00","-"
"BANKING","2013-03-25","523.15","523.15","523.15","523.15","0.83 %","0.00","-"
"BANKING","2013-03-27","521.01","521.01","521.01","521.01","-0.40 %","0.00","-"
"BANKING","2013-03-28","521.10","521.10","521.10","521.10","0.02 %","0.00","-"
"BANKING","2013-03-31","508.68","508.68","508.68","508.68","-2.38 %","0.00","-"
"BANKING","2013-04-01","513.22","513.22","513.22","513.22","0.89 %","0.00","-"
"BANKING","2013-04-02","520.56","520.56","520.56","520.56","1.43 %","0.00","-"
"BANKING","2013-04-03","519.64","519.64","519.64","519.64","-0.18 %","0.00","-"
"BANKING","2013-04-04","513.93","513.93","513.93","513.93","-1.10 %","0.00","-"
"BANKING","2013-04-07","514.84","514.84","514.84","514.84","0.18 %","0.00","-"
"BANKING","2013-04-08","515.60","515.60","515.60","515.60","0.10 %","0.00","-"
"BANKING","2013-04-09","521.93","521.93","521.93","521.93","1.23 %","0.00","-"
"BANKING","2013-04-11","525.09","525.09","525.09","525.09","0.61 %","0.00","-"
"BANKING","2013-04-15","523.94","523.94","523.94","523.94","-0.22 %","0.00","-"
"BANKING","2013-04-16","522.12","522.12","522.12","522.12","-0.35 %","0.00","-"
"BANKING","2013-04-17","518.52","518.52","518.52","518.52","-0.69 %","0.00","-"
"BANKING","2013-04-18","516.67","516.67","516.67","516.67","-0.36 %","0.00","-"
"BANKING","2013-04-21","507.95","507.95","507.95","507.95","-1.69 %","0.00","-"
"BANKING","2013-04-22","500.64","500.64","500.64","500.64","-1.44 %","0.00","-"
"BANKING","2013-04-23","508.95","508.95","508.95","508.95","1.66 %","0.00","-"
"BANKING","2013-04-25","503.77","503.77","503.77","503.77","-1.02 %","0.00","-"
"BANKING","2013-04-28","499.77","499.77","499.77","499.77","-0.79 %","0.00","-"
"BANKING","2013-04-29","500.39","500.39","500.39","500.39","0.12 %","0.00","-"
"BANKING","2013-04-30","498.84","498.84","498.84","498.84","-0.30 %","0.00","-"
"BANKING","2013-05-02","489.48","489.48","489.48","489.48","-1.88 %","0.00","-"
"BANKING","2013-05-05","482.49","482.49","482.49","482.49","-1.43 %","0.00","-"
"BANKING","2013-05-06","473.86","473.86","473.86","473.86","-1.79 %","0.00","-"
"BANKING","2013-05-07","486.40","486.40","486.40","486.40","2.65 %","0.00","-"
"BANKING","2013-05-08","482.39","482.39","482.39","482.39","-0.82 %","0.00","-"
"BANKING","2013-05-09","481.49","481.49","481.49","481.49","-0.19 %","0.00","-"
"BANKING","2013-05-12","479.14","479.14","479.14","479.14","-0.48 %","0.00","-"
"BANKING","2013-05-13","484.49","484.49","484.49","484.49","1.12 %","0.00","-"
"BANKING","2013-05-14","485.49","485.49","485.49","485.49","0.21 %","0.00","-"
"BANKING","2013-05-15","491.10","491.10","491.10","491.10","1.15 %","0.00","-"
"BANKING","2013-05-16","496.38","496.38","496.38","496.38","1.08 %","0.00","-"
"BANKING","2013-05-19","493.39","493.39","493.39","493.39","-0.61 %","0.00","-"
"BANKING","2013-05-20","493.09","493.09","493.09","493.09","-0.05 %","0.00","-"
"BANKING","2013-05-21","495.36","495.36","495.36","495.36","0.45 %","0.00","-"
"BANKING","2013-05-22","494.88","494.88","494.88","494.88","-0.10 %","0.00","-"
"BANKING","2013-05-23","492.79","492.79","492.79","492.79","-0.42 %","0.00","-"
"BANKING","2013-05-26","495.55","495.55","495.55","495.55","0.56 %","0.00","-"
"BANKING","2013-05-27","501.16","501.16","501.16","501.16","1.13 %","0.00","-"
"BANKING","2013-05-28","496.61","496.61","496.61","496.61","-0.90 %","0.00","-"
"BANKING","2013-05-30","495.14","495.14","495.14","495.14","-0.29 %","0.00","-"
"BANKING","2013-05-31","495.14","495.14","495.14","495.14","-0.29 %","0.00","-"
"BANKING","2013-06-02","490.39","490.39","490.39","490.39","-0.96 %","0.00","-"
"BANKING","2013-06-03","493.40","493.40","493.40","493.40","0.58 %","0.00","-"
"BANKING","2013-06-04","492.59","492.59","492.59","492.59","-0.16 %","0.00","-"
"BANKING","2013-06-05","492.50","492.50","492.50","492.50","-0.02 %","0.00","-"
"BANKING","2013-06-06","492.91","492.91","492.91","492.91","0.08 %","0.00","-"
"BANKING","2013-06-09","491.88","491.88","491.88","491.88","-0.21 %","0.00","-"
"BANKING","2013-06-10","490.57","490.57","490.57","490.57","-0.27 %","0.00","-"
"BANKING","2013-06-11","490.43","490.43","490.43","490.43","-0.03 %","0.00","-"
"BANKING","2013-06-12","489.67","489.67","489.67","489.67","-0.15 %","0.00","-"
"BANKING","2013-06-13","488.10","488.10","488.10","488.10","-0.32 %","0.00","-"
"BANKING","2013-06-16","489.53","489.53","489.53","489.53","0.28 %","0.00","-"
"BANKING","2013-06-17","487.13","487.13","487.13","487.13","-0.49 %","0.00","-"
"BANKING","2013-06-18","484.51","484.51","484.51","484.51","-0.54 %","0.00","-"
"BANKING","2013-06-19","483.14","483.14","483.14","483.14","-0.28 %","0.00","-"
"BANKING","2013-06-20","481.13","481.13","481.13","481.13","-0.42 %","0.00","-"
"BANKING","2013-06-23","479.82","479.82","479.82","479.82","-0.15 %","0.00","-"
"BANKING","2013-06-24","482.78","482.78","482.78","482.78","0.62 %","0.00","-"
"BANKING","2013-06-25","489.38","489.38","489.38","489.38","1.37 %","0.00","-"
"BANKING","2013-06-26","495.10","495.10","495.10","495.10","1.22 %","0.00","-"
"BANKING","2013-06-27","490.47","490.47","490.47","490.47","-0.93 %","0.00","-"
"BANKING","2013-06-30","486.75","486.75","486.75","486.75","-0.76 %","0.00","-"
"BANKING","2013-07-01","487.46","487.46","487.46","487.46","0.14 %","0.00","-"
"BANKING","2013-07-02","487.60","487.60","487.60","487.60","0.04 %","0.00","-"
"BANKING","2013-07-03","486.82","486.82","486.82","486.82","-0.15 %","0.00","-"
"BANKING","2013-07-04","486.22","486.22","486.22","486.22","-0.12 %","0.00","-"
"BANKING","2013-07-07","486.94","486.94","486.94","486.94","0.15 %","0.00","-"
"BANKING","2013-07-08","490.82","490.82","490.82","490.82","0.80 %","0.00","-"
"BANKING","2013-07-09","496.90","496.90","496.90","496.90","1.24 %","0.00","-"
"BANKING","2013-07-10","502.96","502.96","502.96","502.96","1.22 %","0.00","-"
"BANKING","2013-07-11","500.17","500.17","500.17","500.17","-0.55 %","0.00","-"
"BANKING","2013-07-14","501.64","501.64","501.64","501.64","0.29 %","0.00","-"
"BANKING","2013-07-15","505.48","505.48","505.48","505.48","0.77 %","0.00","-"
"BANKING","2013-07-16","505.01","505.01","505.01","505.01","-0.09 %","0.00","-"
"BANKING","2013-07-17","508.03","508.03","508.03","508.03","0.60 %","0.00","-"
"BANKING","2013-07-18","518.94","518.94","518.94","518.94","2.15 %","0.00","-"
"BANKING","2013-07-21","537.49","537.49","537.49","537.49","3.57 %","0.00","-"
"BANKING","2013-07-22","533.66","533.66","533.66","533.66","-0.71 %","0.00","-"
"BANKING","2013-07-23","533.93","533.93","533.93","533.93","0.05 %","0.00","-"
"BANKING","2013-07-24","529.25","529.25","529.25","529.25","-0.87 %","0.00","-"
"BANKING","2013-07-25","527.54","527.54","527.54","527.54","-0.32 %","0.00","-"
"BANKING","2013-07-28","530.36","530.36","530.36","530.36","0.54 %","0.00","-"
"BANKING","2013-07-29","533.03","533.03","533.03","533.03","0.50 %","0.00","-"
"BANKING","2013-07-30","539.56","539.56","539.56","539.56","1.22 %","0.00","-"
"BANKING","2013-07-31","542.14","542.14","542.14","542.14","0.48 %","0.00","-"
"BANKING","2013-08-01","542.84","542.84","542.84","542.84","0.13 %","0.00","-"
"BANKING","2013-08-04","543.22","543.22","543.22","543.22","0.06 %","0.00","-"
"BANKING","2013-08-05","538.25","538.25","538.25","538.25","-0.91 %","0.00","-"
"BANKING","2013-08-06","539.81","539.81","539.81","539.81","0.29 %","0.00","-"
"BANKING","2013-08-07","537.48","537.48","537.48","537.48","-0.43 %","0.00","-"
"BANKING","2013-08-08","537.02","537.02","537.02","537.02","-0.08 %","0.00","-"
"BANKING","2013-08-11","531.20","531.20","531.20","531.20","-1.08 %","0.00","-"
"BANKING","2013-08-12","528.45","528.45","528.45","528.45","-0.52 %","0.00","-"
"BANKING","2013-08-13","527.09","527.09","527.09","527.09","-0.26 %","0.00","-"
"BANKING","2013-08-14","525.29","525.29","525.29","525.29","-0.34 %","0.00","-"
"BANKING","2013-08-15","523.78","523.78","523.78","523.78","-0.29 %","0.00","-"
"BANKING","2013-08-18","527.05","527.05","527.05","527.05","0.62 %","0.00","-"
"BANKING","2013-08-19","532.35","532.35","532.35","532.35","1.01 %","0.00","-"
"BANKING","2013-08-20","535.98","535.98","535.98","535.98","0.68 %","0.00","-"
"BANKING","2013-08-25","535.22","535.22","535.22","535.22","-0.14 %","0.00","-"
"BANKING","2013-08-26","532.44","532.44","532.44","532.44","-0.52 %","0.00","-"
"BANKING","2013-08-27","536.72","536.72","536.72","536.72","0.80 %","0.00","-"
"BANKING","2013-08-29","534.95","534.95","534.95","534.95","-0.32 %","0.00","-"
"BANKING","2013-09-01","531.35","531.35","531.35","531.35","-0.67 %","0.00","-"
"BANKING","2013-09-02","531.01","531.01","531.01","531.01","-0.06 %","0.00","-"
"BANKING","2013-09-03","527.81","527.81","527.81","527.81","-0.60 %","0.00","-"
"BANKING","2013-09-04","524.97","524.97","524.97","524.97","-0.53 %","0.00","-"
"BANKING","2013-09-05","527.66","527.66","527.66","527.66","0.51 %","0.00","-"
"BANKING","2013-09-08","535.79","535.79","535.79","535.79","1.54 %","0.00","-"
"BANKING","2013-09-09","535.21","535.21","535.21","535.21","-0.10 %","0.00","-"
"BANKING","2013-09-10","527.59","527.59","527.59","527.59","-1.42 %","0.00","-"
"BANKING","2013-09-11","528.46","528.46","528.46","528.46","0.16 %","0.00","-"
"BANKING","2013-09-12","529.72","529.72","529.72","529.72","0.24 %","0.00","-"
"BANKING","2013-09-15","530.20","530.20","530.20","530.20","0.09 %","0.00","-"
"BANKING","2013-09-16","529.25","529.25","529.25","529.25","-0.18 %","0.00","-"
"BANKING","2013-09-17","528.35","528.35","528.35","528.35","-0.17 %","0.00","-"
"BANKING","2013-09-19","526.29","526.29","526.29","526.29","-0.39 %","0.00","-"
"BANKING","2013-09-22","516.59","516.59","516.59","516.59","-1.84 %","0.00","-"
"BANKING","2013-09-23","513.47","513.47","513.47","513.47","-0.60 %","0.00","-"
"BANKING","2013-09-24","519.50","519.50","519.50","519.50","1.17 %","0.00","-"
"BANKING","2013-09-25","518.87","518.87","518.87","518.87","-0.12 %","0.00","-"
"BANKING","2013-09-26","516.41","516.41","516.41","516.41","-0.47 %","0.00","-"
"BANKING","2013-09-29","513.97","513.97","513.97","513.97","-0.47 %","0.00","-"
"BANKING","2013-09-30","512.41","512.41","512.41","512.41","-0.30 %","0.00","-"
"BANKING","2013-10-01","513.60","513.60","513.60","513.60","0.23 %","0.00","-"
"BANKING","2013-10-02","516.17","516.17","516.17","516.17","0.50 %","0.00","-"
"BANKING","2013-10-03","517.18","517.18","517.18","517.18","0.19 %","0.00","-"
"BANKING","2013-10-06","525.39","525.39","525.39","525.39","1.54 %","0.00","-"
"BANKING","2013-10-07","530.70","530.70","530.70","530.70","1.01 %","0.00","-"
"BANKING","2013-10-08","533.87","533.87","533.87","533.87","0.60 %","0.00","-"
"BANKING","2013-10-09","535.78","535.78","535.78","535.78","0.36 %","0.00","-"
"BANKING","2013-10-10","543.82","543.82","543.82","543.82","1.50 %","0.00","-"
"BANKING","2013-10-17","549.59","549.59","549.59","549.59","1.06 %","0.00","-"
"BANKING","2013-10-20","565.39","565.39","565.39","565.39","2.87 %","0.00","-"
"BANKING","2013-10-21","568.52","568.52","568.52","568.52","0.55 %","0.00","-"
"BANKING","2013-10-22","559.47","559.47","559.47","559.47","-1.59 %","0.00","-"
"BANKING","2013-10-23","556.04","556.04","556.04","556.04","-0.61 %","0.00","-"
"BANKING","2013-10-24","553.75","553.75","553.75","553.75","-0.41 %","0.00","-"
"BANKING","2013-10-27","553.16","553.16","553.16","553.16","-0.10 %","0.00","-"
"BANKING","2013-10-28","550.55","550.55","550.55","550.55","-0.47 %","0.00","-"
"BANKING","2013-10-29","551.15","551.15","551.15","551.15","0.11 %","0.00","-"
"BANKING","2013-10-30","556.09","556.09","556.09","556.09","0.89 %","0.00","-"
"BANKING","2013-10-31","555.34","555.34","555.34","555.34","-0.14 %","0.00","-"
"BANKING","2013-11-06","554.69","554.69","554.69","554.69","-0.12 %","0.00","-"
"BANKING","2013-11-07","554.26","554.26","554.26","554.26","-0.08 %","0.00","-"
"BANKING","2013-11-10","555.06","555.06","555.06","555.06","0.14 %","0.00","-"
"BANKING","2013-11-11","565.43","565.43","565.43","565.43","1.87 %","0.00","-"
"BANKING","2013-11-12","572.00","572.00","572.00","572.00","1.16 %","0.00","-"
"BANKING","2013-11-13","575.80","575.80","575.80","575.80","0.66 %","0.00","-"
"BANKING","2013-11-14","574.44","574.44","574.44","574.44","-0.23 %","0.00","-"
"BANKING","2013-11-21","613.00","613.00","613.00","613.00","6.69 %","0.00","-"
"BANKING","2013-11-24","638.82","638.82","638.82","638.82","4.21 %","0.00","-"
"BANKING","2013-11-25","625.88","625.88","625.88","625.88","-2.02 %","0.00","-"
"BANKING","2013-11-26","624.60","624.60","624.60","624.60","-0.20 %","0.00","-"
"BANKING","2013-11-27","619.31","619.31","619.31","619.31","-0.85 %","0.00","-"
"BANKING","2013-11-28","614.37","614.37","614.37","614.37","-0.80 %","0.00","-"
"BANKING","2013-12-01","622.20","622.20","622.20","622.20","1.28 %","0.00","-"
"BANKING","2013-12-02","632.63","632.63","632.63","632.63","1.68 %","0.00","-"
"BANKING","2013-12-03","647.52","647.52","647.52","647.52","2.35 %","0.00","-"
"BANKING","2013-12-04","675.93","675.93","675.93","675.93","4.39 %","0.00","-"
"BANKING","2013-12-05","682.46","682.46","682.46","682.46","0.96 %","0.00","-"
"BANKING","2013-12-08","679.13","679.13","679.13","679.13","-0.48 %","0.00","-"
"BANKING","2013-12-09","688.86","688.86","688.86","688.86","1.43 %","0.00","-"
"BANKING","2013-12-10","684.22","684.22","684.22","684.22","-0.67 %","0.00","-"
"BANKING","2013-12-11","703.22","703.22","703.22","703.22","2.77 %","0.00","-"
"BANKING","2013-12-12","705.44","705.44","705.44","705.44","0.31 %","0.00","-"
"BANKING","2013-12-15","734.54","734.54","734.54","734.54","4.12 %","0.00","-"
"BANKING","2013-12-16","785.79","785.79","785.79","785.79","6.98 %","0.00","-"
"BANKING","2013-12-18","832.93","832.93","832.93","832.93","6.00 %","0.00","-"
"BANKING","2013-12-19","826.93","826.93","826.93","826.93","-0.56 %","0.00","-"
"BANKING","2013-12-22","809.29","809.29","809.29","809.29","-2.13 %","0.00","-"
"BANKING","2013-12-23","771.03","771.03","771.03","771.03","-4.73 %","0.00","-"
"BANKING","2013-12-24","780.95","780.95","780.95","780.95","1.29 %","0.00","-"
"BANKING","2013-12-26","795.32","795.32","795.32","795.32","1.83 %","0.00","-"
"BANKING","2013-12-29","789.21","789.21","789.21","789.21","-0.77 %","0.00","-"
"BANKING","2013-12-31","776.99","776.99","776.99","776.99","-1.54 %","0.00","-"
"BANKING","2014-01-01","759.92","759.92","759.92","759.92","-2.19 %","0.00","-"
"BANKING","2014-01-02","769.31","769.31","769.31","769.31","1.23 %","0.00","-"
"BANKING","2014-01-05","764.30","764.30","764.30","764.30","-0.65 %","0.00","-"
"BANKING","2014-01-06","761.66","761.66","761.66","761.66","-0.34 %","0.00","-"
"BANKING","2014-01-07","766.57","766.57","766.57","766.57","0.64 %","0.00","-"
"BANKING","2014-01-08","776.39","776.39","776.39","776.39","1.28 %","0.00","-"
"BANKING","2014-01-09","776.20","776.20","776.20","776.20","-0.02 %","0.00","-"
"BANKING","2014-01-12","789.07","789.07","789.07","789.07","1.65 %","0.00","-"
"BANKING","2014-01-13","786.54","786.54","786.54","786.54","-0.32 %","0.00","-"
"BANKING","2014-01-14","788.12","788.12","788.12","788.12","0.20 %","0.00","-"
"BANKING","2014-01-16","793.52","793.52","793.52","793.52","0.68 %","0.00","-"
"BANKING","2014-01-19","795.81","795.81","795.81","795.81","0.28 %","0.00","-"
"BANKING","2014-01-20","785.93","785.93","785.93","785.93","-1.24 %","0.00","-"
"BANKING","2014-01-21","780.25","780.25","780.25","780.25","-0.72 %","0.00","-"
"BANKING","2014-01-22","774.27","774.27","774.27","774.27","-0.76 %","0.00","-"
"BANKING","2014-01-23","774.17","774.17","774.17","774.17","-0.01 %","0.00","-"
"BANKING","2014-01-26","769.16","769.16","769.16","769.16","-0.65 %","0.00","-"
"BANKING","2014-01-27","763.23","763.23","763.23","763.23","-0.77 %","0.00","-"
"BANKING","2014-01-28","764.61","764.61","764.61","764.61","0.18 %","0.00","-"
"BANKING","2014-01-29","762.44","762.44","762.44","762.44","-0.28 %","0.00","-"
"BANKING","2014-02-02","753.07","753.07","753.07","753.07","-1.23 %","0.00","-"
"BANKING","2014-02-03","743.12","743.12","743.12","743.12","-1.32 %","0.00","-"
"BANKING","2014-02-05","757.31","757.31","757.31","757.31","1.13 %","0.00","-"
"BANKING","2014-02-06","760.54","760.54","760.54","760.54","0.43 %","0.00","-"
"BANKING","2014-02-09","753.54","753.54","753.54","753.54","-0.92 %","0.00","-"
"BANKING","2014-02-10","774.48","774.48","774.48","774.48","2.77 %","0.00","-"
"BANKING","2014-02-11","766.89","766.89","766.89","766.89","-0.98 %","0.00","-"
"BANKING","2014-02-12","761.61","761.61","761.61","761.61","-0.68 %","0.00","-"
"BANKING","2014-02-13","763.35","763.35","763.35","763.35","0.23 %","0.00","-"
"BANKING","2014-02-16","757.62","757.62","757.62","757.62","-0.75 %","0.00","-"
"BANKING","2014-02-17","757.08","757.08","757.08","757.08","-0.07 %","0.00","-"
"BANKING","2014-02-18","763.22","763.22","763.22","763.22","0.81 %","0.00","-"
"BANKING","2014-02-20","765.85","765.85","765.85","765.85","0.34 %","0.00","-"
"BANKING","2014-02-23","774.58","774.58","774.58","774.58","1.14 %","0.00","-"
"BANKING","2014-02-24","775.04","775.04","775.04","775.04","0.06 %","0.00","-"
"BANKING","2014-02-25","778.44","778.44","778.44","778.44","0.44 %","0.00","-"
"BANKING","2014-02-26","768.63","768.63","768.63","768.63","-1.26 %","0.00","-"
"BANKING","2014-03-03","753.03","753.03","753.03","753.03","-2.03 %","0.00","-"
"BANKING","2014-03-04","741.96","741.96","741.96","741.96","-1.47 %","0.00","-"
"BANKING","2014-03-05","753.95","753.95","753.95","753.95","1.62 %","0.00","-"
"BANKING","2014-03-06","746.35","746.35","746.35","746.35","-1.01 %","0.00","-"
"BANKING","2014-03-09","734.36","734.36","734.36","734.36","-1.60 %","0.00","-"
"BANKING","2014-03-10","731.90","731.90","731.90","731.90","-0.33 %","0.00","-"
"BANKING","2014-03-11","725.15","725.15","725.15","725.15","-0.92 %","0.00","-"
"BANKING","2014-03-12","717.07","717.07","717.07","717.07","-1.11 %","0.00","-"
"BANKING","2014-03-13","719.32","719.32","719.32","719.32","0.31 %","0.00","-"
"BANKING","2014-03-17","702.92","702.92","702.92","702.92","-2.28 %","0.00","-"
"BANKING","2014-03-18","687.89","687.89","687.89","687.89","-2.13 %","0.00","-"
"BANKING","2014-03-19","700.43","700.43","700.43","700.43","1.82 %","0.00","-"
"BANKING","2014-03-20","712.07","712.07","712.07","712.07","1.66 %","0.00","-"
"BANKING","2014-03-23","711.78","711.78","711.78","711.78","-0.04 %","0.00","-"
"BANKING","2014-03-24","718.61","718.61","718.61","718.61","0.96 %","0.00","-"
"BANKING","2014-03-25","714.32","714.32","714.32","714.32","-0.60 %","0.00","-"
"BANKING","2014-03-26","714.02","714.02","714.02","714.02","-0.04 %","0.00","-"
"BANKING","2014-03-27","712.69","712.69","712.69","712.69","-0.19 %","0.00","-"
"BANKING","2014-03-31","715.28","715.28","715.28","715.28","0.36 %","0.00","-"
"BANKING","2014-04-01","723.84","723.84","723.84","723.84","1.19 %","0.00","-"
"BANKING","2014-04-02","725.12","725.12","725.12","725.12","0.17 %","0.00","-"
"BANKING","2014-04-03","724.80","724.80","724.80","724.80","-0.04 %","0.00","-"
"BANKING","2014-04-06","720.59","720.59","720.59","720.59","-0.58 %","0.00","-"
"BANKING","2014-04-07","718.23","718.23","718.23","718.23","-0.33 %","0.00","-"
"BANKING","2014-04-09","720.18","720.18","720.18","720.18","0.27 %","0.00","-"
"BANKING","2014-04-10","727.02","727.02","727.02","727.02","0.95 %","0.00","-"
"BANKING","2014-04-13","731.30","731.30","731.30","731.30","0.58 %","0.00","-"
"BANKING","2014-04-15","731.76","731.76","731.76","731.76","0.06 %","0.00","-"
"BANKING","2014-04-16","725.54","725.54","725.54","725.54","-0.85 %","0.00","-"
"BANKING","2014-04-17","721.68","721.68","721.68","721.68","-0.53 %","0.00","-"
"BANKING","2014-04-20","719.51","719.51","719.51","719.51","-0.30 %","0.00","-"
"BANKING","2014-04-21","718.57","718.57","718.57","718.57","-0.13 %","0.00","-"
"BANKING","2014-04-22","721.52","721.52","721.52","721.52","0.41 %","0.00","-"
"BANKING","2014-04-23","723.82","723.82","723.82","723.82","0.32 %","0.00","-"
"BANKING","2014-04-27","715.78","715.78","715.78","715.78","-1.11 %","0.00","-"
"BANKING","2014-04-28","710.57","710.57","710.57","710.57","-0.81 %","0.00","-"
"BANKING","2014-04-29","710.82","710.82","710.82","710.82","0.03 %","0.00","-"
"BANKING","2014-04-30","717.09","717.09","717.09","717.09","0.88 %","0.00","-"
"BANKING","2014-05-04","718.14","718.14","718.14","718.14","0.14 %","0.00","-"
"BANKING","2014-05-05","742.44","742.44","742.44","742.44","3.38 %","0.00","-"
"BANKING","2014-05-06","763.76","763.76","763.76","763.76","2.87 %","0.00","-"
"BANKING","2014-05-07","762.75","762.75","762.75","762.75","-0.13 %","0.00","-"
"BANKING","2014-05-08","752.91","752.91","752.91","752.91","-1.29 %","0.00","-"
"BANKING","2014-05-11","745.17","745.17","745.17","745.17","-1.03 %","0.00","-"
"BANKING","2014-05-12","747.80","747.80","747.80","747.80","0.35 %","0.00","-"
"BANKING","2014-05-13","748.41","748.41","748.41","748.41","0.08 %","0.00","-"
"BANKING","2014-05-15","746.18","746.18","746.18","746.18","-0.29 %","0.00","-"
"BANKING","2014-05-18","744.34","744.34","744.34","744.34","-0.25 %","0.00","-"
"BANKING","2014-05-19","739.95","739.95","739.95","739.95","-0.58 %","0.00","-"
"BANKING","2014-05-20","736.41","736.41","736.41","736.41","-0.47 %","0.00","-"
"BANKING","2014-05-21","738.67","738.67","738.67","738.67","0.31 %","0.00","-"
"BANKING","2014-05-22","737.97","737.97","737.97","737.97","0.09 %","0.00","-"
"BANKING","2014-05-25","746.60","746.60","746.60","746.60","1.17 %","0.00","-"
"BANKING","2014-05-26","746.77","746.77","746.77","746.77","0.02 %","0.00","-"
"BANKING","2014-05-27","741.29","741.29","741.29","741.29","-0.73 %","0.00","-"
"BANKING","2014-05-28","748.46","748.46","748.46","748.46","0.97 %","0.00","-"
"BANKING","2014-06-01","758.48","758.48","758.48","758.48","1.34 %","0.00","-"
"BANKING","2014-06-02","768.11","768.11","768.11","768.11","1.27 %","0.00","-"
"BANKING","2014-06-03","777.27","777.27","777.27","777.27","1.19 %","0.00","-"
"BANKING","2014-06-04","779.55","779.55","779.55","779.55","0.29 %","0.00","-"
"BANKING","2014-06-05","777.76","777.76","777.76","777.76","-0.23 %","0.00","-"
"BANKING","2014-06-08","782.26","782.26","782.26","782.26","0.66 %","0.00","-"
"BANKING","2014-06-09","787.07","787.07","787.07","787.07","0.61 %","0.00","-"
"BANKING","2014-06-10","798.54","798.54","798.54","798.54","1.49 %","0.00","-"
"BANKING","2014-06-11","807.15","807.15","807.15","807.15","1.07 %","0.00","-"
"BANKING","2014-06-12","814.03","814.03","814.03","814.03","0.85 %","0.00","-"
"BANKING","2014-06-15","851.59","851.59","851.59","851.59","4.22 %","0.00","-"
"BANKING","2014-06-16","876.88","876.88","876.88","876.88","2.97 %","0.00","-"
"BANKING","2014-06-17","869.91","869.91","869.91","869.91","-0.79 %","0.00","-"
"BANKING","2014-06-18","860.33","860.33","860.33","860.33","-1.10 %","0.00","-"
"BANKING","2014-06-19","853.55","853.55","853.55","853.55","-0.78 %","0.00","-"
"BANKING","2014-06-23","839.30","839.30","839.30","839.30","-1.67 %","0.00","-"
"BANKING","2014-06-24","845.22","845.22","845.22","845.22","0.71 %","0.00","-"
"BANKING","2014-06-25","855.47","855.47","855.47","855.47","1.19 %","0.00","-"
"BANKING","2014-06-26","857.30","857.30","857.30","857.30","0.21 %","0.00","-"
"BANKING","2014-06-29","866.74","866.74","866.74","866.74","1.10 %","0.00","-"
"BANKING","2014-06-30","864.17","864.17","864.17","864.17","-0.30 %","0.00","-"
"BANKING","2014-07-01","867.56","867.56","867.56","867.56","0.08 %","0.00","-"
"BANKING","2014-07-02","874.22","874.22","874.22","874.22","0.76 %","0.00","-"
"BANKING","2014-07-03","874.17","874.17","874.17","874.17","0.00 %","0.00","-"
"BANKING","2014-07-06","876.31","876.31","876.31","876.31","0.24 %","0.00","-"
"BANKING","2014-07-07","886.86","886.86","886.86","886.86","1.20 %","0.00","-"
"BANKING","2014-07-08","911.90","911.90","911.90","911.90","2.82 %","0.00","-"
"BANKING","2014-07-09","923.63","923.63","923.63","923.63","1.29 %","0.00","-"
"BANKING","2014-07-10","932.57","932.57","932.57","932.57","0.97 %","0.00","-"
"BANKING","2014-07-13","950.98","950.98","950.98","950.98","1.59 %","0.00","-"
"BANKING","2014-07-14","942.99","942.99","942.99","942.99","-0.84 %","0.00","-"
"BANKING","2014-07-15","936.77","936.77","936.77","936.77","-0.68 %","0.00","-"
"BANKING","2014-07-16","945.00","945.00","945.00","945.00","0.88 %","0.00","-"
"BANKING","2014-07-17","957.63","957.63","957.63","957.63","1.34 %","0.00","-"
"BANKING","2014-07-20","993.50","993.50","993.50","993.50","3.75 %","0.00","-"
"BANKING","2014-07-21","998.04","998.04","998.04","998.04","0.46 %","0.00","-"
"BANKING","2014-07-22","991.57","991.57","991.57","991.57","-0.65 %","0.00","-"
"BANKING","2014-07-23","997.63","997.63","997.63","997.63","0.61 %","0.00","-"
"BANKING","2014-07-24","995.67","995.67","995.67","995.67","-0.20 %","0.00","-"
"BANKING","2014-07-27","990.91","990.91","990.91","990.91","-0.48 %","0.00","-"
"BANKING","2014-07-28","988.11","988.11","988.11","988.11","-0.28 %","0.00","-"
"BANKING","2014-07-30","972.68","972.68","972.68","972.68","-1.56 %","0.00","-"
"BANKING","2014-07-31","973.49","973.49","973.49","973.49","0.08 %","0.00","-"
"BANKING","2014-08-03","964.46","964.46","964.46","964.46","-0.93 %","0.00","-"
"BANKING","2014-08-04","944.64","944.64","944.64","944.64","-2.06 %","0.00","-"
"BANKING","2014-08-05","951.35","951.35","951.35","951.35","0.71 %","0.00","-"
"BANKING","2014-08-06","945.30","945.30","945.30","945.30","-0.64 %","0.00","-"
"BANKING","2014-08-07","946.08","946.08","946.08","946.08","0.08 %","0.00","-"
"BANKING","2014-08-12","922.99","922.99","922.99","922.99","-2.44 %","0.00","-"
"BANKING","2014-08-13","928.13","928.13","928.13","928.13","0.61 %","0.00","-"
"BANKING","2014-08-14","937.73","937.73","937.73","937.73","0.97 %","0.00","-"
"BANKING","2014-08-18","915.32","915.32","915.32","915.32","-2.38 %","0.00","-"
"BANKING","2014-08-19","915.39","915.39","915.39","915.39","0.01 %","0.00","-"
"BANKING","2014-08-20","896.79","896.79","896.79","896.79","-2.03 %","0.00","-"
"BANKING","2014-08-21","915.60","915.60","915.60","915.60","2.09 %","0.00","-"
"BANKING","2014-08-24","906.53","906.53","906.53","906.53","-0.99 %","0.00","-"
"BANKING","2014-08-25","869.83","869.83","869.83","869.83","-4.05 %","0.00","-"
"BANKING","2014-08-26","830.43","830.43","830.43","830.43","-4.52 %","0.00","-"
"BANKING","2014-08-27","867.09","867.09","867.09","867.09","4.41 %","0.00","-"
"BANKING","2014-08-28","872.05","872.05","872.05","872.05","0.57 %","0.00","-"
"BANKING","2014-08-31","855.90","855.90","855.90","855.90","-1.85 %","0.00","-"
"BANKING","2014-09-01","853.10","853.10","853.10","853.10","0.33 %","0.00","-"
"BANKING","2014-09-03","841.63","841.63","841.63","841.63","-1.34 %","0.00","-"
"BANKING","2014-09-04","828.42","828.42","828.42","828.42","-1.57 %","0.00","-"
"BANKING","2014-09-07","775.83","775.83","775.83","775.83","-6.35 %","0.00","-"
"BANKING","2014-09-09","826.88","826.88","826.88","826.88","6.58 %","0.00","-"
"BANKING","2014-09-10","814.63","814.63","814.63","814.63","-1.48 %","0.00","-"
"BANKING","2014-09-11","816.80","816.80","816.80","816.80","0.27 %","0.00","-"
"BANKING","2014-09-14","808.46","808.46","808.46","808.46","-1.02 %","0.00","-"
"BANKING","2014-09-15","813.24","813.24","813.24","813.24","0.59 %","0.00","-"
"BANKING","2014-09-16","828.31","828.31","828.31","828.31","1.85 %","0.00","-"
"BANKING","2014-09-17","820.34","820.34","820.34","820.34","-0.96 %","0.00","-"
"BANKING","2014-09-18","805.76","805.76","805.76","805.76","-1.78 %","0.00","-"
"BANKING","2014-09-21","784.37","784.37","784.37","784.37","-2.65 %","0.00","-"
"BANKING","2014-09-22","780.86","780.86","780.86","780.86","-0.45 %","0.00","-"
"BANKING","2014-09-23","799.57","799.57","799.57","799.57","2.40 %","0.00","-"
"BANKING","2014-09-24","820.06","820.06","820.06","820.06","2.56 %","0.00","-"
"BANKING","2014-09-28","817.37","817.37","817.37","817.37","-0.33 %","0.00","-"
"BANKING","2014-09-29","831.59","831.59","831.59","831.59","1.74 %","0.00","-"
"BANKING","2014-09-30","831.11","831.11","831.11","831.11","-0.06 %","0.00","-"
"BANKING","2014-10-08","821.23","821.23","821.23","821.23","-1.19 %","0.00","-"
"BANKING","2014-10-09","816.41","816.41","816.41","816.41","-0.59 %","0.00","-"
"BANKING","2014-10-12","803.27","803.27","803.27","803.27","-1.61 %","0.00","-"
"BANKING","2014-10-13","800.31","800.31","800.31","800.31","-0.37 %","0.00","-"
"BANKING","2014-10-14","806.15","806.15","806.15","806.15","0.73 %","0.00","-"
"BANKING","2014-10-15","817.84","817.84","817.84","817.84","1.45 %","0.00","-"
"BANKING","2014-10-16","815.41","815.41","815.41","815.41","-0.30 %","0.00","-"
"BANKING","2014-10-19","816.40","816.40","816.40","816.40","0.12 %","0.00","-"
"BANKING","2014-10-20","816.36","816.36","816.36","816.36","0.00 %","0.00","-"
"BANKING","2014-10-21","815.00","815.00","815.00","815.00","-0.17 %","0.00","-"
"BANKING","2014-10-22","817.47","817.47","817.47","817.47","0.30 %","0.00","-"
"BANKING","2014-10-26","817.12","817.12","817.12","817.12","0.04 %","0.00","-"
"BANKING","2014-10-27","819.06","819.06","819.06","819.06","0.24 %","0.00","-"
"BANKING","2014-10-28","818.73","818.73","818.73","818.73","-0.04 %","0.00","-"
"BANKING","2014-10-30","814.35","814.35","814.35","814.35","-0.53 %","0.00","-"
"BANKING","2014-11-02","806.57","806.57","806.57","806.57","-0.96 %","0.00","-"
"BANKING","2014-11-03","789.20","789.20","789.20","789.20","-2.15 %","0.00","-"
"BANKING","2014-11-04","784.46","784.46","784.46","784.46","-0.60 %","0.00","-"
"BANKING","2014-11-05","790.73","790.73","790.73","790.73","0.80 %","0.00","-"
"BANKING","2014-11-06","790.19","790.19","790.19","790.19","-0.07 %","0.00","-"
"BANKING","2014-11-09","779.22","779.22","779.22","779.22","-1.39 %","0.00","-"
"BANKING","2014-11-10","770.14","770.14","770.14","770.14","-1.17 %","0.00","-"
"BANKING","2014-11-11","776.78","776.78","776.78","776.78","0.86 %","0.00","-"
"BANKING","2014-11-12","770.01","770.01","770.01","770.01","-0.87 %","0.00","-"
"BANKING","2014-11-13","766.63","766.63","766.63","766.63","-0.44 %","0.00","-"
"BANKING","2014-11-16","749.15","749.15","749.15","749.15","-2.28 %","0.00","-"
"BANKING","2014-11-17","730.09","730.09","730.09","730.09","-2.54 %","0.00","-"
"BANKING","2014-11-18","727.74","727.74","727.74","727.74","-0.32 %","0.00","-"
"BANKING","2014-11-19","737.11","737.11","737.11","737.11","1.29 %","0.00","-"
"BANKING","2014-11-20","745.47","745.47","745.47","745.47","1.13 %","0.00","-"
"BANKING","2014-11-23","748.53","748.53","748.53","748.53","0.41 %","0.00","-"
"BANKING","2014-11-24","745.30","745.30","745.30","745.30","-0.43 %","0.00","-"
"BANKING","2014-11-25","746.50","746.50","746.50","746.50","0.16 %","0.00","-"
"BANKING","2014-11-30","740.42","740.42","740.42","740.42","-0.81 %","0.00","-"
"BANKING","2014-12-01","735.86","735.86","735.86","735.86","-0.62 %","0.00","-"
"BANKING","2014-12-02","729.00","729.00","729.00","729.00","-0.93 %","0.00","-"
"BANKING","2014-12-03","734.97","734.97","734.97","734.97","0.82 %","0.00","-"
"BANKING","2014-12-04","741.81","741.81","741.81","741.81","0.93 %","0.00","-"
"BANKING","2014-12-07","737.48","737.48","737.48","737.48","-0.58 %","0.00","-"
"BANKING","2014-12-08","737.27","737.27","737.27","737.27","-0.03 %","0.00","-"
"BANKING","2014-12-09","737.27","737.27","737.27","737.27","0.00 %","0.00","-"
"BANKING","2014-12-10","747.09","747.09","747.09","747.09","1.11 %","0.00","-"
"BANKING","2014-12-11","766.15","766.15","766.15","766.15","2.55 %","0.00","-"
"BANKING","2014-12-14","809.65","809.65","809.65","809.65","5.68 %","0.00","-"
"BANKING","2014-12-15","816.44","816.44","816.44","816.44","0.84 %","0.00","-"
"BANKING","2014-12-16","810.17","810.17","810.17","810.17","-0.77 %","0.00","-"
"BANKING","2014-12-17","798.39","798.39","798.39","798.39","-1.45 %","0.00","-"
"BANKING","2014-12-18","801.78","801.78","801.78","801.78","0.42 %","0.00","-"
"BANKING","2014-12-21","791.77","791.77","791.77","791.77","-1.25 %","0.00","-"
"BANKING","2014-12-22","777.82","777.82","777.82","777.82","-1.76 %","0.00","-"
"BANKING","2014-12-23","771.50","771.50","771.50","771.50","-0.81 %","0.00","-"
"BANKING","2014-12-24","785.72","785.72","785.72","785.72","1.02 %","0.00","-"
"BANKING","2014-12-28","802.68","802.68","802.68","802.68","2.16 %","0.00","-"
"BANKING","2014-12-29","804.57","804.57","804.57","804.57","0.24 %","0.00","-"
"BANKING","2014-12-31","796.15","796.15","796.15","796.15","-1.05 %","0.00","-"
"BANKING","2015-01-01","800.75","800.75","800.75","800.75","0.58 %","0.00","-"
"BANKING","2015-01-04","814.22","814.22","814.22","814.22","1.68 %","0.00","-"
"BANKING","2015-01-05","816.57","816.57","816.57","816.57","0.29 %","0.00","-"
"BANKING","2015-01-06","810.97","810.97","810.97","810.97","-0.69 %","0.00","-"
"BANKING","2015-01-07","814.45","814.45","814.45","814.45","0.43 %","0.00","-"
"BANKING","2015-01-08","819.83","819.83","819.83","819.83","0.66 %","0.00","-"
"BANKING","2015-01-11","814.16","814.16","814.16","814.16","-0.69 %","0.00","-"
"BANKING","2015-01-12","810.98","810.98","810.98","810.98","-0.39 %","0.00","-"
"BANKING","2015-01-13","815.98","815.98","815.98","815.98","0.62 %","0.00","-"
"BANKING","2015-01-14","816.74","816.74","816.74","816.74","0.09 %","0.00","-"
"BANKING","2015-01-18","822.38","822.38","822.38","822.38","0.69 %","0.00","-"
"BANKING","2015-01-19","859.27","859.27","859.27","859.27","4.49 %","0.00","-"
"BANKING","2015-01-20","845.07","845.07","845.07","845.07","-1.65 %","0.00","-"
"BANKING","2015-01-22","840.77","840.77","840.77","840.77","-0.51 %","0.00","-"
"BANKING","2015-01-25","854.05","854.05","854.05","854.05","1.58 %","0.00","-"
"BANKING","2015-01-26","856.57","856.57","856.57","856.57","0.30 %","0.00","-"
"BANKING","2015-01-27","865.69","865.69","865.69","865.69","1.06 %","0.00","-"
"BANKING","2015-01-28","880.97","880.97","880.97","880.97","1.77 %","0.00","-"
"BANKING","2015-01-29","879.71","879.71","879.71","879.71","-0.14 %","0.00","-"
"BANKING","2015-02-01","885.86","885.86","885.86","885.86","0.70 %","0.00","-"
"BANKING","2015-02-02","882.66","882.66","882.66","882.66","-0.36 %","0.00","-"
"BANKING","2015-02-03","876.72","876.72","876.72","876.72","-0.67 %","0.00","-"
"BANKING","2015-02-04","875.70","875.70","875.70","875.70","-0.12 %","0.00","-"
"BANKING","2015-02-05","869.69","869.69","869.69","869.69","-0.69 %","0.00","-"
"BANKING","2015-02-08","871.92","871.92","871.92","871.92","0.26 %","0.00","-"
"BANKING","2015-02-09","866.74","866.74","866.74","866.74","-0.59 %","0.00","-"
"BANKING","2015-02-10","864.79","864.79","864.79","864.79","-0.22 %","0.00","-"
"BANKING","2015-02-11","866.14","866.14","866.14","866.14","0.16 %","0.00","-"
"BANKING","2015-02-12","867.29","867.29","867.29","867.29","0.13 %","0.00","-"
"BANKING","2015-02-15","867.14","867.14","867.14","867.14","-0.02 %","0.00","-"
"BANKING","2015-02-16","862.19","862.19","862.19","862.19","-0.57 %","0.00","-"
"BANKING","2015-02-18","858.66","858.66","858.66","858.66","-0.41 %","0.00","-"
"BANKING","2015-02-22","846.45","846.45","846.45","846.45","-1.42 %","0.00","-"
"BANKING","2015-02-23","847.86","847.86","847.86","847.86","0.17 %","0.00","-"
"BANKING","2015-02-24","845.25","845.25","845.25","845.25","-0.31 %","0.00","-"
"BANKING","2015-02-25","845.04","845.04","845.04","845.04","-0.02 %","0.00","-"
"BANKING","2015-02-26","848.36","848.36","848.36","848.36","0.39 %","0.00","-"
"BANKING","2015-03-01","846.34","846.34","846.34","846.34","-0.24 %","0.00","-"
"BANKING","2015-03-02","856.34","856.34","856.34","856.34","1.18 %","0.00","-"
"BANKING","2015-03-03","852.92","852.92","852.92","852.92","-0.40 %","0.00","-"
"BANKING","2015-03-04","856.68","856.68","856.68","856.68","0.44 %","0.00","-"
"BANKING","2015-03-09","861.70","861.70","861.70","861.70","0.59 %","0.00","-"
"BANKING","2015-03-10","857.16","857.16","857.16","857.16","-0.53 %","0.00","-"
"BANKING","2015-03-11","857.52","857.52","857.52","857.52","0.04 %","0.00","-"
"BANKING","2015-03-12","852.61","852.61","852.61","852.61","-0.57 %","0.00","-"
"BANKING","2015-03-15","844.72","844.72","844.72","844.72","-0.93 %","0.00","-"
"BANKING","2015-03-16","833.53","833.53","833.53","833.53","-1.32 %","0.00","-"
"BANKING","2015-03-17","838.63","838.63","838.63","838.63","0.61 %","0.00","-"
"BANKING","2015-03-18","837.65","837.65","837.65","837.65","-0.12 %","0.00","-"
"BANKING","2015-03-19","842.87","842.87","842.87","842.87","0.62 %","0.00","-"
"BANKING","2015-03-22","837.55","837.55","837.55","837.55","-0.63 %","0.00","-"
"BANKING","2015-03-23","829.19","829.19","829.19","829.19","-1.00 %","0.00","-"
"BANKING","2015-03-24","828.15","828.15","828.15","828.15","-0.13 %","0.00","-"
"BANKING","2015-03-25","823.31","823.31","823.31","823.31","-0.58 %","0.00","-"
"BANKING","2015-03-26","822.01","822.01","822.01","822.01","-0.16 %","0.00","-"
"BANKING","2015-03-29","819.40","819.40","819.40","819.40","-0.32 %","0.00","-"
"BANKING","2015-03-30","818.30","818.30","818.30","818.30","-0.13 %","0.00","-"
"BANKING","2015-03-31","824.27","824.27","824.27","824.27","0.73 %","0.00","-"
"BANKING","2015-04-01","818.91","818.91","818.91","818.91","-0.65 %","0.00","-"
"BANKING","2015-04-02","823.54","823.54","823.54","823.54","0.57 %","0.00","-"
"BANKING","2015-04-05","816.98","816.98","816.98","816.98","-0.80 %","0.00","-"
"BANKING","2015-04-06","819.48","819.48","819.48","819.48","0.31 %","0.00","-"
"BANKING","2015-04-07","819.08","819.08","819.08","819.08","-0.05 %","0.00","-"
"BANKING","2015-04-08","826.44","826.44","826.44","826.44","0.90 %","0.00","-"
"BANKING","2015-04-09","832.27","832.27","832.27","832.27","0.71 %","0.00","-"
"BANKING","2015-04-12","838.20","838.20","838.20","838.20","0.71 %","0.00","-"
"BANKING","2015-04-13","832.14","832.14","832.14","832.14","-0.72 %","0.00","-"
"BANKING","2015-04-15","827.60","827.60","827.60","827.60","-0.55 %","0.00","-"
"BANKING","2015-04-16","836.59","836.59","836.59","836.59","1.09 %","0.00","-"
"BANKING","2015-04-19","833.87","833.87","833.87","833.87","-0.33 %","0.00","-"
"BANKING","2015-04-20","834.00","834.00","834.00","834.00","0.02 %","0.00","-"
"BANKING","2015-04-21","836.16","836.16","836.16","836.16","0.26 %","0.00","-"
"BANKING","2015-04-22","831.17","831.17","831.17","831.17","-0.60 %","0.00","-"
"BANKING","2015-04-23","827.90","827.90","827.90","827.90","-0.39 %","0.00","-"
"BANKING","2015-05-24","808.88","808.88","808.88","808.88","-2.30 %","0.00","-"
"BANKING","2015-05-25","771.05","771.05","771.05","771.05","-4.68 %","0.00","-"
"BANKING","2015-05-26","735.83","735.83","735.83","735.83","-4.57 %","0.00","-"
"BANKING","2015-05-27","707.42","707.42","707.42","707.42","-3.86 %","0.00","-"
"BANKING","2015-05-28","713.86","713.86","713.86","713.86","0.91 %","0.00","-"
"BANKING","2015-05-31","753.55","753.55","753.55","753.55","5.56 %","0.00","-"
"BANKING","2015-06-01","774.52","774.52","774.52","774.52","2.78 %","0.00","-"
"BANKING","2015-06-02","783.69","783.69","783.69","783.69","1.18 %","0.00","-"
"BANKING","2015-06-03","811.17","811.17","811.17","811.17","3.51 %","0.00","-"
"BANKING","2015-06-04","809.68","809.68","809.68","809.68","-0.18 %","0.00","-"
"BANKING","2015-06-07","818.12","818.12","818.12","818.12","1.04 %","0.00","-"
"BANKING","2015-06-08","833.97","833.97","833.97","833.97","1.94 %","0.00","-"
"BANKING","2015-06-09","859.66","859.66","859.66","859.66","3.08 %","0.00","-"
"BANKING","2015-06-10","848.95","848.95","848.95","848.95","-1.25 %","0.00","-"
"BANKING","2015-06-11","827.29","827.29","827.29","827.29","-2.55 %","0.00","-"
"BANKING","2015-06-14","817.54","817.54","817.54","817.54","-1.18 %","0.00","-"
"BANKING","2015-06-15","822.82","822.82","822.82","822.82","0.65 %","0.00","-"
"BANKING","2015-06-16","818.50","818.50","818.50","818.50","-0.51 %","0.00","-"
"BANKING","2015-06-17","814.82","814.82","814.82","814.82","-0.46 %","0.00","-"
"BANKING","2015-06-18","812.48","812.48","812.48","812.48","-0.29 %","0.00","-"
"BANKING","2015-06-21","806.85","806.85","806.85","806.85","-0.69 %","0.00","-"
"BANKING","2015-06-22","811.14","811.14","811.14","811.14","0.53 %","0.00","-"
"BANKING","2015-06-23","812.68","812.68","812.68","812.68","0.19 %","0.00","-"
"BANKING","2015-06-24","814.68","814.68","814.68","814.68","0.25 %","0.00","-"
"BANKING","2015-06-25","816.40","816.40","816.40","816.40","0.21 %","0.00","-"
"BANKING","2015-06-28","820.31","820.31","820.31","820.31","0.48 %","0.00","-"
"BANKING","2015-06-29","823.52","823.52","823.52","823.52","0.39 %","0.00","-"
"BANKING","2015-06-30","827.17","827.17","827.17","827.17","0.44 %","0.00","-"
"BANKING","2015-07-01","822.28","822.28","822.28","822.28","-0.59 %","0.00","-"
"BANKING","2015-07-02","815.52","815.52","815.52","815.52","-0.82 %","0.00","-"
"BANKING","2015-07-05","814.97","814.97","814.97","814.97","-0.07 %","0.00","-"
"BANKING","2015-07-06","815.16","815.16","815.16","815.16","0.02 %","0.00","-"
"BANKING","2015-07-07","819.37","819.37","819.37","819.37","0.52 %","0.00","-"
"BANKING","2015-07-08","819.95","819.95","819.95","819.95","0.07 %","0.00","-"
"BANKING","2015-07-09","820.96","820.96","820.96","820.96","0.12 %","0.00","-"
"BANKING","2015-07-12","820.59","820.59","820.59","820.59","-0.05 %","0.00","-"
"BANKING","2015-07-13","819.84","819.84","819.84","819.84","-0.09 %","0.00","-"
"BANKING","2015-07-14","820.47","820.47","820.47","820.47","0.08 %","0.00","-"
"BANKING","2015-07-15","822.43","822.43","822.43","822.43","0.24 %","0.00","-"
"BANKING","2015-07-16","831.35","831.35","831.35","831.35","1.08 %","0.00","-"
"BANKING","2015-07-22","835.74","835.74","835.74","835.74","0.53 %","0.00","-"
"BANKING","2015-07-23","893.02","893.02","893.02","893.02","6.85 %","0.00","-"
"BANKING","2015-07-26","953.69","953.69","953.69","953.69","6.79 %","0.00","-"
"BANKING","2015-07-27","960.18","960.18","960.18","960.18","0.68 %","0.00","-"
"BANKING","2015-07-28","936.58","936.58","936.58","936.58","-2.46 %","0.00","-"
"BANKING","2015-07-29","931.18","931.18","931.18","931.18","-0.58 %","0.00","-"
"BANKING","2015-07-30","937.39","937.39","937.39","937.39","0.67 %","0.00","-"
"BANKING","2015-08-02","950.85","950.85","950.85","950.85","1.44 %","0.00","-"
"BANKING","2015-08-03","945.41","945.41","945.41","945.41","-0.57 %","0.00","-"
"BANKING","2015-08-04","942.16","942.16","942.16","942.16","-0.34 %","0.00","-"
"BANKING","2015-08-05","944.44","944.44","944.44","944.44","0.24 %","0.00","-"
"BANKING","2015-08-06","948.91","948.91","948.91","948.91","0.41 %","0.00","-"
"BANKING","2015-08-09","984.38","984.38","984.38","984.38","3.74 %","0.00","-"
"BANKING","2015-08-10","1011.64","1011.64","1011.64","1011.64","2.77 %","0.00","-"
"BANKING","2015-08-11","1007.33","1007.33","1007.33","1007.33","-0.43 %","0.00","-"
"BANKING","2015-08-12","1005.57","1005.57","1005.57","1005.57","-0.17 %","0.00","-"
"BANKING","2015-08-13","1021.34","1021.34","1021.34","1021.34","1.57 %","0.00","-"
"BANKING","2015-08-16","1054.13","1054.13","1054.13","1054.13","3.21 %","0.00","-"
"BANKING","2015-08-17","1118.80","1118.80","1118.80","1118.80","6.13 %","0.00","-"
"BANKING","2015-08-18","1125.95","1125.95","1125.95","1125.95","0.64 %","0.00","-"
"BANKING","2015-08-19","1159.29","1159.29","1159.29","1159.29","2.96 %","0.00","-"
"BANKING","2015-08-20","1167.73","1167.73","1167.73","1167.73","0.73 %","0.00","-"
"BANKING","2015-08-23","1148.00","1148.00","1148.00","1148.00","-1.69 %","0.00","-"
"BANKING","2015-08-24","1133.63","1133.63","1133.63","1133.63","-1.25 %","0.00","-"
"BANKING","2015-08-25","1128.05","1128.05","1128.05","1128.05","-0.49 %","0.00","-"
"BANKING","2015-08-26","1122.53","1122.53","1122.53","1122.53","-0.49 %","0.00","-"
"BANKING","2015-08-27","1122.13","1122.13","1122.13","1122.13","-0.04 %","0.00","-"
"BANKING","2015-08-31","1129.37","1129.37","1129.37","1129.37","0.65 %","0.00","-"
"BANKING","2015-09-01","1115.56","1115.56","1115.56","1115.56","-1.17 %","0.00","-"
"BANKING","2015-09-02","1095.39","1095.39","1095.39","1095.39","-1.81 %","0.00","-"
"BANKING","2015-09-03","1089.92","1089.92","1089.92","1089.92","-0.50 %","0.00","-"
"BANKING","2015-09-06","1085.94","1085.94","1085.94","1085.94","-0.37 %","0.00","-"
"BANKING","2015-09-07","1096.52","1096.52","1096.52","1096.52","0.97 %","0.00","-"
"BANKING","2015-09-08","1101.28","1101.28","1101.28","1101.28","1.43 %","0.00","-"
"BANKING","2015-09-09","1102.09","1102.09","1102.09","1102.09","0.07 %","0.00","-"
"BANKING","2015-09-10","1099.38","1099.38","1099.38","1099.38","-0.25 %","0.00","-"
"BANKING","2015-09-13","1115.69","1115.69","1115.69","1115.69","1.48 %","0.00","-"
"BANKING","2015-09-14","1129.58","1129.58","1129.58","1129.58","1.24 %","0.00","-"
"BANKING","2015-09-15","1146.30","1146.30","1146.30","1146.30","1.48 %","0.00","-"
"BANKING","2015-09-16","1140.77","1140.77","1140.77","1140.77","-0.48 %","0.00","-"
"BANKING","2015-09-17","1131.63","1131.63","1131.63","1131.63","-0.80 %","0.00","-"
"BANKING","2015-09-22","1083.61","1083.61","1083.61","1083.61","-4.24 %","0.00","-"
"BANKING","2015-09-23","1119.54","1119.54","1119.54","1119.54","3.32 %","0.00","-"
"BANKING","2015-09-24","1115.35","1115.35","1115.35","1115.35","-0.37 %","0.00","-"
"BANKING","2015-09-28","1096.42","1096.42","1096.42","1096.42","-1.70 %","0.00","-"
"BANKING","2015-09-29","1108.91","1108.91","1108.91","1108.91","1.14 %","0.00","-"
"BANKING","2015-09-30","1124.04","1124.04","1124.04","1124.04","1.36 %","0.00","-"
"BANKING","2015-10-01","1122.09","1122.09","1122.09","1122.09","-0.17 %","0.00","-"
"BANKING","2015-10-04","1127.51","1127.51","1127.51","1127.51","0.48 %","0.00","-"
"BANKING","2015-10-05","1109.73","1109.73","1109.73","1109.73","-1.58 %","0.00","-"
"BANKING","2015-10-06","1093.31","1093.31","1093.31","1093.31","-1.48 %","0.00","-"
"BANKING","2015-10-07","1085.38","1085.38","1085.38","1085.38","-0.73 %","0.00","-"
"BANKING","2015-10-08","1100.43","1100.43","1100.43","1100.43","1.39 %","0.00","-"
"BANKING","2015-10-11","1080.50","1080.50","1080.50","1080.50","-1.81 %","0.00","-"
"BANKING","2015-10-14","1070.87","1070.87","1070.87","1070.87","-0.89 %","0.00","-"
"BANKING","2015-10-15","1068.39","1068.39","1068.39","1068.39","-0.23 %","0.00","-"
"BANKING","2015-10-18","1048.94","1048.94","1048.94","1048.94","-1.82 %","0.00","-"
"BANKING","2015-10-19","1057.26","1057.26","1057.26","1057.26","0.79 %","0.00","-"
"BANKING","2015-10-25","1049.45","1049.45","1049.45","1049.45","-0.73 %","0.00","-"
"BANKING","2015-10-27","1013.53","1013.53","1013.53","1013.53","-3.42 %","0.00","-"
"BANKING","2015-10-28","1010.50","1010.50","1010.50","1010.50","-0.30 %","0.00","-"
"BANKING","2015-10-29","1016.35","1016.35","1016.35","1016.35","0.58 %","0.00","-"
"BANKING","2015-11-01","1012.27","1012.27","1012.27","1012.27","-0.40 %","0.00","-"
"BANKING","2015-11-02","1013.92","1013.92","1013.92","1013.92","0.16 %","0.00","-"
"BANKING","2015-11-03","1006.32","1006.32","1006.32","1006.32","-0.75 %","0.00","-"
"BANKING","2015-11-04","1012.66","1012.66","1012.66","1012.66","0.63 %","0.00","-"
"BANKING","2015-11-05","1009.60","1009.60","1009.60","1009.60","-0.30 %","0.00","-"
"BANKING","2015-11-08","1004.60","1004.60","1004.60","1004.60","-0.50 %","0.00","-"
"BANKING","2015-11-09","1031.93","1031.93","1031.93","1031.93","2.72 %","0.00","-"
"BANKING","2015-11-10","1033.91","1033.91","1033.91","1033.91","0.19 %","0.00","-"
"BANKING","2015-11-15","1024.96","1024.96","1024.96","1024.96","-0.87 %","0.00","-"
"BANKING","2015-11-16","1015.50","1015.50","1015.50","1015.50","-0.92 %","0.00","-"
"BANKING","2015-11-18","1023.52","1023.52","1023.52","1023.52","0.79 %","0.00","-"
"BANKING","2015-11-19","1016.63","1016.63","1016.63","1016.63","-0.67 %","0.00","-"
"BANKING","2015-11-22","990.02","990.02","990.02","990.02","-2.62 %","0.00","-"
"BANKING","2015-11-23","987.65","987.65","987.65","987.65","-0.24 %","0.00","-"
"BANKING","2015-11-24","984.74","984.74","984.74","984.74","-0.29 %","0.00","-"
"BANKING","2015-11-25","971.25","971.25","971.25","971.25","-1.37 %","0.00","-"
"BANKING","2015-11-26","957.19","957.19","957.19","957.19","-1.45 %","0.00","-"
"BANKING","2015-11-29","931.50","931.50","931.50","931.50","-2.68 %","0.00","-"
"BANKING","2015-11-30","945.78","945.78","945.78","945.78","1.53 %","0.00","-"
"BANKING","2015-12-01","982.82","982.82","982.82","982.82","3.92 %","0.00","-"
"BANKING","2015-12-02","976.75","976.75","976.75","976.75","-0.62 %","0.00","-"
"BANKING","2015-12-03","990.57","990.57","990.57","990.57","1.41 %","0.00","-"
"BANKING","2015-12-06","1026.70","1026.70","1026.70","1026.70","3.65 %","0.00","-"
"BANKING","2015-12-07","1032.10","1032.10","1032.10","1032.10","0.53 %","0.00","-"
"BANKING","2015-12-08","1026.92","1026.92","1026.92","1026.92","-0.50 %","0.00","-"
"BANKING","2015-12-09","1039.28","1039.28","1039.28","1039.28","1.20 %","0.00","-"
"BANKING","2015-12-10","1034.16","1034.16","1034.16","1034.16","-0.49 %","0.00","-"
"BANKING","2015-12-13","1028.57","1028.57","1028.57","1028.57","-0.54 %","0.00","-"
"BANKING","2015-12-14","1024.56","1024.56","1024.56","1024.56","-0.39 %","0.00","-"
"BANKING","2015-12-15","1014.01","1014.01","1014.01","1014.01","-1.03 %","0.00","-"
"BANKING","2015-12-16","1008.66","1008.66","1008.66","1008.66","-0.53 %","0.00","-"
"BANKING","2015-12-17","1003.68","1003.68","1003.68","1003.68","-0.49 %","0.00","-"
"BANKING","2015-12-20","1016.56","1016.56","1016.56","1016.56","1.28 %","0.00","-"
"BANKING","2015-12-21","1035.48","1035.48","1035.48","1035.48","1.84 %","0.00","-"
"BANKING","2015-12-22","1044.58","1044.58","1044.58","1044.58","0.88 %","0.00","-"
"BANKING","2015-12-23","1034.60","1034.60","1034.60","1034.60","-0.96 %","0.00","-"
"BANKING","2015-12-24","1036.56","1036.56","1036.56","1036.56","0.19 %","0.00","-"
"BANKING","2015-12-27","1034.12","1034.12","1034.12","1034.12","-0.24 %","0.00","-"
"BANKING","2015-12-28","1029.53","1029.53","1029.53","1029.53","-0.44 %","0.00","-"
"BANKING","2015-12-29","1041.47","1041.47","1041.47","1041.47","1.16 %","0.00","-"
"BANKING","2015-12-31","1046.05","1046.05","1046.05","1046.05","0.44 %","0.00","-"
"BANKING","2016-01-03","1044.38","1044.38","1044.38","1044.38","-0.16 %","0.00","-"
"BANKING","2016-01-04","1036.56","1036.56","1036.56","1036.56","-0.75 %","0.00","-"
"BANKING","2016-01-05","1033.10","1033.10","1033.10","1033.10","-0.33 %","0.00","-"
"BANKING","2016-01-06","1039.48","1039.48","1039.48","1039.48","0.62 %","0.00","-"
"BANKING","2016-01-07","1052.81","1052.81","1052.81","1052.81","1.28 %","0.00","-"
"BANKING","2016-01-10","1053.90","1053.90","1053.90","1053.90","0.10 %","0.00","-"
"BANKING","2016-01-11","1056.49","1056.49","1056.49","1056.49","0.25 %","0.00","-"
"BANKING","2016-01-12","1063.01","1063.01","1063.01","1063.01","0.62 %","0.00","-"
"BANKING","2016-01-13","1061.46","1061.46","1061.46","1061.46","-0.15 %","0.00","-"
"BANKING","2016-01-14","1080.42","1080.42","1080.42","1080.42","1.79 %","0.00","-"
"BANKING","2016-01-17","1104.98","1104.98","1104.98","1104.98","2.27 %","0.00","-"
"BANKING","2016-01-18","1109.68","1109.68","1109.68","1109.68","0.43 %","0.00","-"
"BANKING","2016-01-19","1108.69","1108.69","1108.69","1108.69","-0.09 %","0.00","-"
"BANKING","2016-01-20","1109.24","1109.24","1109.24","1109.24","0.05 %","0.00","-"
"BANKING","2016-01-21","1105.95","1105.95","1105.95","1105.95","-0.30 %","0.00","-"
"BANKING","2016-01-24","1111.33","1111.33","1111.33","1111.33","0.49 %","0.00","-"
"BANKING","2016-01-25","1117.99","1117.99","1117.99","1117.99","0.60 %","0.00","-"
"BANKING","2016-01-26","1112.74","1112.74","1112.74","1112.74","-0.47 %","0.00","-"
"BANKING","2016-01-27","1110.51","1110.51","1110.51","1110.51","-0.20 %","0.00","-"
"BANKING","2016-01-28","1106.57","1106.57","1106.57","1106.57","-0.35 %","0.00","-"
"BANKING","2016-01-31","1111.44","1111.44","1111.44","1111.44","0.44 %","0.00","-"
"BANKING","2016-02-01","1132.23","1132.23","1132.23","1132.23","1.87 %","0.00","-"
"BANKING","2016-02-02","1133.67","1133.67","1133.67","1133.67","0.13 %","0.00","-"
"BANKING","2016-02-03","1132.69","1132.69","1132.69","1132.69","-0.09 %","0.00","-"
"BANKING","2016-02-04","1137.52","1137.52","1137.52","1137.52","0.43 %","0.00","-"
"BANKING","2016-02-07","1150.30","1150.30","1150.30","1150.30","1.12 %","0.00","-"
"BANKING","2016-02-08","1149.89","1149.89","1149.89","1149.89","-0.04 %","0.00","-"
"BANKING","2016-02-11","1150.55","1150.55","1150.55","1150.55","0.06 %","0.00","-"
"BANKING","2016-02-14","1149.50","1149.50","1149.50","1149.50","-0.09 %","0.00","-"
"BANKING","2016-02-15","1149.75","1149.75","1149.75","1149.75","0.02 %","0.00","-"
"BANKING","2016-02-16","1147.13","1147.13","1147.13","1147.13","-0.23 %","0.00","-"
"BANKING","2016-02-17","1156.10","1156.10","1156.10","1156.10","0.78 %","0.00","-"
"BANKING","2016-02-18","1168.62","1168.62","1168.62","1168.62","1.08 %","0.00","-"
"BANKING","2016-02-21","1176.67","1176.67","1176.67","1176.67","0.69 %","0.00","-"
"BANKING","2016-02-22","1197.44","1197.44","1197.44","1197.44","1.77 %","0.00","-"
"BANKING","2016-02-23","1191.45","1191.45","1191.45","1191.45","-0.50 %","0.00","-"
"BANKING","2016-02-24","1180.54","1180.54","1180.54","1180.54","-0.92 %","0.00","-"
"BANKING","2016-02-25","1182.26","1182.26","1182.26","1182.26","0.15 %","0.00","-"
"BANKING","2016-02-28","1184.78","1184.78","1184.78","1184.78","0.21 %","0.00","-"
"BANKING","2016-02-29","1181.18","1181.18","1181.18","1181.18","-0.30 %","0.00","-"
"BANKING","2016-03-01","1184.22","1184.22","1184.22","1184.22","0.26 %","0.00","-"
"BANKING","2016-03-02","1185.71","1185.71","1185.71","1185.71","0.13 %","0.00","-"
"BANKING","2016-03-03","1185.51","1185.51","1185.51","1185.51","-0.02 %","0.00","-"
"BANKING","2016-03-06","1187.97","1187.97","1187.97","1187.97","0.21 %","0.00","-"
"BANKING","2016-03-10","1189.86","1189.86","1189.86","1189.86","0.16 %","0.00","-"
"BANKING","2016-03-13","1189.79","1189.79","1189.79","1189.79","-0.01 %","0.00","-"
"BANKING","2016-03-14","1183.41","1183.41","1183.41","1183.41","0.54 %","0.00","-"
"BANKING","2016-03-15","1183.91","1183.91","1183.91","1183.91","0.04 %","0.00","-"
"BANKING","2016-03-16","1189.00","1189.00","1189.00","1189.00","0.43 %","0.00","-"
"BANKING","2016-03-17","1195.23","1195.23","1195.23","1195.23","0.52 %","0.00","-"
"BANKING","2016-03-20","1203.30","1203.30","1203.30","1203.30","0.68 %","0.00","-"
"BANKING","2016-03-21","1203.58","1203.58","1203.58","1203.58","0.02 %","0.00","-"
"BANKING","2016-03-23","1215.82","1215.82","1215.82","1215.82","1.02 %","0.00","-"
"BANKING","2016-03-24","1233.87","1233.87","1233.87","1233.87","1.48 %","0.00","-"
"BANKING","2016-03-27","1270.41","1270.41","1270.41","1270.41","2.96 %","0.00","-"
"BANKING","2016-03-28","1268.37","1268.37","1268.37","1268.37","-0.16 %","0.00","-"
"BANKING","2016-03-29","1260.14","1260.14","1260.14","1260.14","-0.65 %","0.00","-"
"BANKING","2016-03-30","1252.14","1252.14","1252.14","1252.14","-0.63 %","0.00","-"
"BANKING","2016-03-31","1247.60","1247.60","1247.60","1247.60","-0.36 %","0.00","-"
"BANKING","2016-04-03","1246.97","1246.97","1246.97","1246.97","-0.05 %","0.00","-"
"BANKING","2016-04-04","1255.60","1255.60","1255.60","1255.60","0.69 %","0.00","-"
"BANKING","2016-04-05","1270.80","1270.80","1270.80","1270.80","1.21 %","0.00","-"
"BANKING","2016-04-06","1272.13","1272.13","1272.13","1272.13","0.10 %","0.00","-"
"BANKING","2016-04-10","1282.86","1282.86","1282.86","1282.86","0.84 %","0.00","-"
"BANKING","2016-04-11","1285.92","1285.92","1285.92","1285.92","0.24 %","0.00","-"
"BANKING","2016-04-12","1292.74","1292.74","1292.74","1292.74","0.53 %","0.00","-"
"BANKING","2016-04-14","1310.70","1310.70","1310.70","1310.70","1.39 %","0.00","-"
"BANKING","2016-04-17","1324.26","1324.26","1324.26","1324.26","1.03 %","0.00","-"
"BANKING","2016-04-18","1346.11","1346.11","1346.11","1346.11","1.65 %","0.00","-"
"BANKING","2016-04-19","1350.82","1350.82","1350.82","1350.82","0.35 %","0.00","-"
"BANKING","2016-04-20","1367.05","1367.05","1367.05","1367.05","1.20 %","0.00","-"
"BANKING","2016-04-21","1368.48","1368.48","1368.48","1368.48","0.10 %","0.00","-"
"BANKING","2016-04-24","1386.14","1386.14","1386.14","1386.14","1.29 %","0.00","-"
"BANKING","2016-04-25","1393.79","1393.79","1393.79","1393.79","0.55 %","0.00","-"
"BANKING","2016-04-26","1378.26","1378.26","1378.26","1378.26","-1.11 %","0.00","-"
"BANKING","2016-04-27","1383.45","1383.45","1383.45","1383.45","0.38 %","0.00","-"
"BANKING","2016-04-28","1385.77","1385.77","1385.77","1385.77","0.17 %","0.00","-"
"BANKING","2016-05-02","1399.26","1399.26","1399.26","1399.26","0.97 %","0.00","-"
"BANKING","2016-05-03","1398.40","1398.40","1398.40","1398.40","-0.06 %","0.00","-"
"BANKING","2016-05-04","1393.16","1393.16","1393.16","1393.16","-0.37 %","0.00","-"
"BANKING","2016-05-05","1387.33","1387.33","1387.33","1387.33","-0.42 %","0.00","-"
"BANKING","2016-05-08","1401.13","1401.13","1401.13","1401.13","0.99 %","0.00","-"
"BANKING","2016-05-09","1409.47","1409.47","1409.47","1409.47","0.60 %","0.00","-"
"BANKING","2016-05-10","1401.48","1401.48","1401.48","1401.48","-0.57 %","0.00","-"
"BANKING","2016-05-11","1393.24","1393.24","1393.24","1393.24","-0.59 %","0.00","-"
"BANKING","2016-05-12","1391.13","1391.13","1391.13","1391.13","-0.15 %","0.00","-"
"BANKING","2016-05-15","1383.76","1383.76","1383.76","1383.76","-0.53 %","0.00","-"
"BANKING","2016-05-16","1377.09","1377.09","1377.09","1377.09","-0.48 %","0.00","-"
"BANKING","2016-05-17","1393.60","1393.60","1393.60","1393.60","1.20 %","0.00","-"
"BANKING","2016-05-18","1408.87","1408.87","1408.87","1408.87","1.10 %","0.00","-"
"BANKING","2016-05-19","1410.21","1410.21","1410.21","1410.21","0.10 %","0.00","-"
"BANKING","2016-05-22","1411.30","1411.30","1411.30","1411.30","0.08 %","0.00","-"
"BANKING","2016-05-23","1421.81","1421.81","1421.81","1421.81","0.74 %","0.00","-"
"BANKING","2016-05-24","1447.33","1447.33","1447.33","1447.33","1.79 %","0.00","-"
"BANKING","2016-05-25","1421.24","1421.24","1421.24","1421.24","-1.80 %","0.00","-"
"BANKING","2016-05-26","1416.58","1416.58","1416.58","1416.58","-0.33 %","0.00","-"
"BANKING","2016-05-29","1407.86","1407.86","1407.86","1407.86","-0.62 %","372,299,008.00","-"
"BANKING","2016-05-30","1407.36","1407.36","1407.36","1407.36","-0.04 %","443,019,008.00","-"
"BANKING","2016-05-31","1405.15","1405.15","1405.15","1405.15","-0.16 %","456,096,992.00","-"
"BANKING","2016-06-01","1400.52","1400.52","1400.52","1400.52","-0.33 %","584,425,984.00","-"
"BANKING","2016-06-02","1396.80","1396.80","1396.80","1396.80","-0.27 %","547,961,024.00","-"
"BANKING","2016-06-05","1361.59","1361.59","1361.59","1361.59","-2.52 %","743,377,024.00","-"
"BANKING","2016-06-06","1361.59","1401.90","1361.69","1399.60","2.79 %","617,664,000.00","-"
"BANKING","2016-06-07","1399.60","1424.27","1399.60","1416.57","1.21 %","707,721,984.00","-"
"BANKING","2016-06-08","1416.57","1424.68","1413.63","1419.39","0.20 %","428,862,016.00","-"
"BANKING","2016-06-09","1418.35","1418.35","1418.35","1418.35","-0.07 %","525,051,008.00","-"
"BANKING","2016-06-12","1418.35","1470.43","1418.05","1465.82","3.35 %","910,172,032.00","-"
"BANKING","2016-06-13","1480.71","1480.71","1480.71","1480.71","1.02 %","741,044,992.00","-"
"BANKING","2016-06-14","1474.49","1474.49","1474.49","1474.49","-0.42 %","619,310,976.00","-"
"BANKING","2016-06-15","1468.12","1468.12","1468.12","1468.12","-0.43 %","358,676,000.00","-"
"BANKING","2016-06-16","1465.39","1465.39","1465.39","1465.39","-0.19 %","389,339,008.00","-"
"BANKING","2016-06-19","1465.39","1468.21","1450.43","1454.73","-0.73 %","300,055,008.00","-"
"BANKING","2016-06-20","1454.73","1461.50","1446.84","1450.73","-0.27 %","229,723,008.00","-"
"BANKING","2016-06-21","1462.04","1462.04","1462.04","1462.04","0.78 %","275,639,008.00","-"
"BANKING","2016-06-22","1462.04","1496.77","1461.65","1474.52","0.85 %","470,624,992.00","-"
"BANKING","2016-06-23","1497.69","1497.69","1497.69","1497.69","1.57 %","460,968,992.00","-"
"BANKING","2016-06-26","1497.69","1531.52","1496.50","1531.02","2.23 %","608,646,976.00","-"
"BANKING","2016-06-27","1531.02","1592.09","1545.57","1592.09","3.99 %","803,203,008.00","-"
"BANKING","2016-06-28","1576.54","1611.75","1575.78","1589.32","0.81 %","842,395,008.00","-"
"BANKING","2016-06-29","1589.32","1598.31","1578.23","1580.76","-0.54 %","548,766,016.00","-"
"BANKING","2016-06-30","1580.76","1581.51","1552.89","1567.03","-0.87 %","478,777,984.00","-"
"BANKING","2016-07-03","1567.03","1569.91","1546.78","1553.17","-0.88 %","418,807,008.00","-"
"BANKING","2016-07-04","1553.17","1556.56","1546.35","1549.21","-0.25 %","327,488,000.00","-"
"BANKING","2016-07-05","1549.21","1554.37","1540.60","1548.99","-0.01 %","372,443,008.00","-"
"BANKING","2016-07-06","1548.99","1560.82","1549.05","1554.04","0.33 %","391,256,000.00","-"
"BANKING","2016-07-10","1565.09","1565.09","1565.09","1565.09","0.71 %","449,252,000.00","-"
"BANKING","2016-07-11","1565.09","1576.20","1556.23","1557.67","-0.47 %","281,487,008.00","-"
"BANKING","2016-07-12","1557.67","1570.89","1509.62","1551.66","-0.39 %","466,897,984.00","-"
"BANKING","2016-07-13","1551.66","1552.37","1526.10","1547.64","-0.26 %","376,003,008.00","-"
"BANKING","2016-07-14","1547.64","1583.11","1547.75","1573.71","1.68 %","420,724,000.00","-"
"BANKING","2016-07-17","1573.71","1626.70","1573.71","1623.68","3.18 %","676,803,008.00","-"
"BANKING","2016-07-18","1623.68","1673.18","1624.54","1664.47","2.51 %","873,990,976.00","-"
"BANKING","2016-07-19","1664.47","1706.00","1664.84","1699.95","2.13 %","1,227,719,936.00","-"
"BANKING","2016-07-20","1699.95","1720.56","1683.15","1688.44","-0.68 %","1,249,670,016.00","-"
"BANKING","2016-07-21","1688.44","1701.43","1675.22","1694.24","0.34 %","767,057,024.00","-"
"BANKING","2016-07-25","1736.33","1736.33","1736.33","1736.33","2.48 %","1,204,819,968.00","-"
"BANKING","2016-07-26","1736.33","1779.72","1735.32","1763.57","1.57 %","0.00","-"
"BANKING","2016-07-27","1763.57","1790.49","1763.19","1779.08","0.88 %","1,149,040,000.00","-"
"BANKING","2016-07-28","1779.08","1785.16","1749.46","1776.33","-0.15 %","1,191,350,016.00","-"
"BANKING","2016-07-31","1776.33","1772.65","1752.59","1755.40","-1.18 %","850,408,000.00","-"
"BANKING","2016-08-01","1755.40","1760.56","1718.86","1738.96","-0.94 %","881,017,024.00","-"
"BANKING","2016-08-02","1738.96","1741.62","1715.91","1720.66","-1.05 %","864,971,008.00","-"
"BANKING","2016-08-03","1720.66","1727.91","1687.00","1707.18","-0.78 %","647,532,032.00","-"
"BANKING","2016-08-04","1667.25","1667.25","1667.25","1667.25","-2.34 %","834,054,016.00","-"
"BANKING","2016-08-07","1667.25","1706.80","1655.03","1659.99","-0.44 %","909,068,992.00","-"
"BANKING","2016-08-08","1659.99","1663.01","1567.61","1567.61","-5.57 %","535,872,992.00","-"
"BANKING","2016-08-09","1663.64","1663.64","1663.64","1663.64","6.13 %","232,520,000.00","-"
"BANKING","2016-08-10","1663.64","1701.61","1632.42","1678.57","0.90 %","1,060,440,000.00","-"
"BANKING","2016-08-11","1678.57","1691.83","1668.81","1674.02","-0.27 %","646,041,984.00","-"
"BANKING","2016-08-14","1674.02","1674.23","1632.07","1637.30","-2.19 %","543,790,976.00","-"
"BANKING","2016-08-15","1596.42","1596.42","1596.42","1596.42","-2.50 %","602,972,992.00","-"
"BANKING","2016-08-16","1596.42","1624.27","1577.39","1617.68","1.33 %","496,963,008.00","-"
"BANKING","2016-08-17","1617.68","1642.27","1615.78","1633.93","1.00 %","431,743,008.00","-"
"BANKING","2016-08-21","1623.52","1623.52","1623.52","1623.52","-0.64 %","311,339,008.00","-"
"BANKING","2016-08-22","1623.52","1628.97","1590.66","1590.66","-2.02 %","453,937,984.00","-"
"BANKING","2016-08-23","1590.66","1615.01","1584.37","1592.19","0.10 %","446,208,992.00","-"
"BANKING","2016-08-24","1592.19","1636.57","1592.68","1631.95","2.50 %","327,969,984.00","-"
"BANKING","2016-08-28","1631.95","1668.24","1631.70","1655.73","1.46 %","636,931,968.00","-"
"BANKING","2016-08-29","1655.73","1681.21","1655.29","1679.35","1.43 %","703,515,008.00","-"
"BANKING","2016-08-30","1703.65","1703.65","1703.65","1703.65","24.30 %","757,553,984.00","-"
"BANKING","2016-08-31","1703.65","1715.43","1696.78","1713.03","0.55 %","558,305,024.00","-"
"BANKING","2016-09-01","1713.03","1727.30","1712.69","1724.71","0.68 %","716,174,016.00","-"
"BANKING","2016-09-04","1724.71","1752.47","1723.21","1749.32","1.43 %","1,147,859,968.00","-"
"BANKING","2016-09-05","1749.32","1778.82","1748.75","1776.08","1.53 %","1,315,040,000.00","-"
"BANKING","2016-09-06","1776.08","1797.15","1747.90","1773.66","-0.14 %","1,142,819,968.00","-"
"BANKING","2016-09-07","1773.66","1780.40","1743.78","1752.98","-1.17 %","815,638,976.00","-"
"BANKING","2016-09-08","1752.98","1759.26","1740.85","1747.19","-0.33 %","586,337,024.00","-"
"BANKING","2016-09-11","1747.19","1750.94","1732.96","1735.79","-0.65 %","493,297,984.00","-"
"BANKING","2016-09-12","1735.79","1738.26","1726.53","1736.83","0.06 %","485,923,008.00","-"
"BANKING","2016-09-14","1731.42","1731.42","1731.42","1731.42","-0.31 %","619,764,992.00","-"
"BANKING","2016-09-18","1731.42","1734.59","1708.97","1712.88","-1.07 %","617,979,008.00","-"
"BANKING","2016-09-20","1712.88","1718.93","1688.37","1689.28","-1.38 %","738,809,024.00","-"
"BANKING","2016-09-21","1689.28","1691.51","1666.28","1680.89","-0.50 %","443,839,008.00","-"
"BANKING","2016-09-22","1680.89","1683.59","1660.11","1661.26","-1.17 %","410,152,000.00","-"
"BANKING","2016-09-25","1661.26","1663.03","1622.35","1632.77","-1.72 %","643,924,992.00","-"
"BANKING","2016-09-26","1664.53","1664.53","1664.53","1664.53","1.95 %","665,960,000.00","-"
"BANKING","2016-09-27","1662.57","1662.57","1662.57","1662.57","-0.12 %","431,383,008.00","-"
"BANKING","2016-09-28","1662.57","1667.38","1657.75","1659.86","-0.16 %","341,735,008.00","-"
"BANKING","2016-09-29","1659.86","1676.62","1654.49","1672.73","0.78 %","403,471,008.00","-"
"BANKING","2016-10-02","1672.73","1682.69","1673.06","1677.95","0.31 %","473,120,000.00","-"
"BANKING","2016-10-03","1677.95","1705.85","1678.81","1695.75","1.06 %","377,828,000.00","-"
"BANKING","2016-10-04","1695.75","1716.49","1695.37","1713.11","1.02 %","488,191,008.00","-"
"BANKING","2016-10-05","1726.57","1726.57","1726.57","1726.57","0.79 %","578,833,984.00","-"
"BANKING","2016-10-06","1726.57","1739.66","1725.81","1735.03","0.49 %","504,371,008.00","-"
"BANKING","2016-10-16","1735.03","1738.00","1713.30","1719.55","-0.89 %","361,801,984.00","-"
"BANKING","2016-10-17","1719.55","1721.75","1695.37","1705.16","-0.84 %","335,687,008.00","-"
"BANKING","2016-10-18","1702.25","1702.25","1702.25","1702.25","-0.17 %","293,971,008.00","-"
"BANKING","2016-10-19","1702.25","1704.09","1695.99","1700.41","-0.11 %","290,459,008.00","-"
"BANKING","2016-10-20","1700.41","1712.59","1700.08","1703.98","0.21 %","371,084,000.00","-"
"BANKING","2016-10-23","1703.98","1710.05","1683.93","1685.99","-1.06 %","473,819,008.00","-"
"BANKING","2016-10-24","1685.99","1688.80","1660.99","1667.73","-1.08 %","500,327,008.00","-"
"BANKING","2016-10-25","1667.73","1667.15","1645.74","1648.27","-1.17 %","418,641,984.00","-"
"BANKING","2016-10-26","1648.27","1655.05","1631.63","1648.07","-0.01 %","441,936,992.00","-"
"BANKING","2016-10-27","1648.07","1662.01","1646.13","1656.49","0.51 %","359,753,984.00","-"
"BANKING","2016-11-03","1656.49","1662.05","1646.30","1659.98","0.21 %","253,075,008.00","-"
"BANKING","2016-11-07","1659.98","1663.19","1641.18","1641.97","-1.08 %","310,168,000.00","-"
"BANKING","2016-11-08","1641.97","1642.30","1610.21","1614.91","-1.65 %","318,636,000.00","-"
"BANKING","2016-11-09","1614.91","1615.18","1572.32","1590.21","-1.53 %","308,934,016.00","-"
"BANKING","2016-11-10","1590.21","1606.65","1582.83","1592.43","0.14 %","350,112,000.00","-"
"BANKING","2016-11-13","1592.43","1603.07","1584.10","1595.13","0.17 %","489,152,992.00","-"
"BANKING","2016-11-14","1595.13","1607.58","1596.46","1604.07","0.56 %","415,684,992.00","-"
"BANKING","2016-11-15","1604.07","1613.70","1596.76","1597.18","-0.43 %","501,951,008.00","-"
"BANKING","2016-11-16","1597.18","1605.89","1587.77","1591.57","-0.35 %","632,873,984.00","-"
"BANKING","2016-11-17","1591.57","1596.23","1548.74","1550.61","-2.57 %","923,481,024.00","-"
"BANKING","2016-11-20","1550.61","1551.53","1467.62","1491.73","-3.80 %","635,667,008.00","-"
"BANKING","2016-11-21","1491.73","1520.92","1461.57","1499.37","0.51 %","459,312,992.00","-"
"BANKING","2016-11-22","1499.37","1499.04","1454.93","1477.02","-1.49 %","429,943,008.00","-"
"BANKING","2016-11-23","1477.02","1477.55","1436.47","1439.55","-2.54 %","554,057,984.00","-"
"BANKING","2016-11-24","1439.55","1480.45","1424.09","1442.09","0.18 %","472,329,984.00","-"
"BANKING","2016-11-27","1442.09","1446.88","1385.03","1389.55","-3.64 %","478,304,992.00","-"
"BANKING","2016-11-28","1389.55","1443.00","1324.81","1440.34","3.66 %","572,601,024.00","-"
"BANKING","2016-11-29","1440.34","1485.55","1392.70","1482.70","2.94 %","619,409,984.00","-"
"BANKING","2016-11-30","1482.70","1541.48","1482.19","1541.44","3.96 %","747,404,992.00","-"
"BANKING","2016-12-01","1541.44","1560.77","1513.98","1530.73","-0.69 %","576,876,992.00","-"
"BANKING","2016-12-04","1530.73","1530.79","1493.95","1504.67","-1.70 %","377,223,008.00","-"
"BANKING","2016-12-05","1504.67","1509.92","1474.32","1479.57","-1.67 %","392,120,000.00","-"
"BANKING","2016-12-06","1479.57","1494.00","1471.95","1485.58","0.41 %","374,280,992.00","-"
"BANKING","2016-12-07","1485.58","1488.49","1480.47","1484.74","-0.06 %","210,952,000.00","-"
"BANKING","2016-12-08","1484.74","1484.57","1472.31","1475.42","-0.63 %","193,227,008.00","-"
"BANKING","2016-12-11","1475.42","1475.93","1456.88","1457.13","-1.24 %","193,300,992.00","-"
"BANKING","2016-12-12","1457.13","1459.10","1427.00","1440.51","-1.14 %","306,648,992.00","-"
"BANKING","2016-12-14","1440.51","1454.26","1434.28","1448.33","0.54 %","266,055,008.00","-"
"BANKING","2016-12-15","1448.33","1464.36","1445.58","1461.86","0.93 %","253,838,000.00","-"
"BANKING","2016-12-18","1461.86","1461.86","1448.17","1460.96","-0.06 %","341,158,016.00","-"
"BANKING","2016-12-19","1460.96","1462.22","1440.96","1442.71","-1.25 %","364,127,008.00","-"
"BANKING","2016-12-20","1442.71","1443.05","1422.63","1423.10","-1.36 %","484,529,984.00","-"
"BANKING","2016-12-21","1423.10","1423.58","1391.10","1395.78","-1.92 %","230,320,992.00","-"
"BANKING","2016-12-22","1395.78","1401.24","1390.61","1398.70","0.21 %","155,532,000.00","-"
"BANKING","2016-12-26","1398.70","1400.58","1357.84","1357.84","-2.92 %","230,224,000.00","-"
"BANKING","2016-12-27","1357.84","1359.15","1312.04","1333.70","-1.78 %","245,390,000.00","-"
"BANKING","2016-12-28","1333.70","1347.74","1327.56","1336.38","0.20 %","191,078,000.00","-"
"BANKING","2016-12-29","1336.38","1373.32","1336.14","1365.08","2.15 %","217,412,000.00","-"
"BANKING","2017-01-01","1365.08","1407.21","1365.08","1394.42","2.15 %","196,267,008.00","-"
"BANKING","2017-01-02","1394.42","1418.56","1394.42","1417.74","1.67 %","268,119,008.00","-"
"BANKING","2017-01-03","1417.74","1419.94","1390.59","1390.80","-1.90 %","210,431,008.00","-"
"BANKING","2017-01-04","1390.80","1394.55","1372.65","1389.15","-0.12 %","182,710,000.00","-"
"BANKING","2017-01-05","1389.15","1399.62","1383.73","1386.84","-0.17 %","181,872,000.00","-"
"BANKING","2017-01-08","1386.84","1386.42","1376.01","1379.97","-0.50 %","257,435,008.00","-"
"BANKING","2017-01-09","1379.97","1396.90","1380.19","1391.00","0.80 %","125,414,000.00","-"
"BANKING","2017-01-10","1391.00","1411.43","1390.77","1409.93","1.36 %","140,864,992.00","-"
"BANKING","2017-01-11","1409.93","1421.20","1408.86","1412.27","0.17 %","159,136,000.00","-"
"BANKING","2017-01-12","1412.27","1419.83","1411.45","1418.20","0.42 %","149,952,992.00","-"
"BANKING","2017-01-15","1418.20","1427.03","1415.76","1419.79","0.11 %","178,504,000.00","-"
"BANKING","2017-01-16","1419.79","1424.01","1406.78","1408.25","-0.81 %","168,480,992.00","-"
"BANKING","2017-01-17","1408.25","1409.69","1393.10","1404.26","-0.28 %","208,352,000.00","-"
"BANKING","2017-01-18","1404.26","1404.98","1395.54","1400.68","-0.26 %","175,196,992.00","-"
"BANKING","2017-01-19","1400.68","1408.99","1396.42","1397.17","-0.25 %","174,190,000.00","-"
"BANKING","2017-01-22","1397.17","1404.91","1396.90","1402.56","0.39 %","133,155,000.00","-"
"BANKING","2017-01-23","1402.56","1403.67","1393.71","1393.93","-0.62 %","163,404,000.00","-"
"BANKING","2017-01-24","1393.93","1397.26","1368.03","1368.03","-1.86 %","188,908,000.00","-"
"BANKING","2017-01-25","1368.03","1368.92","1329.51","1331.89","-2.64 %","203,808,992.00","-"
"BANKING","2017-01-26","1331.89","1331.89","1283.91","1308.54","-1.75 %","286,203,008.00","-"
"BANKING","2017-01-30","1308.54","1309.08","1244.54","1247.99","-4.63 %","284,440,992.00","-"
"BANKING","2017-01-31","1247.99","1280.02","1226.99","1273.43","2.04 %","223,714,000.00","-"
"BANKING","2017-02-01","1273.43","1339.02","1274.14","1337.48","5.03 %","294,296,992.00","-"
"BANKING","2017-02-02","1337.48","1373.57","1324.90","1333.23","-0.32 %","273,660,000.00","-"
"BANKING","2017-02-05","1333.23","1334.55","1292.43","1312.51","-1.55 %","127,162,000.00","-"
"BANKING","2017-02-06","1312.51","1312.79","1293.43","1296.55","-1.22 %","114,111,000.00","-"
"BANKING","2017-02-07","1296.55","1299.60","1281.60","1291.40","-0.40 %","147,728,000.00","-"
"BANKING","2017-02-08","1291.40","1292.93","1269.73","1272.81","-1.44 %","188,955,008.00","-"
"BANKING","2017-02-09","1272.81","1273.24","1245.55","1245.97","-2.11 %","221,815,008.00","-"
"BANKING","2017-02-12","1245.97","1246.06","1200.52","1200.52","-3.65 %","255,476,000.00","-"
"BANKING","2017-02-13","1200.52","1233.15","1166.27","1230.75","2.52 %","285,779,008.00","-"
"BANKING","2017-02-14","1230.75","1238.73","1205.76","1229.10","-0.13 %","233,739,008.00","-"
"BANKING","2017-02-15","1229.10","1266.51","1229.14","1266.21","3.02 %","238,163,008.00","-"
"BANKING","2017-02-16","1266.21","1293.90","1264.66","1292.58","2.08 %","334,304,000.00","-"
"BANKING","2017-02-19","1292.58","1308.86","1273.18","1306.77","1.10 %","279,448,000.00","-"
"BANKING","2017-02-20","1306.77","1328.65","1300.92","1302.39","-0.34 %","289,838,016.00","-"
"BANKING","2017-02-21","1302.39","1327.54","1283.24","1296.89","-0.42 %","242,794,000.00","-"
"BANKING","2017-02-22","1296.89","1298.92","1274.00","1282.70","-1.09 %","127,697,000.00","-"
"BANKING","2017-02-23","1282.70","1282.17","1272.35","1273.45","-0.72 %","164,380,992.00","-"
"BANKING","2017-02-26","1273.45","1275.44","1255.27","1255.27","-1.43 %","137,403,008.00","-"
"BANKING","2017-02-28","1255.27","1255.27","1235.64","1241.70","-1.08 %","273,380,000.00","-"
"BANKING","2017-03-01","1241.70","1255.63","1241.76","1255.22","1.09 %","146,676,000.00","-"
"BANKING","2017-03-02","1255.22","1267.49","1255.22","1267.13","0.95 %","233,044,000.00","-"
"BANKING","2017-03-05","1267.13","1293.23","1264.68","1290.27","1.83 %","270,783,008.00","-"
"BANKING","2017-03-06","1290.27","1310.03","1289.23","1295.26","0.39 %","452,220,000.00","-"
"BANKING","2017-03-07","1295.26","1295.26","1272.40","1275.46","-1.53 %","195,555,008.00","-"
"BANKING","2017-03-09","1275.46","1287.30","1274.76","1282.40","0.54 %","260,840,000.00","-"
"BANKING","2017-03-13","1282.40","1290.71","1282.21","1288.78","0.50 %","189,720,992.00","-"
"BANKING","2017-03-14","1288.78","1292.79","1277.06","1277.06","-0.91 %","150.00","-"
"BANKING","2017-03-15","1277.06","1286.92","1269.55","1284.73","0.60 %","128,066,000.00","-"
"BANKING","2017-03-16","1284.73","1287.99","1282.40","1286.04","0.10 %","208,808,992.00","-"
"BANKING","2017-03-19","1286.04","1299.13","1285.60","1298.94","1.00 %","321,284,000.00","-"
"BANKING","2017-03-20","1298.94","1329.15","1298.41","1328.07","2.24 %","466,331,008.00","-"
"BANKING","2017-03-21","1328.07","1368.65","1320.73","1367.54","2.97 %","442,671,008.00","-"
"BANKING","2017-03-22","1367.54","1428.95","1367.54","1393.09","1.87 %","616,376,000.00","-"
"BANKING","2017-03-23","1393.09","1410.40","1384.57","1398.17","0.36 %","439,244,992.00","-"
"BANKING","2017-03-26","1398.17","1456.20","1398.17","1442.58","3.18 %","736,710,976.00","-"
"BANKING","2017-03-28","1442.58","1517.76","1442.58","1517.67","5.21 %","707,902,016.00","-"
"BANKING","2017-03-29","1517.67","1557.62","1495.11","1497.39","-1.34 %","1,098,070,016.00","-"
"BANKING","2017-03-30","1497.62","1504.29","1476.65","1493.82","-0.25 %","873,507,968.00","-"
"BANKING","2017-04-02","1493.82","1564.42","1493.93","1564.42","4.73 %","392,260,000.00","-"
"BANKING","2017-04-03","1564.42","1659.56","1543.06","1557.14","-0.47 %","983,449,024.00","-"
"BANKING","2017-04-04","1557.14","1575.37","1530.52","1552.91","-0.27 %","643,934,976.00","-"
"BANKING","2017-04-06","1552.91","1561.72","1538.38","1547.25","-0.36 %","571,307,008.00","-"
"BANKING","2017-04-09","1547.25","1564.37","1540.25","1548.72","0.09 %","548,243,008.00","-"
"BANKING","2017-04-10","1548.72","1568.49","1546.75","1566.27","1.13 %","602,228,992.00","-"
"BANKING","2017-04-11","1566.27","1604.85","1566.27","1603.83","2.40 %","726,950,016.00","-"
"BANKING","2017-04-12","1603.83","1632.94","1589.76","1591.94","-0.74 %","744,974,976.00","-"
"BANKING","2017-04-13","1591.94","1594.66","1565.73","1581.22","-0.67 %","542,750,976.00","-"
"BANKING","2017-04-16","1581.22","1587.37","1535.64","1537.08","-2.79 %","401,116,992.00","-"
"BANKING","2017-04-18","1537.08","1537.08","1489.37","1493.01","-2.87 %","580,587,008.00","-"
"BANKING","2017-04-19","1493.01","1542.21","1487.97","1542.21","3.30 %","359,499,008.00","-"
"BANKING","2017-04-20","1542.21","1568.45","1531.11","1535.87","-0.41 %","476,444,992.00","-"
"BANKING","2017-04-23","1535.87","1611.65","1537.80","1567.24","2.04 %","582,788,992.00","-"
"BANKING","2017-04-24","1567.24","1569.22","1544.52","1548.07","-1.22 %","353,656,000.00","-"
"BANKING","2017-04-25","1548.07","1550.77","1534.18","1539.65","-0.54 %","326,913,984.00","-"
"BANKING","2017-04-26","1539.65","1542.73","1526.73","1531.75","-0.51 %","279,196,992.00","-"
"BANKING","2017-04-27","1531.75","1534.76","1513.88","1525.96","-0.38 %","289,881,984.00","-"
"BANKING","2017-04-30","1525.96","1526.35","1499.17","1504.78","-1.39 %","264,430,000.00","-"
"BANKING","2017-05-02","1504.78","1522.88","1494.38","1511.66","0.46 %","322,476,992.00","-"
"BANKING","2017-05-03","1511.66","1539.01","1512.25","1516.10","0.29 %","355,152,992.00","-"
"BANKING","2017-05-04","1516.10","1525.67","1509.03","1510.18","-0.39 %","317,472,000.00","-"
"BANKING","2017-05-07","1510.18","1512.58","1478.29","1482.23","-1.85 %","309,814,016.00","-"
"BANKING","2017-05-08","1482.23","1500.78","1480.07","1489.94","0.52 %","270,102,016.00","-"
"BANKING","2017-05-09","1489.94","1502.30","1488.68","1496.96","0.47 %","243,748,000.00","-"
"BANKING","2017-05-11","1496.96","1508.73","1496.96","1500.86","0.26 %","331,508,000.00","-"
"BANKING","2017-05-15","1500.86","1523.04","1500.16","1503.50","0.18 %","202,852,992.00","-"
"BANKING","2017-05-16","1503.50","1505.94","1490.48","1493.09","-0.69 %","177,032,992.00","-"
"BANKING","2017-05-17","1493.09","1501.16","1485.54","1485.54","-0.51 %","205,963,008.00","-"
"BANKING","2017-05-18","1485.54","1488.12","1473.52","1477.60","-0.53 %","277,593,984.00","-"
"BANKING","2017-05-21","1477.60","1483.91","1456.95","1458.91","-1.26 %","206,608,992.00","-"
"BANKING","2017-05-22","1458.91","1461.76","1439.09","1444.69","-0.97 %","266,864,992.00","-"
"BANKING","2017-05-23","1444.69","1471.18","1437.41","1455.76","0.77 %","294,228,000.00","-"
"BANKING","2017-05-24","1455.76","1461.13","1445.23","1458.17","0.17 %","247,179,008.00","-"
"BANKING","2017-05-28","1458.17","1458.20","1439.23","1441.17","-1.17 %","361,574,016.00","-"
"BANKING","2017-05-30","1441.17","1442.34","1420.33","1421.80","-1.34 %","295,222,016.00","-"
"BANKING","2017-05-31","1421.80","1438.93","1411.18","1431.21","0.66 %","290,456,000.00","-"
"BANKING","2017-06-01","1431.21","1441.57","1428.56","1429.46","-0.12 %","253,684,000.00","-"
"BANKING","2017-06-04","1429.46","1431.41","1416.00","1420.27","-0.64 %","259,407,008.00","-"
"BANKING","2017-06-05","1420.27","1436.73","1420.27","1430.27","0.70 %","272,372,000.00","-"
"BANKING","2017-06-06","1430.27","1466.09","1431.03","1466.09","2.50 %","407,464,992.00","-"
"BANKING","2017-06-07","1466.09","1483.72","1452.17","1453.25","-0.88 %","374,471,008.00","-"
"BANKING","2017-06-08","1453.25","1453.92","1436.67","1445.84","-0.51 %","193,223,008.00","-"
"BANKING","2017-06-11","1445.84","1449.89","1417.19","1420.41","-1.76 %","280,088,000.00","-"
"BANKING","2017-06-12","1420.41","1425.47","1405.45","1412.92","-0.53 %","186,444,992.00","-"
"BANKING","2017-06-13","1412.92","1427.82","1410.52","1416.55","0.26 %","250,691,008.00","-"
"BANKING","2017-06-14","1416.55","1419.94","1414.18","1417.72","0.08 %","236,035,008.00","-"
"BANKING","2017-06-15","1417.72","1437.65","1410.15","1423.29","0.39 %","293,636,000.00","-"
"BANKING","2017-06-18","1423.29","1424.58","1404.50","1405.89","-1.22 %","235,782,000.00","-"
"BANKING","2017-06-19","1405.89","1406.88","1384.27","1385.51","-1.45 %","216,708,000.00","-"
"BANKING","2017-06-20","1385.51","1389.74","1370.71","1380.84","-0.34 %","298,932,992.00","-"
"BANKING","2017-06-21","1380.84","1390.72","1377.15","1385.37","0.33 %","195,152,000.00","-"
"BANKING","2017-06-22","1385.37","1397.41","1385.47","1391.38","0.43 %","251,736,000.00","-"
"BANKING","2017-06-25","1391.38","1404.87","1391.20","1403.94","0.90 %","247,363,008.00","-"
"BANKING","2017-06-27","1403.94","1408.93","1398.75","1400.47","-0.25 %","258,504,992.00","-"
"BANKING","2017-06-28","1400.47","1402.31","1394.40","1396.94","-0.25 %","187,732,992.00","-"
"BANKING","2017-07-02","1396.94","1397.47","1371.44","1374.07","-1.64 %","203,320,000.00","-"
"BANKING","2017-07-03","1374.07","1386.31","1373.59","1380.18","0.44 %","161,204,992.00","-"
"BANKING","2017-07-04","1380.18","1384.05","1377.39","1378.12","-0.15 %","187,972,992.00","-"
"BANKING","2017-07-05","1378.12","1388.68","1376.09","1388.06","0.72 %","242,211,008.00","-"
"BANKING","2017-07-06","1388.06","1414.52","1387.45","1412.59","1.77 %","314,967,008.00","-"
"BANKING","2017-07-09","1412.59","1439.93","1399.02","1420.75","0.58 %","455,196,992.00","-"
"BANKING","2017-07-10","1420.75","1421.56","1410.63","1412.00","-0.62 %","249,448,000.00","-"
"BANKING","2017-07-11","1412.00","1422.53","1408.15","1419.95","0.56 %","258,263,008.00","-"
"BANKING","2017-07-12","1419.95","1425.98","1417.50","1423.54","0.25 %","187,316,992.00","-"
"BANKING","2017-07-13","1423.54","1425.63","1416.14","1418.81","-0.33 %","215,540,992.00","-"
"BANKING","2017-07-16","1418.81","1421.74","1415.41","1421.22","0.17 %","190,824,000.00","-"
"BANKING","2017-07-17","1421.22","1443.37","1418.91","1443.05","1.54 %","243,346,000.00","-"
"BANKING","2017-07-18","1443.05","1470.30","1442.98","1470.30","1.89 %","331,780,000.00","-"
"BANKING","2017-07-19","1470.30","1482.66","1463.64","1467.53","-0.19 %","313,148,992.00","-"
"BANKING","2017-07-20","1467.53","1470.64","1460.59","1462.09","-0.37 %","240,690,000.00","-"
"BANKING","2017-07-23","1462.09","1465.07","1445.43","1447.73","-0.98 %","246,502,000.00","-"
"BANKING","2017-07-24","1447.73","1448.29","1430.60","1432.47","-1.05 %","217,266,000.00","-"
"BANKING","2017-07-25","1432.47","1447.56","1430.57","1432.07","-0.03 %","192,132,992.00","-"
"BANKING","2017-07-26","1432.07","1437.34","1424.49","1426.65","-0.38 %","193,091,008.00","-"
"BANKING","2017-07-27","1426.65","1436.03","1422.75","1432.78","0.43 %","220,468,000.00","-"
"BANKING","2017-07-30","1432.78","1437.23","1421.96","1428.35","-0.31 %","241,631,008.00","-"
"BANKING","2017-07-31","1428.35","1442.00","1428.35","1435.13","0.47 %","271,392,000.00","-"
"BANKING","2017-08-01","1435.13","1441.90","1434.11","1436.51","0.10 %","220,487,008.00","-"
"BANKING","2017-08-02","1436.51","1441.09","1435.44","1438.07","0.11 %","224,734,000.00","-"
"BANKING","2017-08-03","1438.07","1444.63","1437.36","1438.96","0.06 %","332,279,008.00","-"
"BANKING","2017-08-06","1438.96","1454.34","1438.68","1450.05","0.77 %","341,568,000.00","-"
"BANKING","2017-08-07","1450.05","1456.84","1447.79","1449.53","-0.04 %","276,212,000.00","-"
"BANKING","2017-08-09","1449.53","1455.31","1442.37","1443.05","-0.45 %","229,744,000.00","-"
"BANKING","2017-08-10","1443.05","1446.02","1432.62","1433.14","-0.69 %","270,931,008.00","-"
"BANKING","2017-08-13","1433.14","1439.94","1423.07","1423.98","-0.64 %","279,440,000.00","-"
"BANKING","2017-08-15","1423.98","1427.34","1410.93","1413.12","-0.76 %","266,986,000.00","-"
"BANKING","2017-08-16","1413.12","1427.04","1406.73","1416.08","0.21 %","221,326,000.00","-"
"BANKING","2017-08-17","1416.08","1418.04","1410.17","1416.60","0.04 %","209,062,000.00","-"
"BANKING","2017-08-20","1416.60","1421.82","1402.31","1404.40","-0.86 %","285,929,984.00","-"
"BANKING","2017-08-21","1404.40","1406.12","1395.40","1399.97","-0.32 %","155,360,992.00","-"
"BANKING","2017-08-22","1399.97","1406.63","1392.16","1400.99","0.07 %","247,500,000.00","-"
"BANKING","2017-08-23","1400.99","1406.37","1397.10","1398.98","-0.14 %","226,547,008.00","-"
"BANKING","2017-08-24","1398.98","1402.42","1394.37","1401.60","0.19 %","222,160,000.00","-"
"BANKING","2017-08-27","1401.60","1417.00","1402.08","1408.74","0.51 %","312,440,000.00","-"
"BANKING","2017-08-28","1408.74","1414.79","1394.16","1395.27","-0.96 %","240,092,000.00","-"
"BANKING","2017-08-30","1395.27","1397.26","1375.36","1378.50","-1.20 %","283,656,000.00","-"
"BANKING","2017-08-31","1378.50","1379.40","1361.43","1362.35","-1.17 %","320,854,016.00","-"
"BANKING","2017-09-04","1362.35","1362.55","1334.55","1336.61","-1.89 %","295,872,992.00","-"
"BANKING","2017-09-06","1336.61","1368.00","1336.61","1348.42","0.88 %","295,132,000.00","-"
"BANKING","2017-09-07","1348.42","1353.82","1338.40","1339.18","-0.69 %","264,487,008.00","-"
"BANKING","2017-09-10","1339.18","1342.47","1310.41","1310.52","-2.14 %","367,407,008.00","-"
"BANKING","2017-09-11","1310.52","1320.32","1298.51","1309.13","-0.11 %","361,100,000.00","-"
"BANKING","2017-09-12","1309.13","1309.13","1287.03","1290.99","-1.39 %","211,912,992.00","-"
"BANKING","2017-09-13","1290.99","1293.18","1271.27","1279.73","-0.87 %","240,555,008.00","-"
"BANKING","2017-09-14","1279.73","1317.19","1277.74","1316.70","2.89 %","500,184,000.00","-"
"BANKING","2017-09-17","1316.70","1342.13","1316.01","1341.83","1.91 %","230,326,000.00","-"
"BANKING","2017-09-18","1341.83","1351.32","1336.46","1339.31","-0.19 %","202,072,992.00","-"
"BANKING","2017-09-20","1339.31","1343.02","1322.77","1333.59","-0.43 %","206,419,008.00","-"
"BANKING","2017-09-24","1333.59","1334.32","1326.28","1328.61","-0.37 %","132,681,000.00","-"
"BANKING","2017-09-25","1328.61","1339.61","1328.39","1339.07","0.79 %","108,181,000.00","-"
"BANKING","2017-09-26","1339.07","1350.65","1339.07","1344.32","0.39 %","135,955,008.00","-"
"BANKING","2017-10-03","1344.32","1349.98","1339.22","1349.98","0.42 %","81,476,400.00","-"
"BANKING","2017-10-04","1349.98","1351.92","1329.15","1332.51","-1.29 %","112,985,000.00","-"
"BANKING","2017-10-08","1332.51","1332.16","1284.78","1303.67","-2.16 %","166,528,992.00","-"
"BANKING","2017-10-09","1303.67","1308.30","1286.68","1294.67","-0.69 %","139,502,000.00","-"
"BANKING","2017-10-10","1294.67","1299.67","1283.34","1294.37","-0.02 %","138,383,008.00","-"
"BANKING","2017-10-11","1294.37","1302.42","1290.13","1293.77","-0.05 %","116,198,000.00","-"
"BANKING","2017-10-12","1293.77","1299.73","1292.55","1295.78","0.16 %","141,135,008.00","-"
"BANKING","2017-10-15","1295.78","1304.59","1292.54","1304.47","0.67 %","107,047,000.00","-"
"BANKING","2017-10-16","1304.47","1353.29","1304.67","1353.13","3.73 %","282,424,000.00","-"
"BANKING","2017-10-17","1353.13","1361.07","1335.95","1347.51","-0.42 %","195,031,008.00","-"
"BANKING","2017-10-18","1347.51","1354.61","1336.04","1351.60","0.30 %","141,448,000.00","-"
"BANKING","2017-10-22","1351.60","1371.73","1350.97","1354.60","0.22 %","136,340,000.00","-"
"BANKING","2017-10-23","1354.60","1357.23","1345.75","1351.87","-0.20 %","128,206,000.00","-"
"BANKING","2017-10-24","1351.87","1351.87","1340.50","1342.67","-0.68 %","128,206,000.00","-"
"BANKING","2017-10-25","1342.67","1343.01","1330.97","1330.97","-0.87 %","158,224,992.00","-"
"BANKING","2017-10-29","1330.97","1333.03","1317.24","1318.06","-0.97 %","166,111,008.00","-"
"BANKING","2017-10-30","1318.06","1322.48","1312.19","1316.70","-0.10 %","145,212,992.00","-"
"BANKING","2017-10-31","1316.70","1320.18","1308.38","1311.55","-0.39 %","117,857,000.00","-"
"BANKING","2017-11-01","1311.55","1315.36","1301.49","1305.08","-0.49 %","161,940,992.00","-"
"BANKING","2017-11-02","1305.08","1305.87","1298.02","1301.31","-0.29 %","154,424,000.00","-"
"BANKING","2017-11-05","1301.31","1303.96","1270.33","1277.02","-1.87 %","279,012,000.00","-"
"BANKING","2017-11-06","1277.02","1284.13","1260.14","1274.88","-0.17 %","211,524,000.00","-"
"BANKING","2017-11-07","1274.88","1285.58","1267.12","1267.39","-0.59 %","173,136,000.00","-"
"BANKING","2017-11-08","1267.39","1267.47","1246.28","1253.01","-1.13 %","208,131,008.00","-"
"BANKING","2017-11-09","1253.01","1256.38","1238.79","1246.26","-0.54 %","216,050,000.00","-"
"BANKING","2017-11-12","1246.26","1262.15","1242.94","1261.92","1.26 %","159,666,000.00","-"
"BANKING","2017-11-13","1261.92","1274.21","1259.52","1272.83","0.86 %","212,175,008.00","-"
"BANKING","2017-11-14","1272.83","1300.76","1272.83","1294.44","1.70 %","280,192,992.00","-"
"BANKING","2017-11-15","1294.44","1299.49","1284.82","1285.51","-0.69 %","230,364,000.00","-"
"BANKING","2017-11-16","1285.51","1285.51","1268.92","1270.70","-1.15 %","154,159,008.00","-"
"BANKING","2017-11-19","1270.70","1277.32","1260.24","1263.36","-0.58 %","226,532,000.00","-"
"BANKING","2017-11-20","1263.36","1264.70","1253.96","1256.36","-0.55 %","186,764,992.00","-"
"BANKING","2017-11-21","1256.36","1269.76","1253.63","1261.85","0.44 %","122,367,000.00","-"
"BANKING","2017-11-22","1256.36","1273.82","1259.88","1269.48","0.60 %","122,945,000.00","-"
"BANKING","2017-11-23","1269.48","1283.71","1269.48","1280.18","0.84 %","167,090,000.00","-"
"BANKING","2017-11-26","1280.18","1301.40","1280.18","1298.88","1.46 %","283,840,000.00","-"
"BANKING","2017-11-27","1298.88","1303.61","1293.96","1297.85","-0.08 %","248,928,000.00","-"
"BANKING","2017-11-28","1297.85","1303.30","1294.88","1303.15","0.41 %","176,156,992.00","-"
"BANKING","2017-11-29","1303.15","1318.33","1303.27","1311.74","0.66 %","319,620,000.00","-"
"BANKING","2017-11-30","1311.74","1316.29","1302.58","1311.83","0.01 %","206,138,000.00","-"
"BANKING","2017-12-04","1311.83","1317.11","1301.66","1303.60","-0.63 %","207,367,008.00","-"
"BANKING","2017-12-05","1303.60","1305.23","1294.72","1300.70","-0.22 %","165,843,008.00","-"
"BANKING","2017-12-06","1300.70","1310.40","1299.33","1309.00","0.64 %","160,412,000.00","-"
"BANKING","2017-12-10","1309.00","1331.73","1303.91","1305.21","-0.29 %","447,419,008.00","-"
"BANKING","2017-12-11","1305.21","1308.63","1296.76","1303.38","-0.14 %","189,776,992.00","-"
"BANKING","2017-12-12","1303.38","1305.97","1289.21","1289.56","-1.06 %","252,471,008.00","-"
"BANKING","2017-12-13","1289.56","1298.29","1282.01","1297.71","0.63 %","218,030,000.00","-"
"BANKING","2017-12-14","1297.71","1301.54","1293.92","1295.78","-0.15 %","167,434,000.00","-"
"BANKING","2017-12-17","1295.78","1297.66","1281.78","1283.00","-0.99 %","198,160,000.00","-"
"BANKING","2017-12-18","1283.00","1287.25","1279.13","1279.99","-0.23 %","200,519,008.00","-"
"BANKING","2017-12-19","1279.99","1281.80","1271.42","1272.63","-0.57 %","195,468,992.00","-"
"BANKING","2017-12-20","1272.63","1272.85","1260.91","1266.02","-0.52 %","170,464,992.00","-"
"BANKING","2017-12-21","1266.02","1267.17","1256.92","1260.00","-0.48 %","201,964,992.00","-"
"BANKING","2017-12-24","1260.00","1267.27","1256.40","1257.87","-0.17 %","248,455,008.00","-"
"BANKING","2017-12-26","1257.87","1259.25","1238.82","1239.66","-1.45 %","217,572,000.00","-"
"BANKING","2017-12-27","1239.66","1239.90","1214.51","1221.80","-1.44 %","346,806,016.00","-"
"BANKING","2017-12-28","1221.80","1219.99","1203.34","1205.54","-1.33 %","404,039,008.00","-"
"BANKING","2017-12-31","1205.54","1205.54","1179.41","1189.19","-1.36 %","186,152,000.00","-"
"BANKING","2018-01-01","1189.19","1231.71","1189.34","1231.71","3.58 %","219,859,008.00","-"
"BANKING","2018-01-02","1231.71","1258.94","1230.11","1241.84","0.82 %","311,406,016.00","-"
"BANKING","2018-01-03","1241.84","1244.56","1223.12","1225.56","-1.31 %","192,504,000.00","-"
"BANKING","2018-01-04","1225.56","1231.91","1223.64","1231.91","0.52 %","181,928,000.00","-"
"BANKING","2018-01-07","1231.91","1238.75","1229.44","1233.76","0.15 %","131,927,000.00","-"
"BANKING","2018-01-08","1233.76","1246.10","1233.88","1242.81","0.73 %","175,931,008.00","-"
"BANKING","2018-01-09","1242.81","1256.23","1242.30","1255.77","1.04 %","159,939,008.00","-"
"BANKING","2018-01-10","1255.77","1260.31","1244.24","1244.95","-0.86 %","136,644,000.00","-"
"BANKING","2018-01-14","1244.95","1245.71","1232.97","1236.15","-0.71 %","118,855,000.00","-"
"BANKING","2018-01-16","1236.15","1236.36","1217.94","1223.85","-1.00 %","115,245,000.00","-"
"BANKING","2018-01-17","1223.85","1224.17","1209.27","1216.68","-0.59 %","131,247,000.00","-"
"BANKING","2018-01-21","1216.68","1224.03","1213.43","1214.11","-0.21 %","131,066,000.00","-"
"BANKING","2018-01-22","1214.11","1219.22","1213.02","1214.94","0.07 %","117,731,000.00","-"
"BANKING","2018-01-23","1214.94","1217.19","1207.75","1208.27","-0.55 %","96,023,696.00","-"
"BANKING","2018-01-24","1208.27","1211.79","1205.43","1208.59","0.03 %","104,954,000.00","-"
"BANKING","2018-01-25","1208.59","1217.20","1207.23","1217.20","0.71 %","115,176,000.00","-"
"BANKING","2018-01-28","1217.20","1225.78","1217.47","1223.12","0.49 %","163,070,000.00","-"
"BANKING","2018-01-29","1223.12","1225.72","1214.57","1219.08","-0.33 %","130,213,000.00","-"
"BANKING","2018-01-31","1219.08","1223.59","1217.81","1221.05","0.16 %","119,560,000.00","-"
"BANKING","2018-02-01","1221.05","1233.07","1218.41","1227.08","0.49 %","239,351,008.00","-"
"BANKING","2018-02-04","1227.08","1235.06","1226.15","1229.12","0.17 %","261,452,992.00","-"
"BANKING","2018-02-05","1227.08","1232.54","1220.12","1222.03","-0.58 %","127,138,000.00","-"
"BANKING","2018-02-06","1222.03","1224.14","1215.43","1216.24","-0.47 %","96,767,200.00","-"
"BANKING","2018-02-07","1216.24","1216.80","1203.75","1205.74","-0.86 %","141,432,992.00","-"
"BANKING","2018-02-08","1205.74","1212.95","1203.77","1212.05","0.52 %","125,265,000.00","-"
"BANKING","2018-02-11","1212.05","1214.87","1207.79","1209.38","-0.22 %","83,039,000.00","-"
"BANKING","2018-02-12","1209.38","1211.35","1203.69","1205.38","-0.33 %","111,638,000.00","-"
"BANKING","2018-02-14","1205.38","1210.99","1201.69","1210.99","0.47 %","165,368,992.00","-"
"BANKING","2018-02-15","1210.99","1244.63","1210.99","1242.38","2.59 %","309,648,000.00","-"
"BANKING","2018-02-18","1242.38","1270.58","1238.05","1239.55","-0.23 %","309,256,000.00","-"
"BANKING","2018-02-20","1239.55","1249.39","1223.66","1224.16","-1.24 %","162,684,000.00","-"
"BANKING","2018-02-21","1224.16","1224.16","1213.63","1215.30","-0.72 %","104,960,000.00","-"
"BANKING","2018-02-22","1215.30","1222.20","1209.43","1214.89","-0.03 %","135,963,008.00","-"
"BANKING","2018-02-25","1214.89","1214.49","1201.08","1201.24","-1.12 %","114,975,000.00","-"
"BANKING","2018-02-26","1201.24","1205.38","1188.49","1191.40","-0.82 %","166,567,008.00","-"
"BANKING","2018-02-27","1191.40","1205.79","1190.08","1197.26","0.49 %","186,499,008.00","-"
"BANKING","2018-02-28","1197.26","1197.26","1181.79","1182.97","-1.19 %","220,822,000.00","-"
"BANKING","2018-03-04","1182.97","1182.64","1135.27","1147.55","-2.99 %","213,312,000.00","-"
"BANKING","2018-03-05","1147.55","1163.38","1134.71","1137.68","-0.86 %","169,675,008.00","-"
"BANKING","2018-03-06","1137.68","1154.06","1123.53","1148.22","0.93 %","205,403,008.00","-"
"BANKING","2018-03-07","1148.22","1164.38","1147.21","1163.77","1.35 %","200,666,000.00","-"
"BANKING","2018-03-11","1163.77","1164.36","1139.67","1140.62","-1.99 %","134,827,008.00","-"
"BANKING","2018-03-12","1140.62","1145.73","1129.94","1133.40","-0.63 %","159,632,000.00","-"
"BANKING","2018-03-13","1133.40","1140.83","1133.14","1139.11","0.50 %","100,789,000.00","-"
"BANKING","2018-03-14","1139.11","1143.48","1135.90","1142.84","0.33 %","80,356,200.00","-"
"BANKING","2018-03-15","1142.84","1148.96","1140.80","1143.15","0.03 %","117,140,000.00","-"
"BANKING","2018-03-18","1143.15","1146.52","1134.76","1136.60","-0.57 %","121,280,000.00","-"
"BANKING","2018-03-19","1136.60","1138.02","1127.41","1127.75","-0.78 %","106,829,000.00","-"
"BANKING","2018-03-20","1127.75","1128.00","1111.97","1117.96","-0.87 %","148,678,000.00","-"
"BANKING","2018-03-21","1117.96","1118.33","1091.61","1095.85","-1.98 %","175,015,008.00","-"
"BANKING","2018-03-22","1095.85","1106.17","1077.73","1091.89","-0.36 %","194,207,008.00","-"
"BANKING","2018-03-26","1091.89","1091.89","1045.81","1049.91","-3.84 %","211,943,008.00","-"
"BANKING","2018-03-27","1049.91","1092.01","1016.81","1083.18","3.17 %","199,888,992.00","-"
"BANKING","2018-03-28","1083.18","1098.67","1061.78","1086.11","0.27 %","228,052,000.00","-"
"BANKING","2018-03-29","1086.11","1105.06","1085.88","1101.83","1.45 %","161,760,000.00","-"
"BANKING","2018-04-01","1086.11","1102.96","1065.27","1079.82","-2.00 %","133,280,000.00","-"
"BANKING","2018-04-02","1079.82","1082.04","1074.49","1077.86","-0.18 %","78,618,704.00","-"
"BANKING","2018-04-03","1077.86","1083.18","1071.85","1081.25","0.31 %","100,384,000.00","-"
"BANKING","2018-04-04","1081.25","1103.74","1081.25","1100.56","1.79 %","141,362,000.00","-"
"BANKING","2018-04-05","1100.56","1120.33","1100.56","1119.55","1.73 %","239,306,000.00","-"
"BANKING","2018-04-08","1119.55","1158.81","1119.55","1152.81","2.97 %","334,424,992.00","-"
"BANKING","2018-04-09","1152.81","1171.96","1146.23","1147.08","-0.50 %","289,639,008.00","-"
"BANKING","2018-04-10","1147.08","1151.30","1127.15","1131.89","-1.32 %","112,993,000.00","-"
"BANKING","2018-04-11","1131.89","1135.16","1121.09","1135.16","0.29 %","79,482,400.00","-"
"BANKING","2018-04-12","1135.16","1143.49","1132.91","1134.04","-0.10 %","123,356,000.00","-"
"BANKING","2018-04-15","1134.04","1136.52","1114.42","1131.79","-0.20 %","99,194,800.00","-"
"BANKING","2018-04-16","1131.79","1142.54","1127.36","1136.07","0.38 %","125,288,000.00","-"
"BANKING","2018-04-17","1136.07","1152.65","1136.63","1148.27","1.07 %","191,674,000.00","-"
"BANKING","2018-04-18","1148.27","1214.78","1146.57","1181.16","2.86 %","302,364,000.00","-"
"BANKING","2018-04-19","1181.16","1209.20","1180.75","1205.67","2.07 %","412,390,016.00","-"
"BANKING","2018-04-22","1205.67","1245.09","1206.23","1244.98","3.26 %","452,992,992.00","-"
"BANKING","2018-04-23","1244.98","1263.83","1212.45","1219.82","-2.02 %","496,828,992.00","-"
"BANKING","2018-04-24","1219.82","1223.24","1202.20","1203.97","-1.30 %","211,568,000.00","-"
"BANKING","2018-04-25","1203.97","1208.48","1195.97","1198.07","-0.49 %","176,527,008.00","-"
"BANKING","2018-04-26","1198.07","1205.11","1174.17","1176.65","-1.79 %","193,168,992.00","-"
"BANKING","2018-04-29","1176.65","1176.76","1156.92","1165.05","-0.99 %","156,066,000.00","-"
"BANKING","2018-05-02","1165.05","1169.06","1152.06","1167.76","0.23 %","130,637,000.00","-"
"BANKING","2018-05-03","1167.76","1181.13","1167.87","1171.31","0.30 %","201,286,000.00","-"
"BANKING","2018-05-06","1171.31","1171.57","1159.15","1159.76","-0.99 %","109,905,000.00","-"
"BANKING","2018-05-07","1159.76","1159.76","1153.84","1154.66","-0.44 %","116,344,000.00","-"
"BANKING","2018-05-08","1154.66","1166.40","1153.57","1166.40","1.02 %","199,354,000.00","-"
"BANKING","2018-05-09","1166.40","1170.38","1157.28","1161.30","-0.44 %","108,422,000.00","-"
"BANKING","2018-05-10","1161.30","1162.29","1155.39","1157.96","-0.29 %","104,275,000.00","-"
"BANKING","2018-05-14","1157.96","1158.71","1146.64","1147.92","-0.87 %","176,516,992.00","-"
"BANKING","2018-05-15","1147.92","1149.55","1141.04","1143.64","-0.37 %","43,646,100.00","-"
"BANKING","2018-05-16","1143.64","1148.17","1142.27","1145.10","0.13 %","72,953,104.00","-"
"BANKING","2018-05-17","1145.10","1153.46","1145.22","1147.30","0.19 %","94,092,304.00","-"
"BANKING","2018-05-20","1147.30","1161.94","1141.72","1145.52","-0.16 %","110,882,000.00","-"
"BANKING","2018-05-21","1145.52","1148.53","1139.87","1142.09","-0.30 %","77,018,096.00","-"
"BANKING","2018-05-22","1142.09","1142.20","1137.41","1137.95","-0.36 %","109,457,000.00","-"
"BANKING","2018-05-23","1137.95","1138.64","1130.63","1131.83","-0.54 %","115,709,000.00","-"
"BANKING","2018-05-24","1131.83","1134.47","1124.20","1124.37","-0.66 %","127,162,000.00","-"
"BANKING","2018-05-27","1124.37","1124.37","1110.76","1111.15","-1.18 %","163,142,000.00","-"
"BANKING","2018-05-28","1111.15","1138.09","1100.16","1136.61","2.29 %","136,272,992.00","-"
"BANKING","2018-05-29","1136.61","1138.24","1119.41","1126.11","-0.92 %","126,053,000.00","-"
"BANKING","2018-05-30","1126.11","1134.58","1114.65","1118.57","-0.67 %","95,386,704.00","-"
"BANKING","2018-05-31","1126.11","1118.96","1105.29","1106.23","-1.10 %","102,513,000.00","-"
"BANKING","2018-06-03","1106.23","1106.13","1078.62","1080.19","-2.35 %","151,103,008.00","-"
"BANKING","2018-06-04","1080.19","1087.88","1068.41","1074.11","-0.56 %","167,491,008.00","-"
"BANKING","2018-06-06","1074.11","1097.82","1074.41","1085.53","1.06 %","59,688,400.00","-"
"BANKING","2018-06-07","1085.53","1088.64","1064.54","1064.78","-1.91 %","174,510,000.00","-"
"BANKING","2018-06-10","1064.78","1067.20","1042.08","1045.50","-1.81 %","199,550,000.00","-"
"BANKING","2018-06-11","1045.50","1064.05","1037.48","1051.80","0.60 %","155,288,992.00","-"
"BANKING","2018-06-12","1051.80","1055.45","1041.78","1048.90","-0.28 %","120,242,000.00","-"
"BANKING","2018-06-13","1048.90","1052.97","1046.01","1051.33","0.23 %","82,916,800.00","-"
"BANKING","2018-06-14","1048.90","1061.60","1051.33","1054.21","0.27 %","100,530,000.00","-"
"BANKING","2018-06-17","1054.21","1055.93","1039.30","1041.70","-1.19 %","100,285,000.00","-"
"BANKING","2018-06-18","1041.70","1042.34","1031.14","1041.16","-0.05 %","81,987,000.00","-"
"BANKING","2018-06-19","1041.16","1043.15","1032.22","1035.30","-0.56 %","111,350,000.00","-"
"BANKING","2018-06-20","1035.30","1036.74","1028.55","1028.89","-0.62 %","100,152,000.00","-"
"BANKING","2018-06-21","1028.89","1035.02","1021.12","1029.23","0.03 %","69,354,304.00","-"
"BANKING","2018-06-24","1029.23","1037.18","1026.44","1031.12","0.18 %","68,598,496.00","-"
"BANKING","2018-06-25","1031.12","1032.31","1019.38","1023.01","-0.79 %","84,194,600.00","-"
"BANKING","2018-06-26","1023.01","1024.48","1009.61","1010.28","-1.24 %","94,871,400.00","-"
"BANKING","2018-06-27","1010.28","1019.33","1007.84","1016.03","0.57 %","72,992,096.00","-"
"BANKING","2018-06-28","1016.03","1021.24","1013.92","1016.74","0.07 %","91,496,704.00","-"
"BANKING","2018-07-01","1016.74","1017.84","1003.42","1004.60","-1.19 %","81,463,000.00","-"
"BANKING","2018-07-02","1004.60","1006.16","994.36","999.26","-0.53 %","90,943,200.00","-"
"BANKING","2018-07-03","999.26","1004.00","993.60","1002.79","0.35 %","88,269,504.00","-"
"BANKING","2018-07-04","1002.79","1009.70","996.86","1007.72","0.49 %","92,795,000.00","-"
"BANKING","2018-07-05","1007.72","1034.65","1007.72","1034.49","2.66 %","152,068,000.00","-"
"BANKING","2018-07-08","1034.49","1051.74","1034.35","1036.82","0.23 %","129,169,000.00","-"
"BANKING","2018-07-09","1036.82","1039.24","1018.08","1020.40","-1.58 %","95,692,704.00","-"
"BANKING","2018-07-10","1020.40","1027.71","1018.32","1021.85","0.14 %","104,001,000.00","-"
"BANKING","2018-07-11","1021.85","1031.73","1019.42","1019.97","-0.18 %","110,844,000.00","-"
"BANKING","2018-07-12","1019.97","1026.65","1008.34","1009.66","-1.01 %","188,328,992.00","-"
"BANKING","2018-07-15","1009.66","1017.78","1008.81","1017.51","0.78 %","66,924,500.00","-"
"BANKING","2018-07-16","1017.51","1024.23","1014.59","1023.56","0.59 %","49,155,500.00","-"
"BANKING","2018-07-17","1023.56","1026.35","1017.85","1018.79","-0.47 %","115,471,000.00","-"
"BANKING","2018-07-18","1018.79","1020.17","1014.45","1016.32","-0.24 %","81,455,200.00","-"
"BANKING","2018-07-19","1016.32","1017.49","1010.39","1012.86","-0.34 %","104,619,000.00","-"
"BANKING","2018-07-22","1012.86","1013.53","1004.51","1005.20","-0.76 %","82,219,000.00","-"
"BANKING","2018-07-23","1005.20","1014.50","1005.20","1013.26","0.80 %","82,551,200.00","-"
"BANKING","2018-07-24","1013.26","1027.91","1013.26","1018.51","0.52 %","129,092,000.00","-"
"BANKING","2018-07-25","1018.51","1019.46","1013.49","1014.24","-0.42 %","64,342,000.00","-"
"BANKING","2018-07-26","1014.24","1016.86","1011.09","1012.80","-0.14 %","72,953,504.00","-"
"BANKING","2018-07-29","1012.80","1018.40","1012.69","1015.74","0.29 %","83,525,504.00","-"
"BANKING","2018-07-30","1015.74","1019.19","1013.86","1016.53","0.08 %","167,592,992.00","-"
"BANKING","2018-07-31","1016.53","1019.64","1012.16","1014.27","-0.22 %","74,313,200.00","-"
"BANKING","2018-08-01","1014.27","1017.40","1012.96","1017.08","0.28 %","79,493,696.00","-"
"BANKING","2018-08-02","1017.08","1019.02","1014.78","1017.81","0.07 %","59,406,200.00","-"
"BANKING","2018-08-05","1017.81","1018.85","1013.09","1014.30","-0.34 %","62,205,600.00","-"
"BANKING","2018-08-06","1014.30","1017.33","1013.33","1015.53","0.12 %","60,217,100.00","-"
"BANKING","2018-08-07","1015.53","1019.15","1013.41","1014.76","-0.08 %","66,434,300.00","-"
"BANKING","2018-08-08","1014.76","1016.84","1012.64","1013.19","-0.15 %","59,252,000.00","-"
"BANKING","2018-08-09","1013.19","1017.35","1008.36","1009.82","-0.33 %","52,915,300.00","-"
"BANKING","2018-08-12","1009.82","1011.44","996.82","997.95","-1.18 %","77,938,200.00","-"
"BANKING","2018-08-13","997.95","1005.60","996.38","1005.49","0.76 %","65,178,200.00","-"
"BANKING","2018-08-14","1005.49","1012.65","1002.95","1012.36","0.68 %","75,521,000.00","-"
"BANKING","2018-08-15","1012.36","1037.93","1012.36","1037.22","2.46 %","156,403,008.00","-"
"BANKING","2018-08-16","1037.22","1046.90","1031.10","1041.32","0.39 %","188,324,000.00","-"
"BANKING","2018-08-19","1041.32","1042.24","1028.78","1029.40","-1.14 %","111,575,000.00","-"
"BANKING","2018-08-20","1029.40","1029.84","1020.98","1023.98","-0.53 %","85,095,000.00","-"
"BANKING","2018-08-21","1023.98","1024.20","1016.47","1018.57","-0.53 %","78,708,200.00","-"
"BANKING","2018-08-22","1018.57","1019.28","1013.04","1017.83","-0.07 %","58,101,800.00","-"
"BANKING","2018-08-23","1017.83","1017.88","1011.06","1014.30","-0.35 %","141,496,000.00","-"
"BANKING","2018-08-26","1014.30","1016.05","1012.32","1013.27","-0.10 %","59,732,700.00","-"
"BANKING","2018-08-28","1013.27","1015.61","1009.98","1015.16","0.19 %","86,211,200.00","-"
"BANKING","2018-08-29","1015.16","1016.56","1010.65","1012.68","-0.24 %","86,444,704.00","-"
"BANKING","2018-08-30","1012.68","1022.08","1010.07","1021.79","0.90 %","97,274,496.00","-"
"BANKING","2018-09-02","1021.79","1035.54","1019.75","1032.93","1.09 %","181,458,000.00","-"
"BANKING","2018-09-03","1032.93","1054.43","1032.93","1048.62","1.52 %","270,406,016.00","-"
"BANKING","2018-09-04","1048.62","1058.69","1044.53","1054.66","0.58 %","267,560,000.00","-"
"BANKING","2018-09-05","1054.66","1087.26","1054.12","1077.40","2.16 %","432,400,000.00","-"
"BANKING","2018-09-06","1077.40","1093.65","1068.54","1072.31","-0.47 %","435,942,016.00","-"
"BANKING","2018-09-09","1072.31","1073.41","1061.56","1065.15","-0.67 %","190,384,992.00","-"
"BANKING","2018-09-10","1065.15","1067.15","1052.23","1055.52","-0.90 %","144,728,992.00","-"
"BANKING","2018-09-11","1055.52","1065.99","1054.56","1062.75","0.69 %","171,668,000.00","-"
"BANKING","2018-09-12","1062.75","1076.97","1060.70","1076.73","1.32 %","255,511,008.00","-"
"BANKING","2018-09-13","1076.73","1093.29","1076.95","1092.93","1.50 %","488,428,992.00","-"
"BANKING","2018-09-16","1092.93","1121.62","1093.58","1106.64","1.25 %","618,105,024.00","-"
"BANKING","2018-09-17","1106.64","1111.66","1097.26","1099.62","-0.63 %","332,104,000.00","-"
"BANKING","2018-09-18","1099.62","1102.71","1092.33","1097.49","-0.19 %","170,992,992.00","-"
"BANKING","2018-09-20","1097.49","1100.02","1089.78","1095.84","-0.15 %","254,856,992.00","-"
"BANKING","2018-09-23","1095.84","1109.15","1093.63","1104.68","0.81 %","423,304,000.00","-"
"BANKING","2018-09-25","1104.68","1138.48","1104.97","1134.11","2.66 %","778,004,992.00","-"
"BANKING","2018-09-26","1134.20","1145.81","1123.17","1131.51","-0.24 %","602,774,016.00","-"
"BANKING","2018-09-27","1131.51","1133.74","1117.96","1118.94","-1.11 %","303,353,984.00","-"
"BANKING","2018-09-30","1118.94","1119.99","1104.83","1109.76","-0.82 %","351,614,016.00","-"
"BANKING","2018-10-01","1109.76","1112.52","1087.92","1089.91","-1.79 %","345,531,008.00","-"
"BANKING","2018-10-02","1089.91","1100.63","1088.06","1091.54","0.15 %","249,266,000.00","-"
"BANKING","2018-10-03","1091.54","1092.51","1081.42","1081.42","-0.93 %","234,783,008.00","-"
"BANKING","2018-10-04","1081.42","1084.71","1072.88","1078.56","-0.26 %","234,783,008.00","-"
"BANKING","2018-10-07","1078.56","1078.56","1064.60","1065.04","-1.25 %","198,688,992.00","-"
"BANKING","2018-10-08","1065.04","1074.33","1063.65","1072.65","0.71 %","239,851,008.00","-"
"BANKING","2018-10-09","1072.65","1078.15","1067.81","1068.76","-0.36 %","167,780,992.00","-"
"BANKING","2018-10-10","1068.76","1071.14","1063.56","1071.14","0.22 %","104,196,000.00","-"
"BANKING","2018-10-11","1071.14","1083.52","1067.35","1083.41","1.15 %","142,652,000.00","-"
"BANKING","2018-10-14","1083.41","1100.78","1082.92","1100.78","1.60 %","195,372,000.00","-"
"BANKING","2018-10-15","1100.78","1106.65","1100.02","1100.35","-0.04 %","215,359,008.00","-"
"BANKING","2018-10-21","1100.35","1110.02","1099.59","1106.94","0.60 %","118,618,000.00","-"
"BANKING","2018-10-22","1106.94","1109.37","1100.81","1105.23","-0.15 %","151,680,000.00","-"
"BANKING","2018-10-23","1105.23","1106.22","1099.41","1105.27","0.00 %","127,959,000.00","-"
"BANKING","2018-10-24","1105.27","1111.21","1100.53","1111.09","0.53 %","137,760,992.00","-"
"BANKING","2018-10-25","1111.09","1111.56","1100.66","1101.66","-0.85 %","175,156,992.00","-"
"BANKING","2018-10-28","1101.66","1103.00","1084.52","1085.75","-1.44 %","198,310,000.00","-"
"BANKING","2018-10-29","1085.75","1085.75","1074.11","1076.50","-0.85 %","124,616,000.00","-"
"BANKING","2018-10-30","1076.50","1085.62","1074.89","1085.62","0.85 %","117,516,000.00","-"
"BANKING","2018-10-31","1085.62","1086.15","1079.46","1080.13","-0.51 %","79,459,504.00","-"
"BANKING","2018-11-01","1080.13","1083.83","1075.85","1079.67","-0.04 %","151,036,992.00","-"
"BANKING","2018-11-04","1079.67","1080.12","1062.26","1062.48","-1.59 %","169,958,000.00","-"
"BANKING","2018-11-05","1062.48","1075.31","1060.73","1074.00","1.08 %","144,712,992.00","-"
"BANKING","2018-11-06","1081.03","1081.03","1081.03","1081.03","0.65 %","22,573,700.00","-"
"BANKING","2018-11-11","1079.61","1080.48","1055.95","1055.95","-2.32 %","66,654,000.00","-"
"BANKING","2018-11-12","1055.02","1055.02","1042.86","1047.15","-0.83 %","77,528,200.00","-"
"BANKING","2018-11-13","1046.86","1065.92","1046.29","1061.70","1.39 %","88,857,000.00","-"
"BANKING","2018-11-14","1062.60","1064.05","1056.51","1061.70","1.39 %","113,675,000.00","-"
"BANKING","2018-11-15","1064.13","1068.97","1060.34","1060.32","-0.13 %","157,927,008.00","-"
"BANKING","2018-11-18","1058.07","1059.49","1042.47","1050.97","-0.88 %","247,110,000.00","-"
"BANKING","2018-11-19","1051.08","1051.31","1041.36","1045.19","-0.55 %","113,519,000.00","-"
"BANKING","2018-11-20","1044.81","1044.81","1036.19","1036.70","-0.82 %","97,709,000.00","-"
"BANKING","2018-11-21","1037.39","1037.91","1030.34","1037.41","0.07 %","155,962,000.00","-"
"BANKING","2018-11-22","1039.80","1042.46","1034.79","1035.05","-0.23 %","170,954,000.00","-"
"BANKING","2018-11-25","1035.72","1036.31","1022.25","1022.54","-1.21 %","138,096,992.00","-"
"BANKING","2018-11-26","1022.42","1023.31","1016.98","1018.00","-0.44 %","152,906,000.00","-"
"BANKING","2018-11-27","1018.14","1024.69","1018.00","1020.51","0.25 %","122,038,000.00","-"
"BANKING","2018-11-28","1020.13","1021.91","1018.04","1018.40","-0.21 %","261,868,992.00","-"
"BANKING","2018-11-29","1018.39","1020.59","1008.52","1008.93","-0.93 %","194,092,000.00","-"
"BANKING","2018-12-02","1008.82","1009.28","993.27","993.87","-1.49 %","284,884,000.00","-"
"BANKING","2018-12-03","993.31","1007.85","991.53","993.49","-0.03 %","461,561,984.00","-"
"BANKING","2018-12-04","993.71","1000.71","991.46","1000.71","0.73 %","278,420,000.00","-"
"BANKING","2018-12-05","1001.24","1002.92","983.96","985.77","-1.47 %","224,347,008.00","-"
"BANKING","2018-12-06","985.51","991.54","975.43","988.32","0.26 %","235,192,992.00","-"
"BANKING","2018-12-09","988.65","998.89","988.65","1001.83","1.37 %","136,314,000.00","-"
"BANKING","2018-12-10","1001.39","1017.43","1001.39","1015.26","1.34 %","255,211,008.00","-"
"BANKING","2018-12-11","1014.71","1017.23","1010.86","1012.58","-0.26 %","285,452,992.00","-"
"BANKING","2018-12-12","1012.14","1013.90","1006.90","1011.24","-0.13 %","132,299,000.00","-"
"BANKING","2018-12-13","1011.35","1023.24","1010.10","1019.79","0.85 %","148,468,992.00","-"
"BANKING","2018-12-16","1020.52","1039.85","1020.52","1037.56","1.74 %","273,153,984.00","-"
"BANKING","2018-12-17","1037.31","1046.71","1035.18","1046.71","0.88 %","199,935,008.00","-"
"BANKING","2018-12-18","1047.27","1049.00","1026.53","1031.07","-1.49 %","283,513,984.00","-"
"BANKING","2018-12-19","1031.29","1031.32","1021.19","1022.42","-0.84 %","184,668,000.00","-"
"BANKING","2018-12-20","1022.70","1033.00","1022.70","1025.91","0.34 %","240,596,992.00","-"
"BANKING","2018-12-23","1026.78","1051.13","1026.78","1050.82","2.43 %","420,592,000.00","-"
"BANKING","2018-12-24","1051.65","1056.25","1040.50","1040.50","-0.98 %","317,967,008.00","-"
"BANKING","2018-12-25","1042.23","1042.23","1031.87","1035.94","-0.44 %","191,543,008.00","-"
"BANKING","2018-12-26","1035.90","1055.08","1032.58","1054.48","1.79 %","322,854,016.00","-"
"BANKING","2018-12-27","1055.48","1066.10","1046.95","1047.82","-0.63 %","410,777,984.00","-"
"BANKING","2018-12-30","1047.82","1051.17","1040.97","1041.33","-0.62 %","174,023,008.00","-"
"BANKING","2018-12-31","1041.55","1044.55","1027.76","1027.76","-1.30 %","145,120,000.00","-"
"BANKING","2019-01-01","1025.72","1032.90","1022.85","1024.27","-0.34 %","99,869,504.00","-"
"BANKING","2019-01-02","1024.27","1025.79","1019.16","1019.83","-0.43 %","103,831,000.00","-"
"BANKING","2019-01-03","1020.16","1022.48","1014.99","1015.47","-0.43 %","113,246,000.00","-"
"BANKING","2019-01-06","1015.85","1017.17","1008.42","1008.61","-0.68 %","145,675,008.00","-"
"BANKING","2019-01-07","1008.49","1017.17","1007.75","1013.24","0.46 %","190,220,000.00","-"
"BANKING","2019-01-08","1013.87","1017.28","1012.15","1013.15","-0.01 %","200,406,000.00","-"
"BANKING","2019-01-09","1013.87","1013.15","1018.69","1015.59","0.24 %","177,672,000.00","-"
"BANKING","2019-01-10","1015.59","1020.04","1015.59","1017.17","0.16 %","237,756,992.00","-"
"BANKING","2019-01-13","1017.92","1019.40","1010.85","1010.85","-0.62 %","254,986,000.00","-"
"BANKING","2019-01-14","1010.85","1009.87","1006.35","1009.76","-0.11 %","119,416,000.00","-"
"BANKING","2019-01-15","1009.98","1015.48","1009.28","1014.80","0.50 %","95,750,400.00","-"
"BANKING","2019-01-16","1014.80","1015.96","1009.57","1009.60","-0.51 %","212,888,000.00","-"
"BANKING","2019-01-17","1009.84","1009.84","1006.14","1006.79","-0.28 %","123,969,000.00","-"
"BANKING","2019-01-20","1007.23","1008.27","1000.89","1001.74","-0.50 %","47,653,200.00","-"
"BANKING","2019-01-21","1000.40","1000.40","995.65","995.78","-0.59 %","102,722,000.00","-"
"BANKING","2019-01-22","995.28","1001.10","994.17","997.53","0.18 %","109,830,000.00","-"
"BANKING","2019-01-23","997.52","999.67","996.83","999.02","0.15 %","90,267,696.00","-"
"BANKING","2019-01-24","998.09","1002.58","995.40","997.03","-0.20 %","112,979,000.00","-"
"BANKING","2019-01-27","996.42","996.65","986.78","988.42","-0.86 %","145,854,000.00","-"
"BANKING","2019-01-28","989.86","990.54","987.59","989.63","0.12 %","100,073,000.00","-"
"BANKING","2019-01-29","989.23","989.41","985.96","986.46","-0.32 %","95,510,600.00","-"
"BANKING","2019-01-30","986.80","989.77","986.66","988.01","0.16 %","74,557,904.00","-"
"BANKING","2019-01-31","991.00","992.81","987.84","989.14","0.11 %","95,134,800.00","-"
"BANKING","2019-02-03","988.36","991.93","982.43","983.50","-0.57 %","134,832,992.00","-"
"BANKING","2019-02-04","983.53","983.53","976.89","977.42","-0.62 %","139,963,008.00","-"
"BANKING","2019-02-05","977.02","983.85","976.73","979.81","0.24 %","85,828,704.00","-"
"BANKING","2019-02-06","980.27","980.40","973.96","973.96","-0.60 %","97,777,800.00","-"
"BANKING","2019-02-07","973.16","977.75","973.16","976.22","0.23 %","80,289,600.00","-"
"BANKING","2019-02-10","975.66","975.67","967.27","969.49","-0.69 %","103,674,000.00","-"
"BANKING","2019-02-11","968.00","970.72","964.62","968.01","-0.15 %","83,196,800.00","-"
"BANKING","2019-02-12","969.29","971.42","966.28","967.55","-0.05 %","76,318,600.00","-"
"BANKING","2019-02-13","968.04","971.31","960.88","960.88","-0.69 %","105,830,000.00","-"
"BANKING","2019-02-14","959.32","960.08","955.20","955.20","-0.59 %","2,026,099,968.00","-"
"BANKING","2019-02-17","961.23","966.79","951.72","954.28","-0.10 %","107,107,000.00","-"
"BANKING","2019-02-18","953.12","953.32","944.94","945.97","-0.87 %","118,075,000.00","-"
"BANKING","2019-02-19","947.56","960.66","945.57","960.66","1.55 %","88,963,904.00","-"
"BANKING","2019-02-20","963.38","963.51","951.83","951.95","-0.91 %","88,963,896.00","-"
"BANKING","2019-02-21","952.07","954.48","949.68","953.27","0.14 %","67,242,000.00","-"
"BANKING","2019-02-24","957.22","957.33","943.83","944.27","-0.94 %","84,347,000.00","-"
"BANKING","2019-02-25","944.50","949.25","942.30","948.34","0.43 %","98,569,904.00","-"
"BANKING","2019-02-26","948.50","948.68","941.73","943.73","-0.49 %","68,662,400.00","-"
"BANKING","2019-02-27","944.07","948.62","942.45","946.63","0.31 %","89,651,400.00","-"
"BANKING","2019-03-03","945.57","946.80","940.03","940.03","-0.70 %","105,616,000.00","-"
"BANKING","2019-03-05","939.80","943.60","936.83","942.08","0.22 %","85,119,904.00","-"
"BANKING","2019-03-06","943.23","949.31","941.43","949.31","0.77 %","108,004,000.00","-"
"BANKING","2019-03-07","949.43","963.23","949.43","963.23","1.47 %","121,005,000.00","-"
"BANKING","2019-03-10","963.09","965.55","954.70","964.57","0.14 %","45,735,200.00","-"
"BANKING","2019-03-11","965.45","981.66","962.56","981.66","1.77 %","184,043,008.00","-"
"BANKING","2019-03-12","988.45","1003.94","981.03","1003.94","2.27 %","289,691,008.00","-"
"BANKING","2019-03-13","999.12","1009.46","993.36","993.36","-1.05 %","211,315,008.00","-"
"BANKING","2019-03-14","993.51","998.23","985.78","997.96","0.46 %","211,314,880.00","-"
"BANKING","2019-03-17","999.28","1009.08","999.28","1005.43","0.75 %","163,442,000.00","-"
"BANKING","2019-03-18","1004.86","1009.00","999.06","999.06","-0.63 %","127,971,000.00","-"
"BANKING","2019-03-19","999.64","1003.17","992.31","992.31","-0.68 %","44,948,500.00","-"
"BANKING","2019-03-21","992.04","994.12","984.46","985.13","-0.72 %","113,844,000.00","-"
"BANKING","2019-03-24","986.60","987.46","976.56","980.48","-0.47 %","93,464,704.00","-"
"BANKING","2019-03-25","980.19","987.54","978.71","985.21","0.48 %","96,113,504.00","-"
"BANKING","2019-03-26","983.38","987.47","981.23","986.38","0.12 %","91,541,200.00","-"
"BANKING","2019-03-27","986.28","988.59","985.79","987.91","0.16 %","171,364,000.00","-"
"BANKING","2019-03-28","987.93","991.57","986.18","989.29","0.14 %","112,950,000.00","-"
"BANKING","2019-03-31","991.68","997.18","986.15","989.73","0.04 %","139,172,992.00","-"
"BANKING","2019-04-01","988.30","1002.48","987.66","999.65","1.03 %","204,504,992.00","-"
"BANKING","2019-04-02","1005.25","1019.32","1005.25","1019.32","1.97 %","351,030,016.00","-"
"BANKING","2019-04-03","1019.38","1031.17","1011.85","1023.85","0.44 %","380,831,008.00","-"
"BANKING","2019-04-04","1023.75","1029.70","1016.36","1024.80","0.09 %","277,022,016.00","-"
"BANKING","2019-04-07","1024.36","1052.98","1020.79","1052.98","2.75 %","385,080,992.00","-"
"BANKING","2019-04-08","1054.82","1071.05","1048.18","1057.97","0.47 %","580,248,000.00","-"
"BANKING","2019-04-09","1058.26","1062.20","1046.61","1048.61","-0.88 %","393,868,000.00","-"
"BANKING","2019-04-10","1049.65","1057.07","1042.43","1051.57","0.28 %","252,824,000.00","-"
"BANKING","2019-04-11","1051.97","1055.58","1049.39","1052.12","0.05 %","235,968,000.00","-"
"BANKING","2019-04-15","1052.91","1058.00","1051.04","1058.00","0.56 %","139,986,000.00","-"
"BANKING","2019-04-16","1056.29","1087.41","1056.16","1087.41","2.78 %","453,515,008.00","-"
"BANKING","2019-04-17","1087.90","1102.16","1083.52","1096.34","0.82 %","567,320,000.00","-"
"BANKING","2019-04-18","1097.05","1121.69","1094.57","1121.69","2.31 %","545,131,008.00","-"
"BANKING","2019-04-21","1122.07","1167.63","1116.81","1167.63","4.10 %","738,654,016.00","-"
"BANKING","2019-04-22","1168.26","1185.39","1142.17","1153.74","-1.19 %","681,310,976.00","-"
"BANKING","2019-04-23","1153.10","1169.63","1143.65","1160.40","0.58 %","340,593,984.00","-"
"BANKING","2019-04-24","1168.04","1189.77","1161.55","1187.59","2.34 %","701,870,976.00","-"
"BANKING","2019-04-25","1187.92","1208.63","1187.49","1197.69","0.85 %","913,110,976.00","-"
"BANKING","2019-04-28","1199.85","1214.35","1187.19","1188.66","-0.75 %","832,302,016.00","-"
"BANKING","2019-04-29","1189.27","1189.92","1168.51","1180.86","-0.66 %","495,934,016.00","-"
"BANKING","2019-04-30","1180.98","1189.14","1167.29","1171.04","-0.83 %","385,633,984.00","-"
"BANKING","2019-05-02","1171.37","1171.87","1156.49","1164.28","-0.58 %","267,507,008.00","-"
"BANKING","2019-05-05","1163.78","1164.74","1147.57","1148.26","-1.38 %","360,460,992.00","-"
"BANKING","2019-05-06","1147.90","1177.87","1140.78","1177.87","2.58 %","357,710,016.00","-"
"BANKING","2019-05-07","1175.99","1190.28","1171.38","1175.31","-0.22 %","402,262,016.00","-"
"BANKING","2019-05-08","1175.64","1177.65","1164.93","1169.49","-0.50 %","268,043,008.00","-"
"BANKING","2019-05-09","1170.14","1173.50","1159.75","1161.18","-0.71 %","287,230,016.00","-"
"BANKING","2019-05-12","1159.83","1160.61","1149.28","1160.61","-0.05 %","247,372,992.00","-"
"BANKING","2019-05-13","1161.70","1164.81","1159.87","1161.43","0.07 %","321,976,992.00","-"
"BANKING","2019-05-14","1166.00","1180.31","1166.00","1175.57","1.22 %","549,665,984.00","-"
"BANKING","2019-05-15","1176.40","1199.75","1176.12","1185.43","0.84 %","736,379,008.00","-"
"BANKING","2019-05-16","1188.26","1188.75","1176.48","1177.19","-0.70 %","390,780,000.00","-"
"BANKING","2019-05-19","1177.27","1179.60","1170.57","1172.97","-0.36 %","477,560,000.00","-"
"BANKING","2019-05-20","1173.85","1176.91","1164.79","1165.70","-0.62 %","477,168,000.00","-"
"BANKING","2019-05-21","1166.50","1170.72","1161.79","1165.78","0.01 %","303,156,000.00","-"
"BANKING","2019-05-22","1165.96","1172.50","1165.96","1168.36","0.22 %","339,808,992.00","-"
"BANKING","2019-05-23","1168.73","1175.03","1165.43","1167.42","-0.08 %","330,641,984.00","-"
"BANKING","2019-05-26","1169.32","1171.15","1156.35","1157.81","-0.82 %","267,123,008.00","-"
"BANKING","2019-05-27","1158.69","1162.80","1152.25","1156.86","-0.08 %","237,662,000.00","-"
"BANKING","2019-05-28","1158.90","1160.54","1154.89","1158.64","0.15 %","338,508,000.00","-"
"BANKING","2019-05-29","1159.00","1165.71","1158.75","1165.71","0.61 %","308,921,984.00","-"
"BANKING","2019-05-30","1183.74","1202.68","1175.58","1176.66","0.94 %","820,184,000.00","-"
"BANKING","2019-06-02","1177.52","1177.52","1162.22","1162.89","-1.17 %","248,747,008.00","-"
"BANKING","2019-06-03","1164.93","1164.93","1149.99","1151.82","-0.95 %","343,182,016.00","-"
"BANKING","2019-06-04","1151.22","1157.94","1147.67","1148.95","-0.25 %","310,476,000.00","-"
"BANKING","2019-06-06","1151.67","1151.67","1143.34","1143.34","-0.49 %","234,926,000.00","-"
"BANKING","2019-06-10","1144.31","1147.03","1136.03","1137.72","-0.49 %","273,204,992.00","-"
"BANKING","2019-06-11","1138.33","1145.18","1138.08","1140.19","0.22 %","215,366,000.00","-"
"BANKING","2019-06-12","1140.87","1142.29","1132.49","1137.16","-0.27 %","172,964,000.00","-"
"BANKING","2019-06-13","1137.63","1140.07","1129.72","1135.07","-0.18 %","190,116,992.00","-"
"BANKING","2019-06-16","1137.46","1137.61","1126.61","1127.94","-0.63 %","226,800,000.00","-"
"BANKING","2019-06-17","1129.26","1134.70","1124.69","1129.64","0.15 %","215,228,992.00","-"
"BANKING","2019-06-18","1128.91","1133.78","1127.18","1130.08","0.04 %","155,812,992.00","-"
"BANKING","2019-06-19","1128.98","1133.04","1125.51","1129.02","-0.09 %","136,710,000.00","-"
"BANKING","2019-06-20","1129.26","1137.72","1126.61","1135.91","0.61 %","204,112,000.00","-"
"BANKING","2019-06-23","1136.63","1136.63","1126.82","1128.99","-0.61 %","211,839,008.00","-"
"BANKING","2019-06-24","1129.79","1133.33","1126.51","1133.33","0.38 %","204,816,000.00","-"
"BANKING","2019-06-25","1132.99","1138.77","1131.83","1134.72","0.12 %","186,912,992.00","-"
"BANKING","2019-06-26","1135.44","1136.53","1128.74","1131.49","-0.28 %","183,674,000.00","-"
"BANKING","2019-06-27","1132.45","1134.32","1130.28","1132.21","0.06 %","249,595,008.00","-"
"BANKING","2019-06-30","1131.43","1132.46","1120.36","1120.36","-1.05 %","308,712,000.00","-"
"BANKING","2019-07-01","1121.12","1121.24","1113.21","1116.72","-0.32 %","183,319,008.00","-"
"BANKING","2019-07-02","1118.21","1128.24","1112.46","1128.24","1.03 %","276,960,992.00","-"
"BANKING","2019-07-03","1128.12","1145.72","1122.90","1142.00","1.22 %","333,024,992.00","-"
"BANKING","2019-07-04","1143.12","1146.92","1133.79","1135.41","-0.58 %","329,398,016.00","-"
"BANKING","2019-07-07","1139.64","1141.23","1128.59","1128.71","-0.59 %","352,120,992.00","-"
"BANKING","2019-07-08","1128.70","1130.24","1116.98","1119.22","-0.84 %","266,910,000.00","-"
"BANKING","2019-07-09","1119.28","1125.48","1114.70","1123.09","0.35 %","229,935,008.00","-"
"BANKING","2019-07-10","1123.55","1125.98","1117.77","1124.87","0.16 %","183,578,000.00","-"
"BANKING","2019-07-11","1125.15","1128.82","1123.19","1126.76","0.17 %","226,348,000.00","-"
"BANKING","2019-07-14","1127.53","1129.76","1124.88","1126.15","-0.05 %","113,075,000.00","-"
"BANKING","2019-07-15","1125.98","1130.35","1125.22","1128.91","0.25 %","194,127,008.00","-"
"BANKING","2019-07-16","1158.09","1158.09","1126.76","1133.04","0.37 %","168,564,000.00","-"
"BANKING","2019-07-17","1133.26","1149.73","1133.17","1149.73","1.47 %","183,496,992.00","-"
"BANKING","2019-07-18","1151.63","1160.39","1148.38","1148.38","-0.12 %","170,046,000.00","-"
"BANKING","2019-07-21","1151.94","1152.17","1140.97","1145.43","-0.26 %","142,651,008.00","-"
"BANKING","2019-07-22","1145.55","1150.03","1144.65","1147.77","0.20 %","149,204,992.00","-"
"BANKING","2019-07-23","1147.43","1156.05","1147.43","1154.74","0.61 %","198,416,000.00","-"
"BANKING","2019-07-24","1154.96","1163.58","1153.49","1160.97","0.54 %","235,204,000.00","-"
"BANKING","2019-07-25","1161.56","1161.56","1146.87","1148.42","-1.08 %","306,352,992.00","-"
"BANKING","2019-07-28","1142.89","1142.89","1129.78","1132.50","-1.39 %","258,626,000.00","-"
"BANKING","2019-07-29","1132.86","1138.66","1132.86","1135.09","0.23 %","144,195,008.00","-"
"BANKING","2019-07-30","1135.81","1139.52","1135.81","1137.94","0.25 %","110,654,000.00","-"
"BANKING","2019-07-31","1139.03","1144.31","1135.98","1139.97","0.18 %","147,599,008.00","-"
"BANKING","2019-08-01","1140.22","1143.82","1134.80","1136.29","-0.32 %","161,744,000.00","-"
"BANKING","2019-08-04","1136.52","1139.09","1131.52","1132.80","-0.31 %","203,803,008.00","-"
"BANKING","2019-08-05","1133.33","1134.83","1128.01","1129.97","-0.25 %","183,203,008.00","-"
"BANKING","2019-08-06","1131.07","1131.07","1118.32","1120.61","-0.83 %","278,084,992.00","-"
"BANKING","2019-08-07","1121.46","1126.77","1114.92","1123.57","0.26 %","176,374,000.00","-"
"BANKING","2019-08-08","1123.90","1126.04","1116.82","1118.03","-0.49 %","141,615,008.00","-"
"BANKING","2019-08-11","1116.63","1116.63","1108.35","1113.00","-0.45 %","129,005,000.00","-"
"BANKING","2019-08-12","1114.15","1116.66","1109.96","1112.58","-0.04 %","116,324,000.00","-"
"BANKING","2019-08-13","1113.74","1115.35","1107.98","1111.28","-0.12 %","311,604,000.00","-"
"BANKING","2019-08-14","1111.06","1112.14","1104.69","1104.78","-0.58 %","128,988,000.00","-"
"BANKING","2019-08-15","1103.86","1105.81","1100.23","1102.45","-0.21 %","225,807,008.00","-"
"BANKING","2019-08-18","1103.73","1106.56","1095.25","1098.20","-0.39 %","175,918,000.00","-"
"BANKING","2019-08-19","1098.33","1113.78","1093.38","1105.53","0.67 %","152,020,992.00","-"
"BANKING","2019-08-20","1106.40","1106.84","1097.83","1098.70","-0.62 %","100,008,000.00","-"
"BANKING","2019-08-21","1099.24","1101.86","1095.43","1098.65","0.00 %","130,503,000.00","-"
"BANKING","2019-08-22","1099.20","1104.69","1097.73","1097.95","-0.06 %","133,147,000.00","-"
"BANKING","2019-08-25","1097.46","1097.68","1088.32","1096.29","-0.15 %","142,172,000.00","-"
"BANKING","2019-08-26","1096.51","1097.12","1086.66","1091.44","-0.44 %","139,580,000.00","-"
"BANKING","2019-08-27","1091.90","1100.18","1091.90","1096.64","0.48 %","128,448,000.00","-"
"BANKING","2019-08-28","1099.52","1102.19","1087.06","1087.06","-0.87 %","155,110,000.00","-"
"BANKING","2019-08-29","1088.02","1092.08","1085.60","1087.92","0.08 %","131,622,000.00","-"
"BANKING","2019-09-01","1091.12","1091.23","1080.69","1080.78","-0.66 %","133,358,000.00","-"
"BANKING","2019-09-02","1080.30","1085.55","1065.46","1068.19","-1.16 %","163,882,000.00","-"
"BANKING","2019-09-03","1068.43","1087.18","1055.75","1087.18","1.78 %","212,999,000.00","-"
"BANKING","2019-09-04","1089.03","1096.11","1080.77","1093.27","0.56 %","248,464,000.00","-"
"BANKING","2019-09-05","1093.93","1096.50","1088.26","1090.24","-0.28 %","123,489,000.00","-"
"BANKING","2019-09-08","1090.36","1090.36","1078.24","1079.28","-1.01 %","128,594,000.00","-"
"BANKING","2019-09-09","1079.51","1080.97","1069.48","1072.47","-0.63 %","139,052,000.00","-"
"BANKING","2019-09-10","1072.47","1077.73","1066.69","1070.73","-0.16 %","116,715,000.00","-"
"BANKING","2019-09-11","1070.94","1073.62","1067.43","1068.97","-0.16 %","113,432,000.00","-"
"BANKING","2019-09-12","1069.62","1070.16","1063.88","1066.19","-0.26 %","180,587,000.00","-"
"BANKING","2019-09-15","1070.64","1070.64","1046.50","1046.50","-1.85 %","149,494,000.00","-"
"BANKING","2019-09-16","1046.25","1046.25","1031.78","1033.43","-1.25 %","164,236,000.00","-"
"BANKING","2019-09-17","1033.83","1058.88","1033.65","1054.50","2.04 %","185,143,000.00","-"
"BANKING","2019-09-18","1054.86","1077.54","1054.86","1071.85","1.65 %","206,404,000.00","-"
"BANKING","2019-09-19","1073.80","1076.13","1058.16","1058.42","-1.25 %","169,323,000.00","-"
"BANKING","2019-09-22","1058.42","1058.42","1043.81","1047.09","-1.07 %","84,699,900.00","-"
"BANKING","2019-09-23","1048.18","1052.50","1044.16","1047.53","0.04 %","94,565,500.00","-"
"BANKING","2019-09-24","1047.16","1047.88","1041.10","1043.35","-0.40 %","102,882,000.00","-"
"BANKING","2019-09-25","1043.35","1044.89","1038.40","1038.52","-0.46 %","93,033,400.00","-"
"BANKING","2019-09-26","1038.52","1040.38","1035.60","1036.77","-0.17 %","112,959,000.00","-"
"BANKING","2019-09-29","1036.42","1036.72","1030.37","1032.33","-0.43 %","127,137,000.00","-"
"BANKING","2019-09-30","1032.93","1042.14","1027.92","1042.14","0.95 %","99,661,300.00","-"
"BANKING","2019-10-01","1042.14","1055.67","1041.12","1054.95","1.23 %","79,072,900.00","-"
"BANKING","2019-10-02","1055.50","1057.63","1050.20","1050.39","-0.43 %","81,149,800.00","-"
"BANKING","2019-10-03","1050.93","1057.64","1047.88","1056.54","0.59 %","70,512,200.00","-"
"BANKING","2019-10-10","1055.91","1060.03","1054.82","1057.94","0.13 %","46,817,600.00","-"
"BANKING","2019-10-14","1058.55","1059.17","1043.68","1044.49","-1.27 %","125,564,000.00","-"
"BANKING","2019-10-15","1044.73","1049.01","1041.56","1049.01","0.43 %","120,735,000.00","-"
"BANKING","2019-10-16","1049.62","1049.84","1043.01","1044.03","-0.47 %","116,458,000.00","-"
"BANKING","2019-10-17","1044.03","1046.70","1043.16","1044.79","0.07 %","94,351,200.00","-"
"BANKING","2019-10-20","1044.54","1047.57","1039.22","1040.86","-0.38 %","67,596,300.00","-"
"BANKING","2019-10-21","1041.34","1043.53","1036.85","1038.98","-0.18 %","86,577,900.00","-"
"BANKING","2019-10-22","1038.87","1043.43","1036.51","1043.43","0.43 %","94,324,700.00","-"
"BANKING","2019-10-23","1043.55","1050.03","1043.41","1050.03","0.63 %","85,532,300.00","-"
"BANKING","2019-10-24","1049.54","1057.20","1047.67","1056.66","0.63 %","222,193,000.00","-"
"BANKING","2019-10-31","1057.32","1059.37","1050.52","1053.17","-0.33 %","121,755,000.00","-"
"BANKING","2019-11-03","1052.60","1053.08","1042.65","1046.39","-0.64 %","84,427,300.00","-"
"BANKING","2019-11-04","1046.88","1047.86","1041.54","1045.47","-0.09 %","93,209,200.00","-"
"BANKING","2019-11-05","1045.47","1047.47","1044.42","1045.87","0.04 %","112,187,000.00","-"
"BANKING","2019-11-06","1046.53","1048.32","1043.61","1045.84","0.00 %","129,144,000.00","-"
"BANKING","2019-11-07","1044.85","1047.07","1037.80","1039.18","-0.64 %","270,001,000.00","-"
"BANKING","2019-11-10","1039.95","1042.94","1035.60","1038.91","-0.03 %","189,907,000.00","-"
"BANKING","2019-11-11","1040.00","1053.86","1040.00","1051.22","1.18 %","355,875,000.00","-"
"BANKING","2019-11-12","1052.39","1053.40","1043.51","1045.91","-0.51 %","171,576,000.00","-"
"BANKING","2019-11-13","1044.35","1044.71","1038.50","1040.65","-0.50 %","149,745,000.00","-"
"BANKING","2019-11-14","1040.65","1044.84","1039.88","1042.03","0.13 %","125,182,000.00","-"
"BANKING","2019-11-17","1041.11","1043.85","1036.97","1041.56","-0.05 %","190,800,000.00","-"
"BANKING","2019-11-18","1042.86","1043.45","1039.09","1041.66","0.01 %","230,486,000.00","-"
"BANKING","2019-11-19","1041.77","1042.88","1038.58","1040.04","-0.16 %","129,089,000.00","-"
"BANKING","2019-11-20","1040.20","1048.22","1039.89","1040.61","0.05 %","172,801,000.00","-"
"BANKING","2019-11-21","1040.48","1040.65","1028.91","1031.19","-0.91 %","147,145,000.00","-"
"BANKING","2019-11-24","1031.66","1032.42","1019.50","1020.72","-1.02 %","137,251,000.00","-"
"BANKING","2019-11-25","1021.37","1022.28","1012.65","1019.68","-0.10 %","139,574,000.00","-"
"BANKING","2019-11-26","1018.99","1022.07","1017.60","1020.51","0.08 %","107,326,000.00","-"
"BANKING","2019-11-27","1020.38","1025.66","1019.55","1025.45","0.57 %","97,528,700.00","-"
"BANKING","2019-11-28","1025.76","1028.38","1021.05","1021.21","-0.41 %","103,371,000.00","-"
"BANKING","2019-12-01","1021.21","1021.69","1017.19","1017.92","-0.32 %","110,748,000.00","-"
"BANKING","2019-12-02","1018.26","1021.46","1017.80","1019.05","0.11 %","90,001,300.00","-"
"BANKING","2019-12-03","1019.52","1021.77","1018.72","1021.34","0.22 %","87,494,900.00","-"
"BANKING","2019-12-04","1021.99","1026.37","1021.13","1024.30","0.29 %","104,426,000.00","-"
"BANKING","2019-12-05","1024.30","1030.89","1024.25","1026.41","0.21 %","111,944,000.00","-"
"BANKING","2019-12-08","1026.41","1029.32","1023.93","1026.89","0.05 %","95,693,800.00","-"
"BANKING","2019-12-09","1026.46","1041.48","1024.95","1034.80","0.77 %","131,173,000.00","-"
"BANKING","2019-12-10","1035.14","1044.60","1034.53","1041.88","0.68 %","227,655,000.00","-"
"BANKING","2019-12-11","1043.48","1050.25","1043.27","1046.15","0.41 %","151,714,000.00","-"
"BANKING","2019-12-12","1047.12","1049.85","1043.68","1048.97","0.12 %","160,600,000.00","-"
"BANKING","2019-12-15","1048.86","1062.63","1048.86","1051.79","0.27 %","263,422,000.00","-"
"BANKING","2019-12-16","1052.31","1057.55","1043.95","1044.56","-0.69 %","158,209,000.00","-"
"BANKING","2019-12-17","1045.03","1047.29","1041.01","1042.98","-0.15 %","109,512,000.00","-"
"BANKING","2019-12-18","1043.13","1045.08","1039.28","1041.24","-0.17 %","134,640,000.00","-"
"BANKING","2019-12-19","1041.24","1042.17","1038.48","1039.30","-0.19 %","241,061,000.00","-"
"BANKING","2019-12-22","1039.26","1040.94","1036.77","1038.38","-0.09 %","156,994,000.00","-"
"BANKING","2019-12-23","1038.60","1044.01","1038.10","1041.70","0.32 %","248,388,000.00","-"
"BANKING","2019-12-24","1041.70","1047.32","1041.59","1042.55","0.08 %","206,807,000.00","-"
"BANKING","2019-12-25","1043.49","1046.16","1040.86","1042.97","0.04 %","225,913,000.00","-"
"BANKING","2019-12-26","1042.20","1044.79","1042.11","1043.66","0.07 %","284,256,000.00","-"
"BANKING","2019-12-29","1042.96","1042.96","1032.74","1035.01","-0.83 %","118,485,000.00","-"
"BANKING","2019-12-30","1036.75","1036.75","1028.17","1032.80","-0.21 %","126,595,000.00","-"
"BANKING","2019-12-31","1033.25","1036.68","1031.68","1034.84","0.20 %","96,873,700.00","-"
"BANKING","2020-01-01","1034.32","1038.22","1033.19","1038.22","0.33 %","82,437,000.00","-"
"BANKING","2020-01-02","1036.75","1038.22","1035.20","1036.01","-0.21 %","114,475,000.00","-"
"BANKING","2020-01-05","1034.45","1057.37","1031.79","1052.75","1.62 %","211,739,000.00","-"
"BANKING","2020-01-06","1054.07","1078.62","1054.07","1078.62","2.46 %","373,372,000.00","-"
"BANKING","2020-01-07","1079.27","1098.34","1079.27","1097.64","1.76 %","579,964,000.00","-"
"BANKING","2020-01-08","1097.98","1102.73","1085.06","1086.43","-1.02 %","272,283,000.00","-"
"BANKING","2020-01-09","1087.07","1090.68","1080.51","1085.01","-0.13 %","143,764,000.00","-"
"BANKING","2020-01-12","1085.46","1112.31","1085.46","1112.31","2.52 %","357,041,000.00","-"
"BANKING","2020-01-13","1112.95","1138.09","1112.95","1127.12","1.33 %","554,586,000.00","-"
"BANKING","2020-01-14","1128.12","1128.94","1113.19","1116.76","-0.92 %","244,485,000.00","-"
"BANKING","2020-01-15","1118.41","1149.24","1118.41","1143.92","2.43 %","382,533,000.00","-"
"BANKING","2020-01-16","1145.33","1168.56","1145.33","1163.30","1.69 %","614,117,000.00","-"
"BANKING","2020-01-19","1163.30","1182.64","1163.30","1181.24","1.54 %","636,986,000.00","-"
"BANKING","2020-01-20","1179.34","1201.76","1158.90","1165.36","-1.34 %","619,801,000.00","-"
"BANKING","2020-01-21","1166.52","1180.71","1162.32","1170.03","0.40 %","384,523,000.00","-"
"BANKING","2020-01-22","1175.07","1176.75","1161.40","1161.41","-0.74 %","892,202,000.00","-"
"BANKING","2020-01-23","1162.69","1165.61","1138.43","1140.19","-1.83 %","432,924,000.00","-"
"BANKING","2020-01-26","1141.29","1142.30","1120.98","1121.73","-1.62 %","326,338,000.00","-"
"BANKING","2020-01-27","1121.74","1139.75","1118.73","1139.74","1.61 %","246,998,000.00","-"
"BANKING","2020-01-28","1139.87","1150.51","1137.60","1138.62","-0.10 %","372,122,000.00","-"
"BANKING","2020-01-29","1139.37","1142.25","1130.45","1130.67","-0.70 %","238,882,000.00","-"
"BANKING","2020-01-30","1131.17","1152.39","1131.16","1148.92","1.61 %","366,099,000.00","-"
"BANKING","2020-02-02","1149.46","1178.15","1149.46","1175.96","2.35 %","587,905,000.00","-"
"BANKING","2020-02-03","1177.99","1183.17","1170.89","1172.60","-0.29 %","441,261,000.00","-"
"BANKING","2020-02-04","1177.17","1177.17","1156.59","1158.62","-1.19 %","339,622,000.00","-"
"BANKING","2020-02-05","1161.09","1163.89","1157.64","1162.39","0.33 %","345,625,000.00","-"
"BANKING","2020-02-06","1160.87","1164.11","1152.74","1153.81","-0.74 %","260,566,000.00","-"
"BANKING","2020-02-09","1152.48","1153.64","1140.02","1141.42","-1.07 %","276,963,000.00","-"
"BANKING","2020-02-10","1142.75","1147.36","1136.43","1142.21","0.07 %","231,984,000.00","-"
"BANKING","2020-02-11","1143.38","1157.76","1141.59","1156.69","1.27 %","462,156,000.00","-"
"BANKING","2020-02-12","1157.01","1164.48","1151.85","1153.71","-0.26 %","347,190,000.00","-"
"BANKING","2020-02-13","1154.39","1156.81","1143.46","1144.77","-0.77 %","314,636,000.00","-"
"BANKING","2020-02-16","1144.77","1149.92","1138.73","1149.92","0.45 %","312,641,000.00","-"
"BANKING","2020-02-17","1150.56","1191.79","1150.56","1191.04","3.58 %","695,490,000.00","-"
"BANKING","2020-02-18","1192.38","1214.91","1189.61","1198.57","0.63 %","720,533,000.00","-"
"BANKING","2020-02-19","1197.19","1201.02","1187.28","1194.82","-0.31 %","366,268,000.00","-"
"BANKING","2020-02-20","1194.60","1202.72","1193.01","1202.72","0.66 %","476,004,000.00","-"
"BANKING","2020-02-23","1206.46","1291.94","1206.46","1288.74","7.15 %","1,261,360,000.00","-"
"BANKING","2020-02-24","1295.13","1330.01","1290.28","1293.50","0.37 %","1,498,800,000.00","-"
"BANKING","2020-02-25","1298.08","1305.91","1268.09","1306.39","1.00 %","732,771,000.00","-"
"BANKING","2020-02-26","1307.40","1356.86","1307.40","1356.86","3.86 %","1,278,650,000.00","-"
"BANKING","2020-02-27","1358.20","1434.36","1320.56","1440.15","5.71 %","2,033,380,000.00","-"
"BANKING","2020-03-01","1450.45","1483.16","1414.91","1414.91","-1.75 %","2,459,200,000.00","-"
"BANKING","2020-03-02","1415.47","1416.03","1319.51","1319.51","-6.74 %","1,055,080,000.00","-"
"BANKING","2020-03-03","1315.92","1370.00","1263.45","1342.14","1.72 %","1,597,650,000.00","-"
"BANKING","2020-03-04","1343.55","1343.55","1279.59","1281.18","-4.54 %","1,157,290,000.00","-"
"BANKING","2020-03-05","1283.29","1291.92","1244.05","1266.93","-1.11 %","880,820,000.00","-"
"BANKING","2020-03-10","1266.09","1266.09","1183.57","1183.57","-6.58 %","556,745,000.00","-"
"BANKING","2020-03-11","1184.06","1252.03","1179.92","1252.03","5.78 %","910,450,000.00","-"
"BANKING","2020-03-12","1252.22","1258.12","1207.35","1211.61","-3.23 %","855,408,000.00","-"
"BANKING","2020-03-15","1199.35","1199.35","1153.03","1154.61","-4.70 %","866,548,000.00","-"
"BANKING","2020-03-16","1154.47","1174.75","1132.90","1155.71","0.10 %","657,975,000.00","-"
"BANKING","2020-03-17","1156.48","1159.49","1115.53","1122.55","-2.87 %","639,602,000.00","-"
"BANKING","2020-03-18","1122.27","1134.32","1084.19","1106.74","-1.41 %","536,673,000.00","-"
"BANKING","2020-03-19","1099.09","1129.02","1068.16","1120.39","1.23 %","681,334,000.00","-"
"BANKING","2020-03-22","1119.22","1125.43","1089.98","1093.26","-2.42 %","94,927,000.00","-"
"BANKING","2020-05-12","1092.87","1092.87","1067.15","1067.15","-2.39 %","2,991,530.00","-"
"BANKING","2020-05-13","1066.64","1066.64","1041.50","1041.50","-2.40 %","1,607,240.00","-"
"BANKING","2020-06-29","1033.88","1033.88","973.22","1016.28","-2.42 %","157,412,000.00","-"
"BANKING","2020-06-30","1014.44","1090.00","1011.73","1090.00","7.25 %","52,980,700.00","-"
"BANKING","2020-07-01","1093.80","1172.30","1093.80","1172.30","7.55 %","111,282,000.00","-"
"BANKING","2020-07-02","1185.81","1199.45","1085.17","1085.17","-7.43 %","170,150,000.00","-"
"BANKING","2020-07-05","1085.43","1101.41","1068.44","1088.52","0.31 %","329,606,000.00","-"
"BANKING","2020-07-06","1089.08","1109.81","1078.96","1109.81","1.96 %","257,217,000.00","-"
"BANKING","2020-07-07","1111.15","1145.86","1111.15","1135.64","2.33 %","349,152,000.00","-"
"BANKING","2020-07-08","1135.85","1139.66","1116.56","1124.85","-0.95 %","241,195,000.00","-"
"BANKING","2020-07-09","1126.73","1129.49","1109.03","1124.47","-0.03 %","238,252,000.00","-"
"BANKING","2020-07-12","1125.99","1141.07","1121.95","1123.34","-0.10 %","298,823,000.00","-"
"BANKING","2020-07-13","1126.94","1134.54","1117.09","1124.53","0.11 %","268,116,000.00","-"
"BANKING","2020-07-14","1127.76","1131.77","1123.25","1128.62","0.36 %","270,583,000.00","-"
"BANKING","2020-07-15","1128.62","1159.02","1128.62","1153.00","2.16 %","478,374,000.00","-"
"BANKING","2020-07-16","1153.60","1196.13","1153.60","1193.99","3.56 %","468,082,000.00","-"
"BANKING","2020-07-19","1211.40","1282.86","1211.40","1282.86","7.44 %","10,514,400.00","-"
"BANKING","2020-07-20","1349.11","1378.83","1274.98","1286.00","0.24 %","1,501,150,000.00","-"
"BANKING","2020-07-21","1295.68","1299.89","1260.27","1265.25","-1.61 %","838,902,000.00","-"
"BANKING","2020-07-22","1267.02","1274.74","1242.04","1243.74","-1.70 %","498,373,000.00","-"
"BANKING","2020-07-23","1246.02","1247.29","1223.13","1246.73","0.24 %","417,383,000.00","-"
"BANKING","2020-07-26","1248.68","1263.26","1248.34","1263.23","1.32 %","521,503,000.00","-"
"BANKING","2020-07-27","1266.68","1272.98","1257.34","1261.98","-0.10 %","580,084,000.00","-"
"BANKING","2020-07-28","1264.42","1265.91","1250.04","1254.36","-0.53 %","464,769,000.00","-"
"BANKING","2020-07-29","1250.28","1250.28","1232.88","1233.49","-1.73 %","519,466,000.00","-"
"BANKING","2020-07-30","1234.23","1242.75","1222.15","1238.53","0.41 %","399,293,000.00","-"
"BANKING","2020-08-02","1240.28","1240.28","1197.13","1197.04","-3.35 %","630,190,000.00","-"
"BANKING","2020-08-03","1195.95","1213.68","1183.07","1204.09","0.59 %","379,183,000.00","-"
"BANKING","2020-08-06","1191.03","1191.18","1164.34","1179.91","-0.33 %","304,010,000.00","-"
"BANKING","2020-08-09","1181.68","1187.83","1159.07","1187.83","0.67 %","306,645,000.00","-"
"BANKING","2020-08-10","1190.27","1220.76","1190.14","1220.76","2.77 %","511,305,000.00","-"
"BANKING","2020-08-11","1224.06","1233.33","1211.82","1214.21","-0.54 %","379,621,000.00","-"
"BANKING","2020-08-12","1216.76","1218.77","1203.42","1218.02","0.31 %","284,965,000.00","-"
"BANKING","2020-08-13","1224.05","1224.05","1200.51","1201.73","-1.34 %","361,174,000.00","-"
"BANKING","2020-08-16","1199.03","1199.03","1172.41","1182.37","-1.61 %","541,408,000.00","-"
"BANKING","2020-08-17","1182.81","1188.96","1175.42","1188.96","0.56 %","376,680,000.00","-"
"BANKING","2020-08-18","1193.71","1197.01","1184.62","1188.49","-0.04 %","326,766,000.00","-"
"BANKING","2020-08-19","1187.59","1187.59","1171.18","1173.38","-1.27 %","270,963,000.00","-"
"BANKING","2020-08-20","1174.40","1185.32","1174.40","1178.80","0.46 %","122,999,000.00","-"
"BANKING","2020-08-23","1180.86","1185.88","1175.98","1183.60","0.41 %","166,629,000.00","-"
"BANKING","2020-08-24","1185.67","1199.67","1185.67","1199.67","1.36 %","529,781,000.00","-"
"BANKING","2020-08-25","1203.59","1209.34","1198.92","1201.59","0.16 %","344,977,000.00","-"
"BANKING","2020-08-26","1206.09","1230.73","1203.65","1224.53","1.91 %","688,202,000.00","-"
"BANKING","2020-08-27","1230.71","1236.82","1218.61","1220.47","-0.33 %","503,463,000.00","-"
"BANKING","2020-08-30","1221.35","1221.35","1207.31","1213.03","-0.61 %","225,458,000.00","-"
"BANKING","2020-08-31","1214.67","1218.87","1211.37","1217.97","0.41 %","617,248,000.00","-"
"BANKING","2020-09-02","1232.21","1242.63","1227.22","1237.76","1.62 %","839,193,000.00","-"
"BANKING","2020-09-03","1248.14","1248.14","1228.09","1234.80","-0.24 %","543,101,000.00","-"
"BANKING","2020-09-06","1258.77","1258.77","1223.05","1226.66","-0.66 %","682,923,000.00","-"
"BANKING","2020-09-07","1228.29","1228.61","1207.46","1209.30","-1.42 %","403,755,000.00","-"
"BANKING","2020-09-08","1213.11","1213.11","1197.15","1206.45","-0.24 %","319,632,000.00","-"
"BANKING","2020-09-09","1207.08","1207.26","1198.61","1204.56","-0.16 %","405,698,000.00","-"
"BANKING","2020-09-10","1208.91","1220.40","1205.85","1208.39","0.32 %","313,037,000.00","-"
"BANKING","2020-09-13","1208.36","1214.21","1203.37","1214.21","0.48 %","590,714,000.00","-"
"BANKING","2020-09-14","1215.75","1234.35","1215.75","1228.89","1.21 %","769,664,000.00","-"
"BANKING","2020-09-15","1230.49","1238.90","1222.53","1225.89","-0.24 %","474,111,000.00","-"
"BANKING","2020-09-16","1218.81","1223.65","1218.41","1221.31","-0.37 %","322,474,000.00","-"
"BANKING","2020-09-17","1239.15","1254.74","1223.42","1249.37","2.30 %","901,369,000.00","-"
"BANKING","2020-09-20","1268.22","1287.72","1265.08","1268.79","1.55 %","1,002,610,000.00","-"
"BANKING","2020-09-21","1283.35","1283.74","1256.89","1264.47","-0.34 %","914,801,000.00","-"
"BANKING","2020-09-22","1274.36","1274.67","1239.78","1242.10","-1.77 %","837,936,000.00","-"
"BANKING","2020-09-23","1242.85","1246.33","1232.62","1243.97","0.15 %","498,982,000.00","-"
"BANKING","2020-09-24","1258.02","1258.02","1239.20","1244.90","0.07 %","470,375,000.00","-"
"BANKING","2020-09-27","1257.92","1266.02","1245.33","1258.64","1.10 %","941,621,000.00","-"
"BANKING","2020-09-28","1261.69","1264.59","1252.21","1254.61","-0.32 %","512,252,000.00","-"
"BANKING","2020-09-29","1257.75","1257.75","1243.40","1243.79","-0.86 %","328,881,000.00","-"
"BANKING","2020-09-30","1256.44","1258.85","1235.22","1239.61","-0.34 %","410,906,000.00","-"
"BANKING","2020-10-01","1245.03","1260.91","1244.63","1258.48","1.52 %","843,913,000.00","-"
"BANKING","2020-10-04","1267.29","1279.89","1267.29","1274.04","1.24 %","1,070,350,000.00","-"
"BANKING","2020-10-05","1274.99","1283.33","1269.16","1270.15","-0.31 %","734,956,000.00","-"
"BANKING","2020-10-06","1276.55","1276.55","1265.87","1269.69","-0.04 %","577,703,000.00","-"
"BANKING","2020-10-07","1276.29","1276.29","1266.87","1275.22","0.44 %","796,786,000.00","-"
"BANKING","2020-10-08","1280.58","1286.26","1264.71","1266.51","-0.68 %","734,394,000.00","-"
"BANKING","2020-10-11","1267.81","1269.36","1254.14","1256.01","-0.83 %","523,272,000.00","-"
"BANKING","2020-10-12","1259.02","1259.27","1247.43","1258.40","0.19 %","445,088,000.00","-"
"BANKING","2020-10-13","1261.44","1264.25","1249.47","1250.70","-0.61 %","376,016,000.00","-"
"BANKING","2020-10-14","1254.79","1256.08","1245.92","1247.12","-0.29 %","435,717,000.00","-"
"BANKING","2020-10-15","1247.03","1258.87","1247.03","1249.02","0.15 %","387,503,000.00","-"
"BANKING","2020-10-18","1254.49","1257.09","1242.54","1243.00","-0.48 %","297,260,000.00","-"
"BANKING","2020-10-19","1241.64","1250.67","1240.10","1250.67","0.62 %","269,487,000.00","-"
"BANKING","2020-10-20","1253.15","1259.18","1252.29","1258.41","0.62 %","270,452,000.00","-"
"BANKING","2020-10-21","1266.98","1279.95","1266.98","1279.95","1.71 %","793,400,000.00","-"
"BANKING","2020-10-22","1291.93","1294.13","1281.07","1292.05","0.95 %","1,038,390,000.00","-"
"BANKING","2020-10-28","1303.28","1347.20","1302.47","1347.20","4.27 %","1,760,700,000.00","-"
"BANKING","2020-10-29","1363.52","1366.29","1335.67","1340.92","-0.47 %","1,655,890,000.00","-"
"BANKING","2020-11-01","1351.29","1351.29","1323.19","1326.37","-1.09 %","1,228,790,000.00","-"
"BANKING","2020-11-02","1329.94","1331.53","1314.04","1314.75","-0.88 %","846,640,000.00","-"
"BANKING","2020-11-03","1311.42","1318.50","1308.41","1312.58","-0.17 %","555,793,000.00","-"
"BANKING","2020-11-04","1315.01","1315.01","1308.04","1309.54","-0.23 %","476,578,000.00","-"
"BANKING","2020-11-05","1313.73","1313.73","1300.34","1301.64","-0.60 %","966,688,000.00","-"
"BANKING","2020-11-08","1309.03","1311.14","1298.82","1300.37","-0.09 %","881,242,000.00","-"
"BANKING","2020-11-09","1295.14","1300.19","1288.05","1288.85","-0.89 %","867,826,000.00","-"
"BANKING","2020-11-10","1295.34","1300.42","1292.79","1295.97","0.55 %","756,369,000.00","-"
"BANKING","2020-11-11","1297.72","1311.18","1297.13","1310.84","1.15 %","887,278,000.00","-"
"BANKING","2020-11-12","1316.19","1321.59","1313.08","1321.05","0.78 %","1,100,620,000.00","-"
"BANKING","2020-11-18","1316.14","1320.35","1307.72","1319.78","-0.10 %","1,184,770,000.00","-"
"BANKING","2020-11-19","1328.56","1329.30","1316.98","1322.48","0.21 %","1,196,290,000.00","-"
"BANKING","2020-11-22","1335.83","1364.47","1335.83","1351.92","2.23 %","2,050,190,000.00","-"
"BANKING","2020-11-23","1354.87","1366.66","1353.14","1357.97","0.45 %","1,584,850,000.00","-"
"BANKING","2020-11-24","1372.47","1372.47","1357.49","1359.41","0.11 %","1,424,920,000.00","-"
"BANKING","2020-11-25","1371.35","1399.81","1371.01","1399.81","2.97 %","2,098,600,000.00","-"
"BANKING","2020-11-26","1415.73","1452.46","1409.25","1437.56","2.70 %","2,746,760,000.00","-"
"BANKING","2020-11-29","1459.02","1555.05","1457.86","1549.89","7.81 %","4,313,000,000.00","-"
"BANKING","2020-11-30","1596.32","1622.47","1537.29","1542.37","-0.48 %","4,006,870,000.00","-"
"BANKING","2020-12-01","1552.08","1552.08","1497.74","1500.94","-2.69 %","2,451,390,000.00","-"
"BANKING","2020-12-02","1510.88","1519.97","1492.84","1507.32","0.42 %","1,974,550,000.00","-"
"BANKING","2020-12-03","1512.76","1536.37","1491.18","1498.59","-0.58 %","1,917,920,000.00","-"
"BANKING","2020-12-06","1494.78","1494.78","1433.69","1433.69","-4.33 %","1,749,670,000.00","-"
"BANKING","2020-12-07","1433.44","1466.50","1424.50","1465.59","2.23 %","1,577,960,000.00","-"
"BANKING","2020-12-08","1496.01","1496.01","1450.87","1457.91","-0.52 %","1,211,550,000.00","-"
"BANKING","2020-12-09","1464.35","1464.35","1424.34","1427.31","-2.10 %","1,078,140,000.00","-"
"BANKING","2020-12-10","1433.63","1439.37","1415.46","1435.77","0.59 %","906,874,000.00","-"
"BANKING","2020-12-13","1446.65","1481.54","1441.37","1481.54","3.19 %","1,366,450,000.00","-"
"BANKING","2020-12-14","1491.47","1506.09","1487.37","1503.64","1.49 %","1,984,030,000.00","-"
"BANKING","2020-12-15","1530.50","1530.50","1491.35","1503.72","0.01 %","1,576,480,000.00","-"
"BANKING","2020-12-16","1542.99","1542.99","1490.72","1504.67","0.06 %","1,634,700,000.00","-"
"BANKING","2020-12-17","1512.36","1512.36","1489.10","1493.27","-0.76 %","1,803,900,000.00","-"
"BANKING","2020-12-20","1496.25","1496.25","1447.11","1448.92","-2.97 %","2,427,610,000.00","-"
"BANKING","2020-12-21","1431.40","1477.11","1405.72","1470.00","1.45 %","2,145,600,000.00","-"
"BANKING","2020-12-22","1498.73","1545.18","1498.35","1540.90","4.82 %","2,475,030,000.00","-"
"BANKING","2020-12-23","1572.16","1596.12","1556.95","1565.18","1.58 %","2,385,530,000.00","-"
"BANKING","2020-12-24","1584.51","1584.51","1537.43","1547.42","-1.13 %","2,458,760,000.00","-"
"BANKING","2020-12-27","1554.22","1554.22","1520.94","1524.30","-1.49 %","1,678,760,000.00","-"
"BANKING","2020-12-28","1524.27","1535.58","1510.00","1533.75","0.61 %","1,514,300,000.00","-"
"BANKING","2020-12-29","1540.02","1543.25","1521.66","1524.05","-0.63 %","1,597,890,000.00","-"
"BANKING","2020-12-30","1535.00","1554.64","1525.84","1554.64","2.01 %","1,747,640,000.00","-"
"BANKING","2020-12-31","1567.53","1604.37","1563.68","1585.22","1.97 %","2,214,250,000.00","-"
"BANKING","2021-01-03","1599.57","1656.18","1599.57","1656.14","4.47 %","2,810,540,000.00","-"
"BANKING","2021-01-04","1680.11","1685.94","1633.46","1644.94","-0.68 %","2,086,480,000.00","-"
"BANKING","2021-01-05","1648.85","1648.85","1625.69","1635.70","-0.56 %","1,314,840,000.00","-"
"BANKING","2021-01-06","1635.46","1651.81","1635.46","1647.50","0.72 %","1,450,750,000.00","-"
"BANKING","2021-01-07","1649.27","1666.04","1645.79","1660.55","0.79 %","1,891,140,000.00","-"
"BANKING","2021-01-10","1670.88","1720.66","1670.20","1720.30","3.59 %","3,105,500,000.00","-"
"BANKING","2021-01-11","1750.21","1753.29","1716.22","1723.17","0.17 %","2,683,700,000.00","-"
"BANKING","2021-01-12","1737.81","1742.34","1714.46","1737.71","0.84 %","1,482,070,000.00","-"
"BANKING","2021-01-13","1745.34","1751.19","1733.52","1734.55","-0.18 %","1,515,080,000.00","-"
"BANKING","2021-01-17","1741.16","1748.16","1728.01","1735.57","0.06 %","1,988,660,000.00","-"
"BANKING","2021-01-18","1746.54","1747.98","1733.85","1738.37","0.16 %","1,826,480,000.00","-"
"BANKING","2021-01-19","1765.43","1765.43","1717.44","1730.32","-0.46 %","1,925,880,000.00","-"
"BANKING","2021-01-20","1755.69","1755.69","1721.91","1727.89","-0.14 %","1,792,230,000.00","-"
"BANKING","2021-01-21","1747.96","1748.29","1720.76","1724.06","-0.22 %","1,724,630,000.00","-"
"BANKING","2021-01-24","1738.09","1756.42","1736.56","1745.42","1.24 %","2,199,060,000.00","-"
"BANKING","2021-01-25","1767.61","1769.64","1732.55","1769.64","1.39 %","2,934,850,000.00","-"
"BANKING","2021-01-26","1778.05","1780.80","1759.68","1762.83","-0.38 %","2,258,590,000.00","-"
"BANKING","2021-01-27","1760.23","1764.81","1750.04","1752.71","-0.57 %","2,196,640,000.00","-"
"BANKING","2021-01-28","1759.94","1759.94","1705.27","1711.63","-2.34 %","2,454,220,000.00","-"
"BANKING","2021-01-31","1701.17","1701.77","1667.25","1669.62","-2.45 %","2,281,400,000.00","-"
"BANKING","2021-02-01","1662.62","1704.97","1662.62","1689.66","1.20 %","1,757,170,000.00","-"
"BANKING","2021-02-02","1704.95","1723.37","1699.96","1723.37","1.99 %","2,109,430,000.00","-"
"BANKING","2021-02-03","1724.35","1762.64","1722.74","1727.44","0.24 %","2,820,980,000.00","-"
"BANKING","2021-02-04","1742.97","1742.97","1712.13","1720.44","-0.43 %","1,539,160,000.00","-"
"BANKING","2021-02-07","1721.28","1727.89","1713.29","1716.74","-0.22 %","1,807,960,000.00","-"
"BANKING","2021-02-08","1721.53","1779.27","1721.53","1779.27","3.65 %","3,489,050,000.00","-"
"BANKING","2021-02-09","1783.65","1811.00","1765.35","1769.86","-0.53 %","2,387,510,000.00","-"
"BANKING","2021-02-10","1782.17","1800.54","1751.78","1797.85","1.50 %","3,077,040,000.00","-"
"BANKING","2021-02-11","1806.27","1834.01","1801.74","1808.64","0.60 %","3,053,970,000.00","-"
"BANKING","2021-02-14","1810.96","1818.37","1781.99","1787.78","-1.15 %","2,051,100,000.00","-"
"BANKING","2021-02-15","1798.89","1845.10","1805.82","1845.10","3.21 %","3,297,560,000.00","-"
"BANKING","2021-02-16","1863.05","1901.66","1859.58","1883.52","2.08 %","4,095,740,000.00","-"
"BANKING","2021-02-17","1910.32","1913.29","1882.12","1913.29","1.58 %","3,621,770,000.00","-"
"BANKING","2021-02-18","1942.01","1943.14","1915.25","1936.66","1.22 %","4,053,130,000.00","-"
"BANKING","2021-02-21","1968.01","1968.58","1914.16","1929.53","-0.37 %","3,512,620,000.00","-"
"BANKING","2021-02-22","1939.16","1939.60","1875.17","1876.98","-2.72 %","3,120,270,000.00","-"
"BANKING","2021-02-23","1881.41","1881.41","1819.93","1869.27","-0.41 %","2,762,980,000.00","-"
"BANKING","2021-02-24","1884.08","1918.51","1868.28","1884.32","0.81 %","2,513,820,000.00","-"
"BANKING","2021-02-25","1910.72","1911.94","1841.56","1846.83","-1.99 %","1,904,720,000.00","-"
"BANKING","2021-02-28","1847.28","1847.28","1792.25","1792.25","-2.96 %","2,487,940,000.00","-"
"BANKING","2021-03-01","1806.46","1825.27","1772.06","1819.07","1.50 %","1,867,130,000.00","-"
"BANKING","2021-03-02","1822.46","1827.85","1762.72","1773.52","-2.50 %","2,004,740,000.00","-"
"BANKING","2021-03-03","1771.74","1771.25","1732.24","1756.09","-0.98 %","1,702,160,000.00","-"
"BANKING","2021-03-04","1769.74","1808.13","1769.84","1808.13","2.96 %","1,631,660,000.00","-"
"BANKING","2021-03-07","1816.70","1818.83","1785.64","1795.72","-0.69 %","1,473,640,000.00","-"
"BANKING","2021-03-09","1802.59","1805.01","1769.22","1773.94","-1.21 %","905,915,000.00","-"
"BANKING","2021-03-10","1793.66","1793.66","1760.16","1763.05","-0.61 %","721,682,000.00","-"
"BANKING","2021-03-14","1769.32","1772.29","1722.60","1730.72","-1.83 %","1,380,000,000.00","-"
"BANKING","2021-03-15","1737.87","1744.11","1707.03","1713.31","-1.01 %","1,115,890,000.00","-"
"BANKING","2021-03-16","1714.16","1732.72","1705.25","1716.98","0.21 %","888,298,000.00","-"
"BANKING","2021-03-17","1724.58","1736.13","1713.80","1736.13","1.12 %","818,029,000.00","-"
"BANKING","2021-03-18","1765.10","1768.47","1739.54","1762.24","1.50 %","1,652,890,000.00","-"
"BANKING","2021-03-21","1784.11","1788.76","1766.11","1788.76","1.51 %","1,606,040,000.00","-"
"BANKING","2021-03-22","1801.06","1806.66","1766.32","1767.29","-1.20 %","1,264,430,000.00","-"
"BANKING","2021-03-23","1777.10","1777.69","1751.71","1760.61","-0.38 %","956,801,000.00","-"
"BANKING","2021-03-24","1767.78","1783.16","1767.78","1783.16","1.28 %","1,485,270,000.00","-"
"BANKING","2021-03-25","1792.61","1792.83","1760.07","1763.50","-1.11 %","1,217,510,000.00","-"
"BANKING","2021-03-29","1766.99","1768.79","1753.16","1756.57","-0.38 %","713,264,000.00","-"
"BANKING","2021-03-30","1762.37","1765.25","1754.74","1765.25","0.49 %","935,535,000.00","-"
"BANKING","2021-03-31","1768.56","1806.88","1767.60","1806.11","2.31 %","1,459,150,000.00","-"
"BANKING","2021-04-01","1818.70","1824.72","1802.87","1811.54","0.30 %","1,657,500,000.00","-"
"BANKING","2021-04-04","1831.98","1831.98","1818.84","1826.20","0.81 %","1,778,090,000.00","-"
"BANKING","2021-04-05","1845.43","1845.43","1812.71","1814.42","-0.65 %","1,343,200,000.00","-"
"BANKING","2021-04-06","1820.71","1820.71","1804.10","1813.83","-0.03 %","1,149,250,000.00","-"
"BANKING","2021-04-07","1831.67","1831.67","1813.76","1819.06","0.29 %","1,274,660,000.00","-"
"BANKING","2021-04-08","1814.01","1828.86","1809.17","1820.95","0.10 %","1,440,620,000.00","-"
"BANKING","2021-04-12","1824.03","1839.08","1823.93","1838.76","0.98 %","1,835,350,000.00","-"
"BANKING","2021-04-13","1839.25","1881.12","1839.22","1881.12","2.30 %","2,434,890,000.00","-"
"BANKING","2021-04-15","1904.86","1924.39","1896.43","1904.16","1.22 %","3,018,890,000.00","-"
"BANKING","2021-04-18","1930.18","1930.18","1870.86","1870.86","-1.75 %","3,184,080,000.00","-"
"BANKING","2021-04-19","1885.11","1885.11","1831.02","1836.02","-1.86 %","1,891,610,000.00","-"
"BANKING","2021-04-20","1846.50","1851.86","1824.64","1834.65","-0.07 %","1,396,350,000.00","-"
"BANKING","2021-04-21","1847.20","1847.20","1805.40","1809.72","-1.36 %","1,275,970,000.00","-"
"BANKING","2021-04-22","1819.28","1821.46","1794.02","1818.95","0.51 %","1,792,220,000.00","-"
"BANKING","2021-04-25","1839.07","1839.07","1768.53","1776.30","-2.34 %","1,894,190,000.00","-"
"BANKING","2021-04-26","1783.15","1783.15","1734.21","1735.57","-2.29 %","1,644,920,000.00","-"
"BANKING","2021-04-27","1727.24","1780.69","1727.24","1780.69","2.60 %","1,215,510,000.00","-"
"BANKING","2021-04-28","1794.33","1798.10","1763.54","1766.61","-0.79 %","1,203,160,000.00","-"
"BANKING","2021-04-29","1778.34","1778.34","1765.69","1774.16","0.43 %","1,111,920,000.00","-"
"BANKING","2021-05-02","1782.41","1795.43","1776.21","1794.02","1.12 %","1,739,740,000.00","-"
"BANKING","2021-05-03","1803.47","1809.38","1780.30","1784.24","-0.55 %","1,318,940,000.00","-"
"BANKING","2021-05-04","1791.55","1792.03","1773.40","1776.60","-0.43 %","956,888,000.00","-"
"BANKING","2021-05-05","1790.80","1790.84","1771.43","1771.61","-0.28 %","916,240,000.00","-"
"BANKING","2021-05-06","1778.96","1780.90","1764.56","1778.71","0.40 %","1,585,720,000.00","-"
"BANKING","2021-05-09","1796.51","1796.51","1768.17","1778.43","-0.02 %","1,814,730,000.00","-"
"BANKING","2021-05-10","1777.24","1784.56","1772.88","1781.81","0.20 %","754,920,000.00","-"
"BANKING","2021-05-11","1779.54","1792.38","1778.22","1785.19","0.19 %","912,030,000.00","-"
"BANKING","2021-05-12","1792.66","1794.03","1778.68","1781.77","-0.19 %","893,757,000.00","-"
"BANKING","2021-05-13","1807.04","1810.17","1781.77","1785.21","0.18 %","947,342,000.00","-"
"BANKING","2021-05-16","1789.09","1812.64","1789.09","1812.64","1.54 %","1,726,550,000.00","-"
"BANKING","2021-05-17","1821.95","1834.06","1819.15","1821.88","0.50 %","1,501,060,000.00","-"
"BANKING","2021-05-18","1841.38","1841.38","1819.22","1826.78","0.26 %","1,293,800,000.00","-"
"BANKING","2021-05-19","1839.55","1855.85","1830.26","1834.38","0.42 %","2,331,910,000.00","-"
"BANKING","2021-05-20","1848.77","1857.75","1838.95","1851.72","0.95 %","2,027,150,000.00","-"
"BANKING","2021-05-23","1852.12","1885.01","1819.14","1885.01","1.80 %","2,439,370,000.00","-"
"BANKING","2021-05-24","1901.54","1910.06","1876.93","1889.09","0.22 %","3,462,440,000.00","-"
"BANKING","2021-05-25","1890.19","1895.47","1860.44","1863.52","-1.35 %","1,697,650,000.00","-"
"BANKING","2021-05-27","1838.50","1869.50","1830.15","1857.05","-0.35 %","1,812,100,000.00","-"
"BANKING","2021-05-30","1863.52","1891.28","1856.54","1876.99","1.07 %","2,475,970,000.00","-"
"BANKING","2021-05-31","1883.29","1894.84","1857.88","1857.97","-1.01 %","2,231,550,000.00","-"
"BANKING","2021-06-01","1863.92","1865.28","1839.10","1846.09","-0.63 %","1,334,030,000.00","-"
"BANKING","2021-06-02","1874.48","1874.48","1844.96","1857.20","0.48 %","1,220,950,000.00","-"
"BANKING","2021-06-03","1854.35","1919.86","1854.35","1907.46","2.71 %","4,673,360,000.00","-"
"BANKING","2021-06-06","1960.34","2002.20","1960.34","1977.46","3.66 %","6,345,800,000.00","-"
"BANKING","2021-06-07","1999.10","1999.10","1936.19","1945.72","-1.61 %","4,429,120,000.00","-"
"BANKING","2021-06-08","1948.76","1978.98","1943.39","1965.82","1.03 %","3,570,630,000.00","-"
"BANKING","2021-06-09","1996.21","1996.21","1950.59","1954.47","-0.58 %","2,588,330,000.00","-"
"BANKING","2021-06-10","1966.40","1966.40","1934.13","1936.70","-0.91 %","2,416,830,000.00","-"
"BANKING","2021-06-13","1951.32","1951.32","1927.75","1944.78","0.42 %","3,070,700,000.00","-"
"BANKING","2021-06-14","1963.56","1998.84","1963.56","1997.60","2.72 %","4,801,140,000.00","-"
"BANKING","2021-06-15","2020.86","2023.59","1989.26","1990.80","-0.34 %","3,803,720,000.00","-"
"BANKING","2021-06-16","1996.20","2017.05","1970.19","1981.47","-0.47 %","2,761,070,000.00","-"
"BANKING","2021-06-17","1993.06","1993.66","1966.79","1970.74","-0.54 %","1,967,910,000.00","-"
"BANKING","2021-06-20","1979.90","1979.90","1923.59","1935.34","-1.80 %","2,569,030,000.00","-"
"BANKING","2021-06-21","1962.13","1962.13","1900.74","1901.69","-1.77 %","2,304,940,000.00","-"
"BANKING","2021-06-22","1895.41","1945.43","1891.31","1945.43","2.33 %","2,081,580,000.00","-"
"BANKING","2021-06-23","1965.86","1965.86","1913.65","1916.89","-1.47 %","1,112,220,000.00","-"
"BANKING","2021-06-24","1916.44","1918.18","1898.82","1905.22","-0.39 %","1,377,100,000.00","-"
"BANKING","2021-06-27","1908.42","1958.36","1902.64","1943.48","2.01 %","2,317,230,000.00","-"
"BANKING","2021-06-28","1964.40","1965.45","1946.20","1950.44","0.36 %","2,099,310,000.00","-"
"BANKING","2021-06-29","1953.41","1957.66","1922.15","1923.99","-1.36 %","1,192,800,000.00","-"
"BANKING","2021-06-30","1925.71","1940.24","1902.14","1919.91","-0.21 %","1,048,720,000.00","-"
"BANKING","2021-07-01","1916.49","1935.14","1916.49","1923.05","0.16 %","1,202,950,000.00","-"
"BANKING","2021-07-04","1923.05","1931.07","1914.34","1916.15","-0.36 %","945,212,000.00","-"
"BANKING","2021-07-05","1930.24","1930.24","1907.46","1909.43","-0.37 %","932,282,000.00","-"
"BANKING","2021-07-06","1906.12","1916.24","1905.19","1913.33","0.19 %","982,593,000.00","-"
"BANKING","2021-07-07","1913.61","1919.70","1908.31","1909.62","-0.19 %","879,493,000.00","-"
"BANKING","2021-07-08","1925.69","1928.88","1908.34","1927.44","0.93 %","1,458,630,000.00","-"
"BANKING","2021-07-11","1929.19","1972.57","1929.19","1972.57","2.34 %","2,121,320,000.00","-"
"BANKING","2021-07-12","1987.41","1990.94","1942.07","1950.07","-1.14 %","2,277,290,000.00","-"
"BANKING","2021-07-13","1945.86","1969.73","1936.01","1964.18","0.73 %","1,643,620,000.00","-"
"BANKING","2021-07-14","1965.06","1967.85","1953.15","1957.96","-0.32 %","1,037,970,000.00","-"
"BANKING","2021-07-15","1965.60","1968.83","1959.92","1964.26","0.32 %","1,437,000,000.00","-"
"BANKING","2021-07-18","1972.18","2057.38","1972.18","2057.38","4.71 %","3,862,880,000.00","-"
"BANKING","2021-07-19","2079.75","2107.89","2060.86","2068.22","0.53 %","3,918,410,000.00","-"
"BANKING","2021-07-20","2079.07","2079.07","2049.18","2067.48","-0.04 %","2,025,000,000.00","-"
"BANKING","2021-07-22","2068.81","2112.58","2068.81","2102.95","1.72 %","4,015,010,000.00","-"
"BANKING","2021-07-25","2124.14","2175.14","2124.14","2175.14","3.43 %","5,631,600,000.00","-"
"BANKING","2021-07-26","2191.00","2191.00","2126.18","2131.68","-2.00 %","4,579,270,000.00","-"
"BANKING","2021-07-27","2081.23","2137.36","2070.62","2128.34","-0.17 %","3,871,890,000.00","-"
"BANKING","2021-07-28","2131.03","2138.07","2105.54","2109.90","-0.87 %","1,879,830,000.00","-"
"BANKING","2021-07-29","2114.55","2114.55","2097.45","2099.58","-0.49 %","1,651,680,000.00","-"
"BANKING","2021-08-01","2103.07","2116.80","2091.75","2094.18","-0.27 %","1,694,920,000.00","-"
"BANKING","2021-08-02","2095.64","2103.40","2093.53","2096.01","0.09 %","1,458,090,000.00","-"
"BANKING","2021-08-03","2099.68","2108.24","2092.74","2098.41","0.11 %","1,356,347,924.00","-"
"BANKING","2021-08-04","2107.52","2107.71","2099.99","2102.70","0.20 %","1,598,000,000.00","-"
"BANKING","2021-08-05","2104.15","2109.23","2098.29","2102.92","0.01 %","1,612,410,000.00","-"
"BANKING","2021-08-08","2109.76","2114.19","2098.15","2102.87","0.00 %","1,671,760,000.00","-"
"BANKING","2021-08-09","2103.61","2106.47","2089.30","2090.68","-0.57 %","1,370,470,000.00","-"
"BANKING","2021-08-10","2097.17","2147.39","2088.41","2129.76","1.87 %","2,595,010,000.00","-"
"BANKING","2021-08-11","2135.58","2155.41","2113.34","2115.95","-0.67 %","2,028,960,000.00","-"
"BANKING","2021-08-12","2119.95","2131.48","2116.12","2124.94","0.42 %","2,243,810,000.00","-"
"BANKING","2021-08-15","2116.24","2144.88","2098.57","2117.94","-0.34 %","4,316,720,000.00","-"
"BANKING","2021-08-16","2135.38","2136.60","2103.19","2106.52","-0.54 %","3,057,770,000.00","-"
"BANKING","2021-08-17","2109.12","2112.06","2082.06","2083.83","-1.10 %","2,710,460,000.00","-"
"BANKING","2021-08-18","2086.45","2117.68","2064.72","2100.25","0.79 %","2,681,350,000.00","-"
"BANKING","2021-08-19","2104.26","2112.47","2080.28","2081.63","-0.93 %","2,200,320,000.00","-"
"BANKING","2021-08-24","2088.68","2088.68","2061.36","2061.81","-0.95 %","2,084,550,000.00","-"
"BANKING","2021-08-25","2064.03","2064.03","2029.29","2032.34","-1.43 %","1,729,290,000.00","-"
"BANKING","2021-08-26","2036.38","2047.90","2022.47","2024.75","-0.37 %","1,883,980,000.00","-"
"BANKING","2021-08-29","2026.21","2035.42","1991.36","1995.02","-1.48 %","2,170,480,000.00","-"
"BANKING","2021-08-31","1994.19","1996.10","1967.27","1972.19","-1.15 %","2,107,970,000.00","-"
"BANKING","2021-09-01","1972.71","1997.96","1967.98","1980.08","0.40 %","1,706,620,000.00","-"
"BANKING","2021-09-02","1980.13","1991.11","1959.11","1964.11","-0.83 %","1,565,450,000.00","-"
"BANKING","2021-09-05","1964.10","1965.35","1895.38","1919.78","-2.27 %","2,088,480,000.00","-"
"BANKING","2021-09-06","1920.04","1998.80","1913.76","1998.80","4.07 %","1,863,310,000.00","-"
"BANKING","2021-09-07","2005.20","2006.28","1959.16","1965.30","-1.68 %","1,188,740,000.00","-"
"BANKING","2021-09-08","1966.79","1966.79","1926.74","1933.66","-1.63 %","1,084,310,000.00","-"
"BANKING","2021-09-09","1935.27","1952.91","1928.14","1932.23","-0.11 %","884,712,000.00","-"
"BANKING","2021-09-12","1937.60","1958.43","1932.54","1956.43","1.25 %","1,098,570,000.00","-"
"BANKING","2021-09-13","1961.42","1992.91","1959.64","1973.18","0.86 %","1,550,710,000.00","-"
"BANKING","2021-09-14","1975.84","1985.50","1962.87","1969.34","-0.21 %","1,036,860,000.00","-"
"BANKING","2021-09-15","1970.10","1973.66","1946.56","1948.60","-1.05 %","784,650,000.00","-"
"BANKING","2021-09-16","1950.54","1950.54","1899.79","1907.55","-2.11 %","1,622,370,000.00","-"
"BANKING","2021-09-20","1911.82","1911.93","1855.95","1856.09","-2.70 %","1,609,470,000.00","-"
"BANKING","2021-09-21","1849.14","1889.81","1812.22","1859.83","0.20 %","1,475,270,000.00","-"
"BANKING","2021-09-22","1861.38","1920.75","1861.38","1920.75","3.28 %","1,198,340,000.00","-"
"BANKING","2021-09-23","1942.11","1996.89","1942.11","1968.12","2.47 %","2,959,230,000.00","-"
"BANKING","2021-09-26","1992.72","2006.23","1946.91","1949.83","-0.93 %","1,916,480,000.00","-"
"BANKING","2021-09-27","1951.41","1952.36","1897.35","1905.74","-2.26 %","1,099,440,000.00","-"
"BANKING","2021-09-28","1905.82","1906.23","1858.35","1869.71","-1.89 %","1,442,370,000.00","-"
"BANKING","2021-09-29","1872.54","1890.00","1842.90","1890.00","1.09 %","1,196,360,000.00","-"
"BANKING","2021-09-30","1892.75","1902.92","1864.31","1869.40","-1.09 %","988,347,000.00","-"
"BANKING","2021-10-03","1869.98","1878.69","1838.25","1840.14","-1.57 %","887,478,000.00","-"
"BANKING","2021-10-04","1840.40","1851.91","1822.31","1836.57","-0.21 %","854,171,000.00","-"
"BANKING","2021-10-05","1836.26","1858.26","1836.07","1855.32","1.02 %","610,349,000.00","-"
"BANKING","2021-10-06","1856.37","1885.67","1856.37","1878.55","1.25 %","1,007,710,000.00","-"
"BANKING","2021-10-10","1882.27","1903.03","1867.13","1872.20","-0.34 %","989,932,000.00","-"
"BANKING","2021-10-11","1875.07","1875.07","1844.44","1855.95","-0.87 %","917,990,000.00","-"
"BANKING","2021-10-17","1863.38","1873.46","1846.85","1862.19","0.34 %","446,273,000.00","-"
"BANKING","2021-10-18","1863.21","1863.35","1818.61","1824.06","-2.05 %","800,326,000.00","-"
"BANKING","2021-10-19","1822.23","1822.23","1759.87","1773.42","-2.83 %","921,196,000.00","-"
"BANKING","2021-10-20","1786.58","1835.80","1786.58","1806.40","1.84 %","690,703,000.00","-"
"BANKING","2021-10-21","1808.03","1817.79","1792.56","1799.35","-0.39 %","985,964,000.00","-"
"BANKING","2021-10-24","1798.58","1806.28","1786.27","1805.88","0.34 %","719,004,000.00","-"
"BANKING","2021-10-25","1812.50","1843.28","1810.70","1843.28","2.07 %","800,900,000.00","-"
"BANKING","2021-10-26","1848.29","1890.37","1844.95","1888.29","2.44 %","1,372,860,000.00","-"
"BANKING","2021-10-27","1887.58","1916.84","1871.18","1901.55","0.70 %","1,430,294,116.00","-"
"BANKING","2021-10-28","1902.00","1903.26","1890.71","1893.60","-0.42 %","988,409,364.00","-"
"BANKING","2021-10-31","1899.15","1903.30","1887.71","1890.34","-0.16 %","1,752,413,779.60","-"
"BANKING","2021-11-01","1903.91","1908.97","1881.15","1895.03","0.25 %","1,499,108,443.00","-"
"BANKING","2021-11-02","1900.16","1900.16","1883.65","1894.80","-0.01 %","826,320,677.20","-"
"BANKING","2021-11-03","1907.69","1923.88","1900.29","1903.14","0.44 %","1,870,022,614.90","-"
"BANKING","2021-11-08","1905.96","1907.95","1882.94","1883.18","-1.05 %","731,582,111.10","-"
"BANKING","2021-11-09","1883.39","1884.47","1840.85","1847.24","-1.91 %","1,231,126,095.80","-"
"BANKING","2021-11-11","1846.07","1847.10","1817.89","1818.15","-1.57 %","971,077,171.10","-"
"BANKING","2021-11-14","1822.93","1823.16","1806.71","1810.73","-0.41 %","608,043,041.80","-"
"BANKING","2021-11-15","1810.73","1830.58","1810.73","1811.68","0.05 %","560,198,452.20","-"
"BANKING","2021-11-16","1814.32","1846.07","1813.34","1846.07","1.90 %","772,020,449.40","-"
"BANKING","2021-11-17","1854.56","1863.50","1849.44","1850.78","0.26 %","872,609,802.20","-"
"BANKING","2021-11-18","1857.52","1857.51","1826.74","1828.73","-1.19 %","690,314,371.50","-"
"BANKING","2021-11-21","1831.68","1835.58","1820.73","1823.63","-0.28 %","511,492,864.00","-"
"BANKING","2021-11-22","1824.21","1833.71","1823.34","1826.52","0.16 %","513,558,613.40","-"
"BANKING","2021-11-23","1826.52","1826.61","1807.26","1811.13","-0.84 %","575,873,210.60","-"
"BANKING","2021-11-24","1810.72","1811.95","1790.39","1804.01","-0.39 %","559,831,769.60","-"
"BANKING","2021-11-25","1803.35","1822.20","1798.84","1813.79","0.54 %","843,687,589.50","-"
"BANKING","2021-11-28","1812.60","1812.60","1777.50","1778.82","-1.93 %","782,993,241.80","-"
"BANKING","2021-11-29","1776.34","1788.06","1763.72","1767.93","-0.61 %","553,711,212.60","-"
"BANKING","2021-11-30","1766.99","1773.20","1747.93","1761.37","-0.37 %","593,234,244.50","-"
"BANKING","2021-12-01","1761.37","1771.24","1761.35","1763.02","0.09 %","434,220,962.20","-"
"BANKING","2021-12-02","1763.64","1768.92","1741.59","1745.24","-1.01 %","638,492,734.06","-"
"BANKING","2021-12-05","1744.66","1744.66","1700.25","1704.52","-2.33 %","775,786,029.04","-"
"BANKING","2021-12-06","1700.67","1718.56","1658.89","1717.52","0.76 %","800,774,277.00","-"
"BANKING","2021-12-07","1720.17","1739.71","1703.70","1703.97","-0.79 %","559,653,069.80","-"
"BANKING","2021-12-08","1702.16","1704.45","1672.11","1677.83","-1.53 %","446,501,745.20","-"
"BANKING","2021-12-09","1679.09","1684.27","1658.84","1675.48","-0.14 %","462,596,879.01","-"
"BANKING","2021-12-12","1675.27","1679.05","1629.07","1630.95","-2.66 %","592,114,698.50","-"
"BANKING","2021-12-13","1627.77","1627.77","1580.52","1596.97","-2.09 %","741,652,269.30","-"
"BANKING","2021-12-14","1596.97","1665.47","1596.97","1665.47","4.29 %","300,025,026.00","-"
"BANKING","2021-12-15","1668.45","1706.98","1640.49","1656.19","-0.56 %","686,047,639.90","-"
"BANKING","2021-12-16","1657.67","1661.09","1642.43","1650.51","-0.34 %","478,532,340.90","-"
"BANKING","2021-12-20","1667.20","1667.42","1634.49","1642.65","-0.48 %","559,760,371.10","-"
"BANKING","2021-12-21","1642.03","1676.08","1642.03","1675.56","2.00 %","623,772,328.30","-"
"BANKING","2021-12-22","1688.87","1717.26","1685.85","1712.70","2.22 %","643,250,276.30","-"
"BANKING","2021-12-23","1728.22","1728.22","1704.42","1716.62","0.23 %","583,705,230.60","-"
"BANKING","2021-12-26","1725.62","1744.13","1725.62","1737.07","1.19 %","962,169,200.20","-"
"BANKING","2021-12-27","1739.73","1746.86","1708.84","1710.10","-1.56 %","981,320,558.65","-"
"BANKING","2021-12-28","1711.11","1711.11","1692.33","1701.37","-0.51 %","616,405,204.90","-"
"BANKING","2021-12-29","1701.37","1708.64","1697.09","1702.12","0.04 %","1,072,725,033.60","-"
"BANKING","2022-01-02","1718.18","1736.06","1703.56","1736.06","1.99 %","936,044,696.60","-"
"BANKING","2022-01-03","1744.20","1768.13","1743.17","1761.46","1.46 %","970,214,818.10","-"
"BANKING","2022-01-04","1761.46","1825.13","1748.16","1825.13","3.61 %","1,132,630,006.90","-"
"BANKING","2022-01-05","1833.49","1836.40","1793.59","1797.34","-1.52 %","783,351,215.10","-"
"BANKING","2022-01-06","1793.76","1832.29","1785.90","1832.29","1.95 %","838,643,562.80","-"
"BANKING","2022-01-09","1840.35","1872.89","1840.35","1867.32","1.91 %","1,477,828,915.90","-"
"BANKING","2022-01-10","1873.81","1879.56","1843.12","1852.03","-0.82 %","1,173,274,662.80","-"
"BANKING","2022-01-11","1857.00","1857.93","1840.88","1855.68","0.20 %","756,227,563.90","-"
"BANKING","2022-01-12","1862.34","1864.03","1832.19","1833.21","-1.21 %","1,109,359,204.20","-"
"BANKING","2022-01-13","1833.41","1843.85","1828.12","1843.38","0.54 %","718,621,437.00","-"
"BANKING","2022-01-16","1849.68","1883.16","1849.68","1882.85","2.14 %","1,377,442,333.70","-"
"BANKING","2022-01-17","1896.75","1913.65","1882.44","1902.55","1.03 %","1,018,292,241.90","-"
"BANKING","2022-01-18","1902.94","1949.21","1898.06","1925.07","1.18 %","1,672,255,136.30","-"
"BANKING","2022-01-19","1943.86","1943.86","1904.65","1910.98","-0.73 %","956,204,561.00","-"
"BANKING","2022-01-20","1912.14","1914.19","1896.31","1909.96","-0.05 %","740,761,760.80","-"
"BANKING","2022-01-23","1918.13","1924.06","1885.94","1893.29","-0.87 %","1,249,066,370.40","-"
"BANKING","2022-01-24","1900.50","1900.50","1831.88","1839.02","-2.87 %","1,409,118,787.30","-"
"BANKING","2022-01-25","1846.51","1856.22","1812.25","1835.41","-0.20 %","785,217,786.40","-"
"BANKING","2022-01-26","1833.39","1836.70","1809.79","1812.66","-1.24 %","569,500,555.30","-"
"BANKING","2022-01-27","1811.53","1824.49","1808.10","1808.33","-0.24 %","420,167,162.80","-"
"BANKING","2022-01-30","1820.45","1864.30","1820.45","1855.32","2.60 %","618,611,316.80","-"
"BANKING","2022-01-31","1862.86","1864.84","1834.60","1835.80","-1.05 %","403,098,399.30","-"
"BANKING","2022-02-01","1835.27","1843.45","1823.46","1841.10","0.29 %","534,043,952.60","-"
"BANKING","2022-02-03","1843.19","1858.54","1832.92","1834.91","-0.34 %","688,124,353.60","-"
"BANKING","2022-02-06","1834.92","1834.92","1813.13","1815.91","-1.04 %","459,938,364.10","-"
"BANKING","2022-02-07","1815.91","1822.68","1811.05","1812.12","-0.21 %","422,792,004.00","-"
"BANKING","2022-02-08","1829.92","1859.09","1801.96","1805.65","-0.36 %","526,616,296.00","-"
"BANKING","2022-02-09","1805.82","1807.09","1789.97","1793.39","-0.69 %","423,875,745.60","-"
"BANKING","2022-02-10","1792.84","1798.79","1779.64","1782.60","-0.60 %","413,252,171.63","-"
"BANKING","2022-02-13","1766.96","1766.96","1735.60","1739.95","-2.39 %","821,726,435.55","-"
"BANKING","2022-02-14","1739.37","1754.85","1732.96","1736.72","-0.19 %","409,630,000.60","-"
"BANKING","2022-02-15","1743.06","1751.98","1733.91","1751.29","0.84 %","399,646,991.60","-"
"BANKING","2022-02-16","1757.66","1762.68","1743.84","1746.01","-0.30 %","287,130,309.50","-"
"BANKING","2022-02-17","1746.01","1752.76","1744.23","1745.94","0.00 %","279,629,516.30","-"
"BANKING","2022-02-20","1730.65","1730.65","1707.14","1720.19","-1.47 %","394,856,553.00","-"
"BANKING","2022-02-21","1720.19","1736.46","1719.77","1736.46","0.95 %","346,808,807.20","-"
"BANKING","2022-02-22","1736.46","1748.86","1736.46","1744.78","0.48 %","359,459,604.60","-"
"BANKING","2022-02-23","1743.20","1748.22","1732.27","1734.98","-0.56 %","271,951,319.40","-"
"BANKING","2022-02-24","1732.57","1733.01","1701.08","1705.71","-1.74 %","486,410,976.50","-"
"BANKING","2022-02-27","1702.00","1708.84","1687.83","1693.78","-0.66 %","390,635,354.90","-"
"BANKING","2022-02-28","1695.11","1711.57","1677.78","1678.45","-0.91 %","431,326,447.40","-"
"BANKING","2022-03-02","1677.15","1677.15","1648.65","1651.62","-1.60 %","584,411,076.50","-"
"BANKING","2022-03-06","1644.58","1667.50","1644.58","1654.88","0.20 %","346,704,155.50","-"
"BANKING","2022-03-07","1652.09","1670.72","1652.09","1661.29","0.39 %","463,629,638.50","-"
"BANKING","2022-03-09","1662.68","1666.94","1644.35","1648.47","-0.77 %","363,803,843.90","-"
"BANKING","2022-03-10","1643.91","1664.97","1639.96","1664.96","1.00 %","467,855,406.00","-"
"BANKING","2022-03-13","1667.53","1719.68","1667.53","1719.68","3.29 %","579,448,538.70","-"
"BANKING","2022-03-14","1727.47","1733.45","1713.05","1720.39","0.04 %","181,704,494.30","-"
"BANKING","2022-03-15","1722.29","1723.77","1703.15","1709.33","-0.68 %","399,426,774.80","-"
"BANKING","2022-03-16","1709.33","1714.17","1696.04","1697.54","-0.69 %","314,639,874.80","-"
"BANKING","2022-03-20","1698.49","1706.24","1684.93","1689.50","-0.47 %","316,118,171.00","-"
"BANKING","2022-03-21","1690.82","1695.99","1678.23","1695.42","0.35 %","341,158,479.40","-"
"BANKING","2022-03-22","1695.42","1709.00","1694.99","1702.23","0.40 %","296,201,900.90","-"
"BANKING","2022-03-23","1703.58","1705.69","1687.72","1693.10","-0.54 %","333,986,727.70","-"
"BANKING","2022-03-24","1692.17","1692.17","1677.82","1680.21","-0.76 %","312,866,126.20","-"
"BANKING","2022-03-27","1680.21","1687.46","1657.42","1659.19","-1.25 %","419,905,964.80","-"
"BANKING","2022-03-28","1659.19","1661.42","1646.62","1650.74","-0.51 %","296,750,423.86","-"
"BANKING","2022-03-29","1650.74","1658.37","1642.11","1645.20","-0.34 %","328,051,437.70","-"
"BANKING","2022-03-30","1641.37","1650.14","1636.72","1649.03","0.23 %","318,845,527.16","-"
"BANKING","2022-03-31","1649.03","1659.77","1641.12","1642.67","-0.39 %","325,937,588.60","-"
"BANKING","2022-04-03","1642.12","1645.31","1631.88","1634.29","-0.51 %","219,671,580.00","-"
"BANKING","2022-04-04","1644.15","1644.15","1627.87","1630.13","-0.25 %","290,759,874.70","-"
"BANKING","2022-04-05","1643.73","1643.73","1602.95","1611.33","-1.15 %","497,799,018.40","-"
"BANKING","2022-04-06","1611.33","1612.05","1590.89","1593.10","-1.13 %","347,675,855.70","-"
"BANKING","2022-04-07","1593.13","1617.30","1593.13","1611.97","1.18 %","457,708,919.80","-"
"BANKING","2022-04-11","1615.79","1638.15","1595.75","1599.74","-0.76 %","393,711,461.40","-"
"BANKING","2022-04-12","1605.16","1606.08","1583.80","1586.80","-0.81 %","279,578,364.40","-"
"BANKING","2022-04-13","1588.01","1604.35","1579.81","1604.35","1.11 %","265,081,098.90","-"
"BANKING","2022-04-17","1615.56","1623.21","1592.83","1595.46","-0.55 %","239,155,601.90","-"
"BANKING","2022-04-18","1596.29","1596.64","1577.08","1578.92","-1.04 %","263,749,908.50","-"
"BANKING","2022-04-19","1585.24","1589.49","1561.25","1584.95","0.38 %","252,674,118.40","-"
"BANKING","2022-04-20","1597.91","1597.91","1571.04","1573.53","-0.72 %","326,170,460.10","-"
"BANKING","2022-04-21","1585.07","1588.30","1555.00","1568.95","-0.29 %","314,821,564.00","-"
"BANKING","2022-04-24","1578.37","1614.92","1573.47","1611.07","2.68 %","319,019,384.80","-"
"BANKING","2022-04-25","1613.18","1621.69","1593.02","1594.57","-1.02 %","290,301,460.40","-"
"BANKING","2022-04-26","1594.57","1602.50","1582.64","1589.43","-0.32 %","209,176,672.60","-"
"BANKING","2022-04-27","1589.70","1589.70","1574.33","1586.59","-0.18 %","171,035,374.20","-"
"BANKING","2022-04-28","1593.25","1596.07","1578.35","1580.20","-0.40 %","281,836,387.00","-"
"BANKING","2022-05-02","1581.25","1581.25","1561.97","1563.94","-1.03 %","235,743,522.79","-"
"BANKING","2022-05-04","1568.68","1568.68","1546.59","1550.71","-0.85 %","195,471,397.10","-"
"BANKING","2022-05-05","1550.71","1551.49","1528.66","1534.73","-1.03 %","348,153,172.10","-"
"BANKING","2022-05-08","1534.29","1538.30","1516.65","1532.20","-0.16 %","234,921,640.00","-"
"BANKING","2022-05-09","1543.01","1557.35","1540.88","1546.96","0.96 %","258,117,480.20","-"
"BANKING","2022-05-10","1546.96","1569.51","1546.96","1569.51","1.46 %","189,384,165.50","-"
"BANKING","2022-05-11","1569.51","1592.88","1569.51","1592.88","1.49 %","244,875,665.40","-"
"BANKING","2022-05-12","1595.16","1606.87","1586.46","1591.16","-0.11 %","266,909,221.20","-"
"BANKING","2022-05-17","1591.16","1591.80","1552.48","1553.20","-2.39 %","187,775,199.10","-"
"BANKING","2022-05-18","1553.20","1556.86","1543.64","1556.86","0.24 %","146,965,855.40","-"
"BANKING","2022-05-19","1556.86","1563.68","1548.44","1550.29","-0.42 %","180,959,381.70","-"
"BANKING","2022-05-20","1551.10","1552.36","1540.86","1543.78","-0.42 %","140,606,702.10","-"
"BANKING","2022-05-23","1554.56","1561.19","1523.72","1525.82","-1.16 %","250,764,448.90","-"
"BANKING","2022-05-24","1529.64","1536.64","1521.95","1531.74","0.39 %","171,871,802.70","-"
"BANKING","2022-05-25","1536.38","1544.42","1531.89","1539.93","0.53 %","159,564,742.80","-"
"BANKING","2022-05-26","1552.11","1554.95","1537.72","1554.95","0.98 %","243,929,788.00","-"
"BANKING","2022-05-27","1559.39","1563.60","1542.90","1548.87","-0.39 %","306,324,243.70","-"
"BANKING","2022-05-30","1555.77","1556.82","1519.93","1516.36","-2.03 %","274,427,242.60","-"
"BANKING","2022-05-31","1515.63","1515.63","1484.70","1488.35","-1.91 %","292,453,035.90","-"
"BANKING","2022-06-01","1488.35","1495.02","1476.55","1483.31","-0.34 %","308,623,714.00","-"
"BANKING","2022-06-02","1482.77","1490.78","1469.62","1472.20","-0.75 %","267,663,177.10","-"
"BANKING","2022-06-03","1474.90","1481.17","1446.27","1447.50","-1.68 %","363,472,556.30","-"
"BANKING","2022-06-06","1447.50","1456.42","1421.81","1428.46","-1.32 %","322,199,546.32","-"
"BANKING","2022-06-07","1427.27","1427.27","1389.27","1389.58","-2.72 %","376,588,258.70","-"
"BANKING","2022-06-08","1388.51","1428.20","1386.24","1419.07","2.11 %","408,493,298.60","-"
"BANKING","2022-06-09","1422.12","1441.57","1411.30","1413.35","-0.40 %","327,558,581.03","-"
"BANKING","2022-06-10","1419.31","1423.01","1396.22","1408.92","-0.31 %","271,094,240.00","-"
"BANKING","2022-06-13","1410.00","1413.05","1395.57","1397.85","-0.79 %","390,655,606.40","-"
"BANKING","2022-06-14","1397.85","1398.69","1380.78","1385.39","-0.89 %","236,303,422.90","-"
"BANKING","2022-06-15","1390.17","1390.53","1357.83","1367.84","-1.27 %","326,474,944.30","-"
"BANKING","2022-06-16","1368.60","1382.96","1356.06","1374.22","0.47 %","344,888,506.60","-"
"BANKING","2022-06-17","1375.00","1384.50","1368.71","1369.13","-0.37 %","297,109,567.00","-"
"BANKING","2022-06-19","1369.89","1373.82","1355.55","1356.54","-0.92 %","325,603,308.20","-"
"BANKING","2022-06-20","1357.16","1357.16","1331.52","1334.97","-1.59 %","325,254,112.60","-"
"BANKING","2022-06-21","1335.00","1355.45","1330.89","1352.11","1.28 %","237,421,161.70","-"
"BANKING","2022-06-22","1353.21","1357.90","1335.11","1335.71","-1.21 %","227,345,188.20","-"
"BANKING","2022-06-23","1334.19","1334.19","1310.01","1315.12","-1.59 %","452,279,603.86","-"
"BANKING","2022-06-24","1315.12","1325.36","1292.30","1317.49","0.18 %","285,199,895.60","-"
"BANKING","2022-06-26","1318.46","1352.98","1318.46","1352.98","2.69 %","473,069,500.80","-"
"BANKING","2022-06-27","1360.65","1372.50","1340.52","1340.60","-0.92 %","284,160,130.80","-"
"BANKING","2022-06-28","1343.95","1343.95","1327.01","1340.90","0.02 %","137,479,752.39","-"
"BANKING","2022-06-29","1342.81","1351.94","1336.07","1350.87","0.74 %","177,932,059.80","-"
"BANKING","2022-06-30","1352.07","1382.09","1352.07","1380.55","2.20 %","318,234,429.00","-"
"BANKING","2022-07-01","1382.34","1391.85","1370.74","1372.23","-0.60 %","233,137,184.30","-"
"BANKING","2022-07-03","1372.23","1389.05","1366.48","1389.05","1.23 %","322,771,056.80","-"
"BANKING","2022-07-04","1395.21","1412.91","1384.51","1387.08","-0.14 %","590,882,010.90","-"
"BANKING","2022-07-05","1387.70","1390.97","1367.48","1369.91","-1.24 %","293,443,520.20","-"
"BANKING","2022-07-06","1375.95","1378.71","1352.10","1369.19","-0.05 %","356,962,523.10","-"
"BANKING","2022-07-07","1372.87","1387.81","1357.11","1360.62","-0.63 %","320,851,266.00","-"
"BANKING","2022-07-08","1363.03","1363.03","1344.00","1345.46","-1.11 %","211,894,385.40","-"
"BANKING","2022-07-11","1347.31","1347.31","1306.69","1308.26","-2.77 %","421,307,383.00","-"
"BANKING","2022-07-12","1308.26","1319.99","1302.46","1312.70","0.34 %","319,042,469.90","-"
"BANKING","2022-07-13","1313.16","1337.55","1313.16","1337.55","1.89 %","550,662,230.60","-"
"BANKING","2022-07-14","1336.57","1356.81","1336.57","1344.85","0.55 %","721,585,524.30","-"
"BANKING","2022-07-15","1345.88","1363.39","1343.62","1363.39","1.38 %","318,060,786.40","-"
"BANKING","2022-07-17","1365.06","1371.79","1352.91","1371.79","0.63 %","225,646,414.70","-"
"BANKING","2022-07-18","1371.79","1373.78","1364.19","1373.80","0.15 %","199,302,030.10","-"
"BANKING","2022-07-19","1373.78","1387.68","1373.22","1380.34","0.48 %","405,364,325.20","-"
"BANKING","2022-07-20","1379.65","1384.38","1373.58","1379.72","-0.05 %","232,993,767.10","-"
"BANKING","2022-07-21","1383.42","1393.41","1375.59","1382.49","0.17 %","341,129,515.10","-"
"BANKING","2022-07-22","1382.50","1382.50","1366.25","1367.31","-1.10 %","202,697,002.20","-"
"BANKING","2022-07-24","1371.58","1390.19","1371.58","1390.19","1.67 %","400,895,355.00","-"
"BANKING","2022-07-25","1392.03","1411.71","1392.03","1411.71","1.55 %","493,910,785.70","-"
"BANKING","2022-07-26","1411.97","1411.97","1384.74","1386.42","-1.79 %","387,139,787.20","-"
"BANKING","2022-07-27","1387.42","1393.29","1377.38","1387.34","0.07 %","264,865,260.30","-"
"BANKING","2022-07-28","1388.51","1395.90","1383.25","1389.00","0.12 %","433,404,519.50","-"
"BANKING","2022-07-29","1389.37","1397.86","1384.20","1392.28","0.24 %","187,251,419.10","-"
"BANKING","2022-07-31","1392.68","1432.91","1392.68","1432.91","2.92 %","601,848,775.10","-"
"BANKING","2022-08-01","1434.70","1451.91","1426.96","1438.62","0.40 %","570,494,200.50","-"
"BANKING","2022-08-02","1438.62","1442.43","1423.99","1432.35","-0.44 %","265,307,808.80","-"
"BANKING","2022-08-03","1436.63","1443.04","1421.19","1422.46","-0.69 %","538,920,271.20","-"
"BANKING","2022-08-04","1427.92","1429.84","1400.47","1402.40","-1.41 %","368,742,857.20","-"
"BANKING","2022-08-05","1404.16","1404.16","1377.94","1380.24","-1.58 %","310,867,444.40","-"
"BANKING","2022-08-07","1375.76","1389.53","1373.03","1380.46","0.02 %","358,275,399.80","-"
"BANKING","2022-08-08","1383.84","1389.25","1371.61","1374.62","-0.42 %","354,441,854.40","-"
"BANKING","2022-08-09","1375.70","1378.60","1356.01","1356.57","-1.31 %","329,021,369.10","-"
"BANKING","2022-08-10","1357.31","1359.73","1345.91","1351.26","-0.39 %","279,411,096.10","-"
"BANKING","2022-08-11","1353.06","1359.60","1347.19","1348.24","-0.22 %","211,200,053.00","-"
"BANKING","2022-08-14","1349.46","1351.82","1337.53","1339.27","-0.67 %","211,275,890.10","-"
"BANKING","2022-08-15","1338.34","1355.91","1335.19","1355.91","1.24 %","240,510,422.20","-"
"BANKING","2022-08-16","1358.80","1368.59","1351.15","1352.48","-0.25 %","221,053,184.00","-"
"BANKING","2022-08-17","1352.48","1357.92","1347.62","1348.74","-0.28 %","171,412,930.50","-"
"BANKING","2022-08-18","1349.84","1359.20","1349.72","1356.67","0.59 %","196,340,795.00","-"
"BANKING","2022-08-21","1356.67","1367.73","1356.03","1357.98","0.10 %","203,214,242.90","-"
"BANKING","2022-08-22","1358.70","1361.42","1351.39","1356.49","-0.11 %","221,766,174.00","-"
"BANKING","2022-08-23","1355.65","1362.17","1354.04","1361.47","0.37 %","178,591,219.40","-"
"BANKING","2022-08-24","1361.10","1375.85","1359.99","1364.05","0.19 %","202,404,549.00","-"
"BANKING","2022-08-25","1364.30","1369.40","1358.02","1359.17","-0.36 %","158,458,239.30","-"
"BANKING","2022-08-26","1360.30","1360.30","1347.75","1349.47","-0.71 %","105,898,877.14","-"
"BANKING","2022-08-28","1349.93","1349.93","1336.06","1338.95","-0.78 %","216,143,160.30","-"
"BANKING","2022-08-29","1337.94","1341.00","1330.22","1338.82","-0.01 %","155,512,337.50","-"
"BANKING","2022-08-30","1338.82","1347.14","1335.98","1338.06","-0.06 %","157,113,498.90","-"
"BANKING","2022-08-31","1337.13","1341.01","1330.16","1331.00","-0.53 %","135,352,911.30","-"
"BANKING","2022-09-01","1330.92","1331.87","1323.97","1328.80","-0.16 %","139,042,530.80","-"
"BANKING","2022-09-02","1327.81","1336.44","1324.70","1327.04","-0.13 %","109,411,936.70","-"
"BANKING","2022-09-04","1327.04","1336.03","1324.34","1328.58","0.12 %","160,484,956.40","-"
"BANKING","2022-09-05","1328.01","1335.39","1325.95","1327.19","-0.10 %","132,732,106.00","-"
"BANKING","2022-09-06","1327.19","1329.41","1318.27","1320.36","-0.51 %","149,460,895.30","-"
"BANKING","2022-09-07","1319.37","1322.51","1311.79","1314.97","-0.41 %","121,098,936.80","-"
"BANKING","2022-09-08","1314.04","1315.82","1307.49","1310.91","-0.31 %","151,220,470.50","-"
"BANKING","2022-09-11","1310.07","1316.89","1305.98","1307.58","-0.25 %","122,511,281.40","-"
"BANKING","2022-09-12","1307.58","1310.56","1297.93","1302.41","-0.40 %","134,863,688.70","-"
"BANKING","2022-09-13","1302.41","1315.80","1302.41","1313.32","0.84 %","153,383,781.50","-"
"BANKING","2022-09-14","1315.16","1338.54","1315.16","1338.13","1.86 %","193,172,000.40","-"
"BANKING","2022-09-15","1338.13","1343.24","1311.27","1313.82","-1.82 %","403,765,132.30","-"
"BANKING","2022-09-16","1312.66","1312.66","1294.99","1306.95","-0.52 %","112,804,536.20","-"
"BANKING","2022-09-18","1306.00","1308.37","1290.62","1294.62","-0.94 %","413,682,300.50","-"
"BANKING","2022-09-20","1293.65","1295.58","1273.49","1274.57","-1.55 %","201,678,728.82","-"
"BANKING","2022-09-21","1274.79","1288.96","1274.55","1281.31","0.53 %","127,442,003.30","-"
"BANKING","2022-09-22","1281.31","1287.81","1275.76","1281.09","-0.02 %","101,456,371.10","-"
"BANKING","2022-09-25","1280.78","1281.26","1266.09","1272.03","-0.71 %","431,205,910.90","-"
"BANKING","2022-09-27","1272.06","1289.30","1271.69","1285.47","0.99 %","94,865,273.90","-"
"BANKING","2022-09-28","1285.47","1293.12","1285.47","1289.03","0.28 %","77,378,339.10","-"
"BANKING","2022-09-29","1287.99","1302.37","1285.69","1302.37","1.03 %","99,612,786.50","-"
"BANKING","2022-10-09","1302.37","1327.94","1302.20","1327.94","1.96 %","125,178,058.80","-"
"BANKING","2022-10-10","1331.61","1333.78","1308.88","1312.84","-1.14 %","125,610,497.20","-"
"BANKING","2022-10-11","1312.96","1312.96","1300.83","1303.12","-0.74 %","106,233,637.25","-"
"BANKING","2022-10-12","1302.08","1308.78","1299.30","1307.35","0.32 %","123,536,915.70","-"
"BANKING","2022-10-13","1307.35","1315.74","1300.02","1308.30","0.07 %","181,042,610.50","-"
"BANKING","2022-10-16","1307.72","1311.55","1299.43","1311.55","0.25 %","186,279,837.30","-"
"BANKING","2022-10-17","1312.59","1317.14","1306.77","1313.07","0.12 %","144,227,614.90","-"
"BANKING","2022-10-19","1312.00","1314.15","1305.60","1310.26","-0.21 %","110,490,596.60","-"
"BANKING","2022-10-20","1310.26","1312.53","1303.40","1310.17","-0.01 %","111,681,680.90","-"
"BANKING","2022-10-23","1310.98","1321.22","1310.21","1321.22","0.84 %","180,258,581.50","-"
"BANKING","2022-10-31","1324.85","1342.48","1324.85","1341.31","1.52 %","275,346,727.40","-"
"BANKING","2022-11-01","1343.24","1375.47","1338.23","1370.85","2.20 %","307,970,317.90","-"
"BANKING","2022-11-02","1373.19","1379.67","1361.19","1368.24","-0.19 %","260,074,528.20","-"
"BANKING","2022-11-03","1369.40","1369.40","1355.29","1356.88","-0.83 %","206,765,550.00","-"
"BANKING","2022-11-06","1359.30","1368.47","1352.52","1368.27","0.84 %","257,694,457.00","-"
"BANKING","2022-11-07","1370.36","1374.18","1362.80","1364.32","-0.29 %","232,493,957.90","-"
"BANKING","2022-11-08","1364.32","1365.19","1357.83","1360.35","-0.29 %","166,932,240.00","-"
"BANKING","2022-11-09","1359.23","1371.90","1344.55","1346.30","-1.03 %","174,932,756.70","-"
"BANKING","2022-11-10","1347.72","1355.37","1335.08","1337.09","-0.68 %","144,661,115.60","-"
"BANKING","2022-11-13","1336.00","1342.73","1330.03","1331.79","-0.40 %","96,358,471.50","-"
"BANKING","2022-11-14","1331.79","1336.97","1328.07","1336.38","0.35 %","112,481,644.10","-"
"BANKING","2022-11-15","1336.38","1346.31","1336.30","1337.49","0.08 %","105,698,240.20","-"
"BANKING","2022-11-16","1337.12","1345.65","1335.89","1345.65","0.61 %","105,441,783.10","-"
"BANKING","2022-11-17","1345.65","1358.04","1345.65","1357.92","0.91 %","140,390,500.50","-"
"BANKING","2022-11-22","1359.14","1372.42","1355.16","1359.18","0.09 %","315,493,313.80","-"
"BANKING","2022-11-23","1359.78","1361.47","1347.79","1352.35","-0.50 %","314,116,540.90","-"
"BANKING","2022-11-24","1352.89","1358.30","1346.14","1358.30","0.44 %","165,909,275.00","-"
"BANKING","2022-11-27","1358.56","1377.60","1356.35","1377.60","1.41 %","330,189,053.90","-"
"BANKING","2022-11-28","1380.82","1388.24","1366.38","1367.55","-0.73 %","327,451,078.90","-"
"BANKING","2022-11-29","1369.13","1372.80","1356.13","1366.57","-0.07 %","214,711,770.00","-"
"BANKING","2022-11-30","1366.57","1368.92","1360.58","1366.26","-0.02 %","190,845,433.70","-"
"BANKING","2022-12-01","1361.42","1382.55","1359.77","1379.74","0.99 %","324,564,053.60","-"
"BANKING","2022-12-04","1379.74","1386.46","1368.47","1370.33","-0.68 %","401,123,213.20","-"
"BANKING","2022-12-05","1372.04","1375.46","1358.00","1360.66","-0.71 %","258,288,724.30","-"
"BANKING","2022-12-06","1363.89","1363.89","1346.31","1355.35","-0.39 %","217,951,183.10","-"
"BANKING","2022-12-07","1355.62","1356.96","1337.28","1337.93","-1.29 %","231,164,104.20","-"
"BANKING","2022-12-11","1335.72","1337.46","1305.74","1307.13","-2.30 %","277,838,055.80","-"
"BANKING","2022-12-12","1305.90","1305.90","1282.56","1299.54","-0.58 %","443,473,346.80","-"
"BANKING","2022-12-13","1299.54","1302.96","1289.89","1294.66","-0.38 %","235,354,798.20","-"
"BANKING","2022-12-14","1294.63","1302.49","1290.27","1290.67","-0.31 %","180,067,494.60","-"
"BANKING","2022-12-15","1290.67","1293.06","1282.46","1285.38","-0.41 %","189,755,866.90","-"
"BANKING","2022-12-18","1284.68","1284.68","1263.02","1265.80","-1.52 %","329,714,063.00","-"
"BANKING","2022-12-19","1265.80","1270.89","1262.53","1265.45","-0.03 %","231,265,751.90","-"
"BANKING","2022-12-20","1266.58","1278.10","1266.58","1272.11","0.54 %","207,463,894.20","-"
"BANKING","2022-12-21","1274.90","1284.52","1270.52","1275.49","0.27 %","267,126,091.70","-"
"BANKING","2022-12-22","1274.49","1277.48","1270.57","1276.87","0.11 %","283,561,628.70","-"
"BANKING","2022-12-26","1281.23","1319.68","1281.23","1319.68","3.35 %","396,823,643.30","-"
"BANKING","2022-12-27","1323.06","1365.33","1323.06","1354.75","2.66 %","858,574,635.00","-"
"BANKING","2022-12-28","1359.46","1359.96","1339.44","1341.31","-0.99 %","414,235,428.00","-"
"BANKING","2022-12-29","1341.31","1366.87","1335.05","1365.78","1.82 %","512,229,193.70","-"
"BANKING","2023-01-01","1372.73","1397.24","1366.12","1372.53","0.49 %","693,571,945.80","-"
"BANKING","2023-01-02","1377.66","1393.30","1369.18","1386.83","1.00 %","560,448,121.70","-"
"BANKING","2023-01-03","1388.47","1395.79","1379.22","1383.45","-0.24 %","430,209,361.80","-"
"BANKING","2023-01-04","1388.98","1400.44","1382.74","1400.44","1.23 %","431,676,138.90","-"
"BANKING","2023-01-05","1404.07","1415.29","1390.48","1395.70","-0.34 %","623,137,967.50","-"
"BANKING","2023-01-08","1389.35","1396.62","1382.84","1383.45","-0.88 %","604,582,007.30","-"
"BANKING","2023-01-09","1389.53","1412.67","1377.62","1412.67","2.11 %","819,088,015.90","-"
"BANKING","2023-01-10","1414.88","1466.22","1414.88","1421.86","0.65 %","1,155,282,863.60","-"
"BANKING","2023-01-12","1432.73","1448.59","1403.12","1406.82","-1.06 %","540,693,944.90","-"
"BANKING","2023-01-17","1410.38","1411.94","1395.81","1402.37","-0.32 %","338,016,582.40","-"
"BANKING","2023-01-18","1404.65","1410.89","1389.99","1392.33","-0.72 %","378,760,940.10","-"
"BANKING","2023-01-19","1393.85","1410.00","1387.92","1401.64","0.66 %","453,548,346.70","-"
"BANKING","2023-01-23","1411.17","1432.88","1411.17","1416.81","1.08 %","953,966,103.50","-"
"BANKING","2023-01-24","1417.87","1424.48","1406.79","1414.66","-0.15 %","436,799,617.50","-"
"BANKING","2023-01-25","1417.15","1422.95","1406.84","1407.20","-0.53 %","378,897,109.40","-"
"BANKING","2023-01-26","1408.30","1414.48","1399.62","1401.14","-0.43 %","302,357,049.70","-"
"BANKING","2023-01-29","1402.25","1405.44","1392.41","1393.79","-0.52 %","316,692,325.10","-"
"BANKING","2023-01-30","1388.87","1392.19","1376.49","1378.07","-1.13 %","338,384,576.13","-"
"BANKING","2023-01-31","1379.15","1379.30","1365.78","1367.14","-0.79 %","304,233,464.20","-"
"BANKING","2023-02-01","1369.24","1372.83","1361.82","1368.56","0.10 %","305,267,628.60","-"
"BANKING","2023-02-02","1368.08","1377.72","1360.40","1363.13","-0.40 %","366,913,508.50","-"
"BANKING","2023-02-05","1365.47","1374.47","1360.89","1364.79","0.12 %","326,382,901.20","-"
"BANKING","2023-02-06","1364.62","1370.34","1359.08","1370.34","0.41 %","267,839,004.60","-"
"BANKING","2023-02-07","1370.34","1402.05","1369.66","1402.05","2.31 %","446,118,208.40","-"
"BANKING","2023-02-08","1403.61","1420.46","1397.52","1401.64","-0.03 %","552,177,373.90","-"
"BANKING","2023-02-09","1401.64","1405.98","1390.95","1405.96","0.31 %","343,847,767.70","-"
"BANKING","2023-02-12","1407.72","1407.72","1375.63","1377.99","-1.99 %","345,780,016.60","-"
"BANKING","2023-02-14","1379.04","1379.04","1364.63","1367.51","-0.76 %","265,664,799.40","-"
"BANKING","2023-02-15","1367.89","1372.56","1357.74","1360.66","-0.50 %","275,779,261.90","-"
"BANKING","2023-02-16","1358.79","1363.74","1351.94","1352.01","-0.64 %","226,386,676.30","-"
"BANKING","2023-02-20","1353.04","1353.13","1335.96","1341.90","-0.75 %","325,926,197.20","-"
"BANKING","2023-02-22","1343.20","1360.96","1338.45","1358.73","1.25 %","270,055,626.80","-"
"BANKING","2023-02-23","1357.87","1357.87","1328.65","1334.51","-1.78 %","459,032,025.80","-"
"BANKING","2023-02-26","1334.69","1334.69","1303.64","1322.94","-0.87 %","314,820,335.10","-"
"BANKING","2023-02-27","1322.94","1334.90","1309.79","1321.68","-0.10 %","250,461,914.00","-"
"BANKING","2023-02-28","1321.37","1330.00","1315.46","1317.15","-0.34 %","160,210,412.10","-"
"BANKING","2023-03-01","1317.15","1322.10","1308.03","1309.52","-0.58 %","186,557,115.80","-"
"BANKING","2023-03-02","1309.52","1311.20","1297.05","1297.16","-0.94 %","210,470,893.10","-"
"BANKING","2023-03-05","1297.16","1303.70","1282.51","1285.08","-0.93 %","203,214,183.10","-"
"BANKING","2023-03-07","1285.08","1297.38","1283.51","1291.65","0.51 %","181,973,963.30","-"
"BANKING","2023-03-09","1291.83","1316.10","1291.43","1315.37","1.82 %","221,920,136.20","-"
"BANKING","2023-03-12","1315.37","1321.43","1290.82","1293.32","-1.68 %","226,961,765.40","-"
"BANKING","2023-03-13","1288.87","1292.14","1269.09","1272.96","-1.57 %","289,105,194.30","-"
"BANKING","2023-03-14","1272.26","1278.74","1262.83","1269.02","-0.31 %","312,593,567.40","-"
"BANKING","2023-03-15","1270.31","1272.39","1251.51","1259.08","-0.78 %","304,315,010.90","-"
"BANKING","2023-03-16","1259.08","1259.84","1243.46","1254.13","-0.39 %","244,945,999.90","-"
"BANKING","2023-03-19","1253.18","1258.13","1244.77","1247.41","-0.54 %","223,714,807.70","-"
"BANKING","2023-03-20","1247.41","1257.83","1247.15","1254.11","0.54 %","237,384,295.30","-"
"BANKING","2023-03-22","1255.00","1263.62","1243.69","1246.50","-0.61 %","261,166,392.60","-"
"BANKING","2023-03-23","1246.50","1251.84","1226.32","1238.19","-0.67 %","514,076,531.50","-"
"BANKING","2023-03-26","1238.75","1238.75","1216.85","1220.92","-1.42 %","284,814,894.10","-"
"BANKING","2023-03-27","1219.97","1226.64","1205.91","1224.06","0.26 %","257,163,567.70","-"
"BANKING","2023-03-28","1224.06","1240.61","1224.06","1227.82","0.31 %","218,647,325.10","-"
"BANKING","2023-03-29","1230.20","1230.49","1218.24","1227.68","-0.01 %","171,687,692.80","-"
"BANKING","2023-03-30","1228.53","1237.23","1219.02","1222.53","-0.42 %","145,205,907.80","-"
"BANKING","2023-04-02","1224.17","1236.81","1207.86","1209.31","-1.08 %","226,310,319.90","-"
"BANKING","2023-04-03","1209.31","1213.65","1196.45","1200.27","-0.75 %","210,921,010.40","-"
"BANKING","2023-04-04","1202.04","1205.30","1190.39","1194.56","-0.48 %","214,325,157.40","-"
"BANKING","2023-04-05","1194.33","1203.34","1190.95","1202.38","0.65 %","169,424,196.30","-"
"BANKING","2023-04-06","1203.53","1216.69","1198.91","1202.92","0.04 %","185,851,596.80","-"
"BANKING","2023-04-09","1203.73","1204.50","1185.36","1187.81","-1.26 %","268,597,977.80","-"
"BANKING","2023-04-10","1187.81","1196.28","1184.64","1191.94","0.35 %","184,017,098.30","-"
"BANKING","2023-04-11","1194.46","1209.78","1192.40","1208.71","1.41 %","207,402,126.40","-"
"BANKING","2023-04-12","1207.56","1275.52","1207.56","1274.74","5.46 %","377,331,739.40","-"
"BANKING","2023-04-13","1284.48","1290.74","1251.33","1254.84","-1.56 %","307,294,554.50","-"
"BANKING","2023-04-16","1254.84","1268.05","1245.31","1254.99","0.01 %","176,697,086.70","-"
"BANKING","2023-04-17","1254.99","1262.74","1240.21","1241.82","-1.05 %","199,087,184.70","-"
"BANKING","2023-04-18","1237.61","1247.50","1233.58","1241.80","0.00 %","169,315,019.80","-"
"BANKING","2023-04-19","1237.77","1259.92","1237.77","1251.24","0.76 %","185,175,211.40","-"
"BANKING","2023-04-20","1248.02","1261.41","1241.46","1245.94","-0.42 %","294,772,931.80","-"
"BANKING","2023-04-23","1245.95","1248.92","1227.14","1229.23","-1.34 %","198,191,860.90","-"
"BANKING","2023-04-24","1229.23","1232.69","1221.37","1229.07","-0.01 %","150,980,374.40","-"
"BANKING","2023-04-25","1227.63","1241.24","1226.75","1241.24","0.99 %","168,502,387.50","-"
"BANKING","2023-04-26","1243.23","1248.05","1231.94","1233.58","-0.62 %","185,913,664.30","-"
"BANKING","2023-04-27","1235.03","1241.00","1225.79","1236.56","0.24 %","187,925,527.00","-"
"BANKING","2023-04-30","1236.56","1238.84","1225.16","1227.09","-0.77 %","224,452,631.60","-"
"BANKING","2023-05-02","1227.57","1237.23","1219.86","1226.01","-0.09 %","163,260,834.90","-"
"BANKING","2023-05-03","1226.39","1228.24","1219.50","1224.03","-0.16 %","131,523,388.00","-"
"BANKING","2023-05-04","1224.03","1236.81","1217.01","1228.21","0.34 %","158,804,203.70","-"
"BANKING","2023-05-07","1229.48","1232.14","1218.06","1219.09","-0.74 %","144,574,231.40","-"
"BANKING","2023-05-08","1219.95","1224.75","1208.74","1212.59","-0.53 %","159,157,208.70","-"
"BANKING","2023-05-09","1208.67","1223.68","1207.39","1216.18","0.30 %","135,024,237.70","-"
"BANKING","2023-05-10","1217.93","1224.23","1212.82","1213.55","-0.22 %","152,701,678.70","-"
"BANKING","2023-05-11","1211.96","1215.15","1208.05","1214.17","0.05 %","120,598,037.50","-"
"BANKING","2023-05-14","1213.85","1224.24","1201.07","1205.50","-0.71 %","238,398,893.72","-"
"BANKING","2023-05-15","1205.50","1207.80","1197.35","1201.80","-0.31 %","186,202,404.60","-"
"BANKING","2023-05-16","1201.80","1205.13","1196.97","1200.47","-0.11 %","183,368,999.30","-"
"BANKING","2023-05-17","1200.47","1213.42","1200.39","1209.14","0.72 %","182,996,830.30","-"
"BANKING","2023-05-18","1210.53","1227.73","1209.97","1222.39","1.10 %","285,844,342.20","-"
"BANKING","2023-05-21","1222.47","1236.82","1221.51","1223.13","0.05 %","231,111,727.00","-"
"BANKING","2023-05-22","1223.13","1226.26","1214.69","1222.84","-0.02 %","202,060,844.70","-"
"BANKING","2023-05-23","1222.84","1246.00","1222.84","1244.11","1.74 %","345,218,179.00","-"
"BANKING","2023-05-24","1245.06","1258.81","1236.88","1246.26","0.17 %","228,318,332.80","-"
"BANKING","2023-05-28","1247.60","1261.40","1240.06","1240.90","-0.43 %","374,258,742.00","-"
"BANKING","2023-05-30","1240.70","1240.70","1209.89","1211.03","-2.42 %","339,090,122.80","-"
"BANKING","2023-05-31","1208.97","1214.60","1189.42","1192.36","-1.54 %","392,338,988.20","-"
"BANKING","2023-06-01","1193.19","1207.74","1186.17","1199.31","0.58 %","265,026,491.10","-"
"BANKING","2023-06-04","1199.31","1233.11","1195.90","1216.66","1.45 %","238,180,370.10","-"
"BANKING","2023-06-05","1219.63","1227.75","1207.29","1207.51","-0.75 %","198,006,655.70","-"
"BANKING","2023-06-06","1207.51","1212.66","1201.20","1209.31","0.15 %","203,429,264.60","-"
"BANKING","2023-06-07","1210.28","1215.91","1205.13","1206.69","-0.23 %","217,644,182.30","-"
"BANKING","2023-06-08","1208.53","1210.84","1201.17","1203.56","-0.26 %","224,137,905.40","-"
"BANKING","2023-06-11","1204.17","1215.50","1204.13","1212.44","0.74 %","318,029,903.80","-"
"BANKING","2023-06-12","1212.74","1226.75","1212.49","1215.46","0.25 %","248,192,708.10","-"
"BANKING","2023-06-13","1220.01","1228.74","1209.33","1222.81","0.61 %","375,659,332.90","-"
"BANKING","2023-06-14","1222.45","1251.70","1222.12","1238.88","1.29 %","570,511,477.40","-"
"BANKING","2023-06-15","1242.73","1245.01","1231.75","1236.49","-0.19 %","315,465,969.20","-"
"BANKING","2023-06-18","1235.44","1238.51","1229.07","1232.93","-0.29 %","374,339,680.80","-"
"BANKING","2023-06-19","1233.63","1239.94","1223.32","1224.61","-0.67 %","310,868,623.90","-"
"BANKING","2023-06-20","1224.54","1239.44","1221.40","1223.73","-0.07 %","279,545,063.30","-"
"BANKING","2023-06-21","1224.98","1228.99","1212.26","1214.19","-0.82 %","382,825,654.90","-"
"BANKING","2023-06-22","1214.05","1220.29","1203.02","1207.11","-0.57 %","280,089,837.00","-"
"BANKING","2023-06-25","1207.11","1222.49","1201.83","1219.85","1.06 %","586,960,772.98","-"
"BANKING","2023-06-26","1219.85","1237.19","1219.85","1228.25","0.69 %","600,758,313.30","-"
"BANKING","2023-06-27","1229.86","1276.50","1229.86","1276.50","3.93 %","780,072,668.70","-"
"BANKING","2023-06-28","1281.12","1300.32","1254.18","1256.83","-1.54 %","570,695,101.90","-"
"BANKING","2023-07-02","1257.81","1260.15","1225.65","1226.96","-2.38 %","460,790,658.75","-"
"BANKING","2023-07-03","1225.41","1228.38","1212.44","1214.40","-1.02 %","339,843,128.15","-"
"BANKING","2023-07-04","1212.86","1226.53","1209.59","1215.47","0.09 %","307,934,409.80","-"
"BANKING","2023-07-05","1210.32","1224.86","1202.48","1204.48","-0.90 %","393,254,738.90","-"
"BANKING","2023-07-06","1204.48","1211.64","1198.03","1200.87","-0.30 %","390,586,371.90","-"
"BANKING","2023-07-09","1197.74","1219.10","1197.74","1209.01","0.68 %","408,970,075.50","-"
"BANKING","2023-07-10","1209.40","1221.06","1205.03","1208.80","-0.02 %","399,079,686.50","-"
"BANKING","2023-07-11","1208.80","1213.26","1202.60","1206.01","-0.23 %","310,748,481.50","-"
"BANKING","2023-07-12","1206.01","1216.14","1205.34","1214.78","0.73 %","277,344,800.60","-"
"BANKING","2023-07-13","1208.22","1232.53","1208.22","1218.55","0.31 %","336,828,495.70","-"
"BANKING","2023-07-16","1218.55","1234.80","1218.55","1234.80","1.33 %","315,582,129.20","-"
"BANKING","2023-07-17","1234.80","1270.09","1234.46","1270.09","2.86 %","432,898,984.30","-"
"BANKING","2023-07-18","1271.90","1293.95","1271.90","1283.83","1.08 %","613,688,355.40","-"
"BANKING","2023-07-19","1284.53","1317.22","1276.97","1313.49","2.31 %","873,346,796.50","-"
"BANKING","2023-07-20","1314.80","1326.17","1306.52","1314.74","0.90 %","662,625,555.40","-"
"BANKING","2023-07-23","1317.61","1380.31","1315.81","1380.31","4.98 %","1,152,808,980.10","-"
"BANKING","2023-07-24","1378.63","1393.88","1348.62","1352.63","-2.01 %","1,314,132,350.20","-"
"BANKING","2023-07-25","1352.63","1356.27","1315.37","1315.38","-2.75 %","662,896,441.23","-"
"BANKING","2023-07-26","1317.86","1333.52","1305.24","1314.77","-0.04 %","477,025,468.30","-"
"BANKING","2023-07-27","1312.41","1326.29","1300.19","1301.64","-0.99 %","463,939,429.10","-"
"BANKING","2023-07-30","1303.02","1314.80","1287.40","1293.66","-0.61 %","508,444,550.60","-"
"BANKING","2023-07-31","1288.57","1313.67","1286.20","1303.35","0.74 %","413,110,384.50","-"
"BANKING","2023-08-01","1303.53","1316.13","1287.87","1291.12","-0.93 %","338,752,428.10","-"
"BANKING","2023-08-02","1291.78","1301.89","1288.11","1301.63","0.81 %","341,724,781.70","-"
"BANKING","2023-08-03","1302.26","1318.13","1301.21","1307.66","0.46 %","393,872,281.70","-"
"BANKING","2023-08-06","1319.21","1327.09","1280.84","1285.32","-1.70 %","1,099,022,516.70","-"
"BANKING","2023-08-07","1285.04","1286.99","1265.60","1273.12","-0.94 %","517,078,028.50","-"
"BANKING","2023-08-08","1274.78","1275.74","1255.91","1259.86","-1.04 %","334,128,663.00","-"
"BANKING","2023-08-09","1259.86","1272.05","1247.19","1272.05","0.96 %","329,569,461.70","-"
"BANKING","2023-08-10","1270.51","1279.00","1264.15","1271.81","-0.01 %","333,304,166.20","-"
"BANKING","2023-08-13","1272.83","1292.85","1269.27","1285.43","1.07 %","476,402,307.10","-"
"BANKING","2023-08-14","1281.64","1300.53","1281.64","1292.30","0.53 %","487,418,727.60","-"
"BANKING","2023-08-15","1293.69","1294.85","1277.87","1280.33","-0.92 %","340,638,067.30","-"
"BANKING","2023-08-16","1280.33","1280.59","1265.52","1270.92","-0.73 %","289,090,478.40","-"
"BANKING","2023-08-17","1271.50","1281.51","1270.82","1274.10","0.25 %","235,319,918.10","-"
"BANKING","2023-08-20","1274.10","1279.11","1266.03","1270.50","-0.28 %","273,602,369.50","-"
"BANKING","2023-08-21","1270.50","1274.65","1264.02","1266.04","-0.35 %","247,208,745.70","-"
"BANKING","2023-08-22","1268.23","1273.66","1261.70","1271.35","0.37 %","213,061,619.30","-"
"BANKING","2023-08-23","1272.37","1283.25","1270.62","1280.89","0.75 %","241,320,093.00","-"
"BANKING","2023-08-24","1280.43","1284.98","1267.69","1269.60","-0.88 %","283,471,902.70","-"
"BANKING","2023-08-27","1269.66","1270.04","1258.77","1259.22","-0.81 %","227,979,942.60","-"
"BANKING","2023-08-28","1260.16","1272.68","1260.16","1265.84","0.52 %","237,040,930.60","-"
"BANKING","2023-08-29","1265.12","1269.41","1259.98","1263.64","-0.17 %","187,744,561.70","-"
"BANKING","2023-08-30","1267.40","1274.49","1261.45","1262.80","-0.06 %","360,996,197.20","-"
"BANKING","2023-09-03","1263.22","1264.68","1250.95","1251.73","-0.87 %","259,113,387.80","-"
"BANKING","2023-09-04","1251.70","1262.17","1243.75","1253.69","0.15 %","228,680,027.40","-"
"BANKING","2023-09-05","1253.45","1260.91","1248.83","1250.77","-0.23 %","176,614,761.80","-"
"BANKING","2023-09-07","1249.82","1250.94","1236.44","1237.27","-1.07 %","244,746,617.00","-"
"BANKING","2023-09-10","1238.29","1248.48","1237.63","1245.31","0.64 %","253,026,107.20","-"
"BANKING","2023-09-11","1245.31","1269.97","1245.31","1269.76","1.96 %","359,604,112.30","-"
"BANKING","2023-09-12","1270.77","1280.87","1260.69","1264.28","-0.43 %","295,460,182.00","-"
"BANKING","2023-09-13","1264.28","1276.80","1262.47","1276.85","0.99 %","359,769,837.00","-"
"BANKING","2023-09-17","1282.70","1282.70","1255.34","1258.57","-1.42 %","681,101,020.40","-"
"BANKING","2023-09-18","1259.17","1259.17","1246.84","1253.53","-0.40 %","209,279,338.60","-"
"BANKING","2023-09-19","1254.60","1259.83","1249.08","1257.63","0.32 %","207,473,397.30","-"
"BANKING","2023-09-21","1261.65","1282.03","1261.28","1268.65","0.87 %","484,374,453.30","-"
"BANKING","2023-09-24","1268.65","1273.25","1259.18","1262.88","-0.45 %","424,316,559.20","-"
"BANKING","2023-09-25","1265.19","1267.88","1254.81","1258.34","-0.35 %","233,686,197.70","-"
"BANKING","2023-09-26","1258.56","1274.34","1256.95","1260.45","0.16 %","289,726,904.20","-"
"BANKING","2023-09-27","1261.47","1266.15","1248.89","1252.78","-0.60 %","273,706,185.50","-"
"BANKING","2023-10-01","1253.99","1254.38","1236.07","1239.63","-1.07 %","349,435,016.90","-"
"BANKING","2023-10-02","1239.10","1245.37","1230.03","1239.84","0.01 %","450,850,640.60","-"
"BANKING","2023-10-03","1243.60","1243.60","1230.10","1232.25","-0.61 %","246,097,674.80","-"
"BANKING","2023-10-04","1232.89","1237.62","1227.54","1232.17","0.00 %","202,505,811.70","-"
"BANKING","2023-10-05","1231.98","1233.01","1225.60","1227.15","-0.40 %","201,844,268.20","-"
"BANKING","2023-10-08","1232.70","1232.70","1209.55","1209.85","-1.40 %","315,111,234.40","-"
"BANKING","2023-10-09","1209.95","1211.88","1199.16","1200.86","-0.74 %","198,161,297.94","-"
"BANKING","2023-10-10","1200.90","1204.96","1190.67","1191.29","-0.79 %","190,286,110.60","-"
"BANKING","2023-10-11","1191.29","1200.02","1188.83","1192.25","0.08 %","180,255,815.20","-"
"BANKING","2023-10-12","1191.34","1194.21","1180.47","1183.28","-0.75 %","360,709,332.90","-"
"BANKING","2023-10-16","1183.28","1187.42","1172.31","1174.17","-0.76 %","191,665,761.10","-"
"BANKING","2023-10-17","1174.17","1193.79","1174.17","1187.14","1.10 %","186,636,297.70","-"
"BANKING","2023-10-18","1187.14","1218.72","1187.14","1216.41","2.46 %","157,285,293.80","-"
"BANKING","2023-10-19","1217.30","1223.80","1205.92","1217.61","0.09 %","169,006,142.30","-"
"BANKING","2023-10-29","1217.61","1219.14","1195.84","1200.57","-1.39 %","111,161,524.80","-"
"BANKING","2023-10-30","1202.12","1202.12","1188.75","1201.15","0.04 %","122,025,705.60","-"
"BANKING","2023-10-31","1200.50","1201.57","1190.44","1192.24","-0.74 %","106,887,637.00","-"
"BANKING","2023-11-01","1192.24","1197.04","1187.60","1191.99","-0.02 %","116,108,515.60","-"
"BANKING","2023-11-02","1191.99","1193.64","1180.55","1181.49","-0.88 %","131,521,262.50","-"
"BANKING","2023-11-05","1180.24","1180.24","1161.32","1163.67","-1.50 %","273,335,684.80","-"
"BANKING","2023-11-06","1163.67","1177.35","1162.00","1170.06","0.54 %","165,853,348.60","-"
"BANKING","2023-11-07","1170.06","1179.91","1168.03","1172.47","0.20 %","189,838,639.30","-"
"BANKING","2023-11-08","1170.03","1179.55","1167.38","1175.47","0.25 %","98,768,973.00","-"
"BANKING","2023-11-09","1177.04","1177.11","1168.59","1172.91","-0.21 %","109,028,370.10","-"
"BANKING","2023-11-20","1175.83","1186.63","1172.60","1175.33","0.20 %","130,898,970.40","-"
"BANKING","2023-11-21","1175.33","1178.75","1164.38","1169.04","-0.53 %","118,093,713.30","-"
"BANKING","2023-11-22","1170.50","1172.44","1158.86","1172.44","0.29 %","129,579,823.90","-"
"BANKING","2023-11-23","1167.33","1167.33","1147.09","1163.95","-0.72 %","253,762,814.20","-"
"BANKING","2023-11-26","1162.19","1185.74","1151.30","1185.74","1.87 %","238,867,530.00","-"
"BANKING","2023-11-27","1186.19","1194.68","1171.43","1175.76","-0.84 %","155,796,717.80","-"
"BANKING","2023-11-28","1175.76","1179.57","1167.40","1169.57","-0.52 %","139,814,942.80","-"
"BANKING","2023-11-29","1169.57","1172.78","1157.84","1160.70","-0.75 %","94,037,069.80","-"
"BANKING","2023-11-30","1158.73","1160.89","1144.82","1150.04","-0.91 %","142,669,149.90","-"
"BANKING","2023-12-03","1149.08","1153.26","1138.10","1144.41","-0.48 %","122,209,318.90","-"
"BANKING","2023-12-04","1141.61","1144.96","1136.25","1137.25","-0.62 %","123,101,384.50","-"
"BANKING","2023-12-05","1137.25","1139.82","1131.64","1134.51","-0.24 %","113,695,453.10","-"
"BANKING","2023-12-06","1134.51","1136.07","1128.64","1133.47","-0.09 %","121,563,726.90","-"
"BANKING","2023-12-07","1133.47","1143.20","1128.79","1140.42","0.61 %","122,402,479.70","-"
"BANKING","2023-12-10","1146.22","1201.20","1146.22","1205.22","5.68 %","33,519,319.20","-"
"BANKING","2023-12-11","1220.50","1220.50","1181.69","1189.99","-1.26 %","472,983,588.80","-"
"BANKING","2023-12-12","1189.99","1196.54","1186.33","1192.57","0.21 %","336,660,464.50","-"
"BANKING","2023-12-13","1193.87","1207.90","1193.12","1197.45","0.40 %","374,665,931.55","-"
"BANKING","2023-12-14","1198.85","1202.51","1192.80","1197.10","-0.02 %","275,848,771.80","-"
"BANKING","2023-12-17","1186.47","1189.52","1158.75","1188.98","-0.67 %","422,632,400.40","-"
"BANKING","2023-12-18","1190.01","1218.12","1189.45","1213.44","2.05 %","648,017,563.20","-"
"BANKING","2023-12-19","1216.53","1243.33","1214.97","1243.33","2.46 %","601,765,469.90","-"
"BANKING","2023-12-20","1247.65","1261.36","1246.75","1251.10","0.62 %","576,811,676.90","-"
"BANKING","2023-12-21","1252.76","1254.01","1226.49","1227.66","-1.87 %","461,734,485.30","-"
"BANKING","2023-12-24","1227.94","1230.22","1208.65","1208.65","-1.54 %","386,779,618.90","-"
"BANKING","2023-12-27","1209.78","1219.88","1192.96","1197.96","-0.88 %","349,055,072.70","-"
"BANKING","2023-12-28","1197.96","1200.99","1190.20","1191.94","-0.50 %","269,608,800.70","-"
"BANKING","2024-01-01","1192.85","1204.36","1189.81","1192.10","0.01 %","287,879,823.40","-"
"BANKING","2024-01-02","1191.58","1193.75","1175.05","1178.34","-1.15 %","285,623,262.70","-"
"BANKING","2024-01-03","1178.92","1182.58","1172.01","1182.58","0.35 %","245,814,805.60","-"
"BANKING","2024-01-04","1182.25","1188.35","1174.52","1176.07","-0.54 %","275,117,344.60","-"
"BANKING","2024-01-07","1175.90","1179.90","1154.74","1154.74","-1.81 %","397,319,238.30","-"
"BANKING","2024-01-08","1155.31","1164.38","1155.31","1161.64","0.59 %","340,882,596.80","-"
"BANKING","2024-01-09","1163.98","1173.68","1163.20","1169.43","0.67 %","328,366,417.40","-"
"BANKING","2024-01-10","1169.43","1197.21","1169.43","1182.62","1.12 %","378,896,936.10","-"
"BANKING","2024-01-11","1184.86","1190.58","1179.23","1181.41","-0.10 %","251,139,859.50","-"
"BANKING","2024-01-14","1181.98","1194.06","1180.90","1186.97","0.47 %","299,533,960.80","-"
"BANKING","2024-01-16","1188.90","1211.27","1188.90","1211.15","2.03 %","570,072,752.90","-"
"BANKING","2024-01-17","1214.27","1243.09","1212.26","1216.08","0.40 %","693,835,789.60","-"
"BANKING","2024-01-18","1216.42","1216.42","1201.54","1208.25","-0.64 %","415,718,316.10","-"
"BANKING","2024-01-21","1207.80","1207.80","1177.33","1179.18","-2.42 %","586,474,778.20","-"
"BANKING","2024-01-22","1178.54","1179.69","1162.07","1166.07","-1.11 %","442,436,070.30","-"
"BANKING","2024-01-23","1166.07","1171.23","1159.87","1161.12","-0.42 %","341,150,056.30","-"
"BANKING","2024-01-24","1159.37","1170.57","1157.90","1162.25","0.09 %","263,627,645.60","-"
"BANKING","2024-01-25","1163.64","1167.42","1158.57","1164.51","0.19 %","307,531,540.70","-"
"BANKING","2024-01-28","1165.21","1170.45","1159.98","1163.42","-0.09 %","254,403,019.06","-"
"BANKING","2024-01-29","1165.73","1173.87","1161.44","1162.68","-0.06 %","275,687,965.30","-"
"BANKING","2024-01-30","1160.61","1171.16","1158.45","1160.67","-0.17 %","285,483,839.70","-"
"BANKING","2024-01-31","1159.15","1164.15","1151.99","1153.82","-0.59 %","320,686,882.40","-"
"BANKING","2024-02-01","1157.62","1157.62","1138.75","1139.70","-1.22 %","292,609,671.00","-"
"BANKING","2024-02-04","1140.68","1141.54","1134.05","1137.01","-0.23 %","240,575,789.30","-"
"BANKING","2024-02-05","1137.96","1145.08","1135.32","1138.60","0.14 %","200,688,372.10","-"
"BANKING","2024-02-06","1139.55","1151.79","1138.53","1140.70","0.18 %","208,892,744.10","-"
"BANKING","2024-02-07","1158.40","1160.40","1141.82","1143.69","0.26 %","215,436,011.90","-"
"BANKING","2024-02-08","1143.51","1145.66","1139.97","1143.13","-0.04 %","194,215,594.08","-"
"BANKING","2024-02-11","1146.55","1148.75","1133.72","1134.11","-0.78 %","281,977,144.30","-"
"BANKING","2024-02-12","1135.34","1138.91","1128.92","1134.76","0.05 %","287,511,850.50","-"
"BANKING","2024-02-13","1133.91","1136.06","1120.37","1122.32","-1.09 %","277,549,586.50","-"
"BANKING","2024-02-14","1122.84","1123.86","1117.21","1120.23","-0.18 %","195,622,283.40","-"
"BANKING","2024-02-15","1119.99","1120.09","1110.80","1114.27","-0.57 %","244,889,575.70","-"
"BANKING","2024-02-18","1111.82","1117.24","1105.30","1106.95","-0.65 %","338,066,182.90","-"
"BANKING","2024-02-20","1107.43","1110.15","1101.52","1102.21","-0.42 %","216,815,506.70","-"
"BANKING","2024-02-21","1103.20","1110.44","1097.48","1099.18","-0.27 %","220,843,981.80","-"
"BANKING","2024-02-22","1096.57","1100.92","1086.73","1088.54","-0.96 %","266,229,367.80","-"
"BANKING","2024-02-25","1089.52","1090.68","1070.69","1070.69","-1.63 %","264,253,893.50","-"
"BANKING","2024-02-26","1072.90","1079.31","1063.87","1072.86","0.20 %","195,984,614.20","-"
"BANKING","2024-02-27","1073.81","1081.20","1067.56","1078.00","0.47 %","163,421,160.50","-"
"BANKING","2024-02-28","1078.95","1079.30","1069.46","1070.58","-0.68 %","139,891,781.62","-"
"BANKING","2024-02-29","1070.40","1074.33","1060.57","1061.07","-0.88 %","246,573,468.20","-"
"BANKING","2024-03-03","1062.82","1064.79","1048.07","1054.46","-0.63 %","188,770,005.80","-"
"BANKING","2024-03-04","1062.53","1117.14","1062.53","1117.14","5.94 %","22,267,517.80","-"
"BANKING","2024-03-05","1126.53","1126.53","1079.83","1083.51","-3.01 %","234,753,234.60","-"
"BANKING","2024-03-06","1086.13","1094.55","1074.02","1082.37","-0.10 %","178,211,928.50","-"
"BANKING","2024-03-07","1087.37","1095.67","1084.31","1088.34","0.55 %","141,218,340.10","-"
"BANKING","2024-03-10","1091.81","1101.81","1090.86","1096.50","0.74 %","157,840,200.80","-"
"BANKING","2024-03-12","1104.27","1130.30","1102.81","1130.52","3.10 %","255,767,078.00","-"
"BANKING","2024-03-13","1140.41","1140.41","1120.80","1129.38","-0.10 %","221,138,435.50","-"
"BANKING","2024-03-14","1131.35","1133.13","1115.23","1116.44","-1.14 %","170,506,587.00","-"
"BANKING","2024-03-17","1118.31","1119.56","1104.90","1109.44","-0.62 %","182,973,532.34","-"
"BANKING","2024-03-18","1114.62","1118.73","1098.39","1109.07","-0.03 %","184,992,099.40","-"
"BANKING","2024-03-19","1108.09","1110.19","1098.65","1100.33","-0.78 %","135,394,120.20","-"
"BANKING","2024-03-20","1107.07","1111.25","1095.35","1098.37","-0.17 %","142,872,083.50","-"
"BANKING","2024-03-21","1099.08","1103.72","1088.71","1090.97","-0.67 %","144,947,259.20","-"
"BANKING","2024-03-25","1090.85","1083.43","1076.95","1077.59","-1.22 %","167,589,054.40","-"
"BANKING","2024-03-26","1078.51","1081.48","1072.14","1078.09","0.04 %","145,016,833.60","-"
"BANKING","2024-03-27","1079.04","1080.72","1068.96","1071.97","-0.56 %","155,422,606.10","-"
"BANKING","2024-03-28","1076.97","1077.30","1066.92","1070.60","-0.12 %","137,882,073.20","-"
"BANKING","2024-03-31","1071.52","1081.23","1062.11","1064.82","-0.53 %","162,063,900.30","-"
"BANKING","2024-04-01","1065.51","1065.51","1056.28","1060.51","-0.40 %","165,524,259.70","-"
"BANKING","2024-04-02","1063.68","1067.16","1054.91","1058.51","-0.18 %","138,131,478.70","-"
"BANKING","2024-04-03","1060.81","1062.17","1049.84","1054.80","-0.35 %","178,347,769.50","-"
"BANKING","2024-04-04","1055.87","1055.87","1048.95","1050.06","-0.44 %","164,823,936.80","-"
"BANKING","2024-04-07","1051.68","1056.18","1041.29","1056.18","0.58 %","244,819,858.00","-"
"BANKING","2024-04-09","1063.20","1069.78","1056.51","1059.66","0.32 %","199,470,193.70","-"
"BANKING","2024-04-10","1061.86","1067.51","1054.65","1059.23","-0.03 %","178,878,473.30","-"
"BANKING","2024-04-14","1060.15","1064.68","1052.49","1055.77","-0.32 %","167,732,918.80","-"
"BANKING","2024-04-15","1055.78","1057.57","1043.57","1047.21","-0.81 %","180,036,178.10","-"
"BANKING","2024-04-16","1048.85","1048.85","1040.30","1042.82","-0.41 %","140,012,124.70","-"
"BANKING","2024-04-18","1043.70","1046.03","1033.90","1037.75","-0.48 %","156,826,537.20","-"
"BANKING","2024-04-21","1036.79","1040.79","1021.29","1034.19","-0.34 %","241,415,945.70","-"
"BANKING","2024-04-22","1035.07","1041.14","1026.05","1027.67","-0.63 %","180,433,137.20","-"
"BANKING","2024-04-24","1028.55","1032.74","1023.47","1029.86","0.21 %","203,018,985.40","-"
"BANKING","2024-04-25","1032.06","1033.30","1024.79","1027.80","-0.19 %","197,827,132.70","-"
"BANKING","2024-04-28","1038.50","1038.50","1022.28","1030.36","0.24 %","209,725,980.80","-"
"BANKING","2024-04-29","1045.64","1045.64","1025.77","1033.39","0.29 %","175,602,886.20","-"
"BANKING","2024-04-30","1051.06","1051.06","1030.89","1044.82","1.10 %","204,012,247.40","-"
"BANKING","2024-05-02","1064.69","1064.69","1033.57","1036.19","-0.82 %","186,035,987.00","-"
"BANKING","2024-05-05","1037.04","1037.15","1019.34","1024.76","-1.10 %","165,337,268.10","-"
"BANKING","2024-05-06","1030.68","1030.68","1016.20","1018.27","-0.63 %","158,694,798.20","-"
"BANKING","2024-05-07","1019.15","1022.63","1014.85","1017.41","-0.08 %","122,723,984.20","-"
"BANKING","2024-05-08","1018.29","1019.79","1010.22","1014.79","-0.25 %","121,114,054.70","-"
"BANKING","2024-05-09","1015.67","1019.54","1007.78","1019.54","0.46 %","129,971,586.80","-"
"BANKING","2024-05-12","1029.07","1029.07","1015.17","1024.00","0.43 %","166,760,268.80","-"
"BANKING","2024-05-13","1029.40","1062.69","1020.11","1056.87","3.21 %","395,770,321.46","-"
"BANKING","2024-05-14","1060.64","1069.07","1051.37","1059.53","0.25 %","198,200,487.50","-"
"BANKING","2024-05-15","1060.08","1073.25","1052.00","1053.74","-0.54 %","178,294,172.00","-"
"BANKING","2024-05-16","1068.02","1068.02","1046.06","1051.41","-0.22 %","207,476,320.60","-"
"BANKING","2024-05-19","1069.25","1082.82","1059.35","1079.09","2.63 %","379,767,913.60","-"
"BANKING","2024-05-20","1084.77","1145.29","1084.77","1124.29","4.18 %","780,477,711.20","-"
"BANKING","2024-05-21","1130.07","1144.28","1117.69","1144.28","1.77 %","455,082,986.50","-"
"BANKING","2024-05-22","1141.44","1197.96","1140.37","1192.73","4.23 %","1,072,427,189.80","-"
"BANKING","2024-05-26","1196.21","1206.17","1173.74","1182.23","-0.87 %","738,466,086.00","-"
"BANKING","2024-05-27","1183.91","1187.27","1163.51","1173.45","-0.74 %","437,289,779.20","-"
"BANKING","2024-05-29","1187.19","1199.44","1138.51","1138.92","-2.94 %","444,064,405.50","-"
"BANKING","2024-05-30","1142.52","1146.18","1115.72","1119.25","-1.72 %","302,921,045.70","-"
"BANKING","2024-06-02","1120.99","1132.49","1117.15","1131.72","1.11 %","259,026,501.30","-"
"BANKING","2024-06-03","1136.97","1146.10","1120.79","1123.33","-0.74 %","179,954,303.40","-"
"BANKING","2024-06-04","1129.32","1134.56","1121.30","1124.65","0.11 %","161,661,879.20","-"
"BANKING","2024-06-05","1127.69","1130.76","1113.75","1117.19","-0.66 %","177,399,050.60","-"
"BANKING","2024-06-06","1119.00","1121.90","1107.70","1109.45","-0.69 %","196,168,665.80","-"
"BANKING","2024-06-09","1128.41","1128.41","1098.05","1098.71","-0.96 %","192,166,928.80","-"
"BANKING","2024-06-10","1119.28","1119.28","1092.30","1098.45","-0.02 %","187,191,983.52","-"
"BANKING","2024-06-11","1118.82","1120.12","1094.96","1117.50","1.73 %","243,469,169.20","-"
"BANKING","2024-06-12","1119.90","1136.19","1119.90","1126.81","0.83 %","255,845,555.80","-"
"BANKING","2024-06-13","1129.07","1131.04","1115.66","1121.93","-0.43 %","193,042,217.80","-"
"BANKING","2024-06-16","1125.26","1125.26","1109.08","1112.36","-0.85 %","175,609,486.20","-"
"BANKING","2024-06-18","1115.73","1115.73","1097.40","1099.41","-1.16 %","205,839,536.60","-"
"BANKING","2024-06-19","1103.72","1105.66","1095.98","1101.03","0.14 %","130,414,350.40","-"
"BANKING","2024-06-20","1120.23","1120.23","1091.59","1094.23","-0.61 %","169,301,760.40","-"
"BANKING","2024-06-23","1095.14","1098.09","1086.20","1089.76","-0.40 %","149,752,140.40","-"
"BANKING","2024-06-24","1090.61","1097.27","1083.37","1086.56","-0.29 %","167,267,007.70","-"
"BANKING","2024-06-25","1088.81","1093.39","1079.23","1081.49","-0.46 %","196,496,975.20","-"
"BANKING","2024-06-26","1083.02","1085.07","1072.31","1074.43","-0.65 %","203,428,691.10","-"
"BANKING","2024-06-27","1075.87","1076.98","1070.00","1074.53","0.00 %","140,321,331.20","-"
"BANKING","2024-06-30","1075.60","1078.36","1066.12","1066.91","-0.70 %","164,616,407.10","-"
"BANKING","2024-07-01","1067.79","1088.68","1061.15","1088.68","2.04 %","226,686,429.90","-"
"BANKING","2024-07-02","1109.09","1161.48","1109.09","1121.76","3.03 %","411,041,689.90","-"
"BANKING","2024-07-03","1122.42","1128.84","1101.90","1128.84","0.63 %","246,337,898.50","-"
"BANKING","2024-07-04","1129.20","1144.65","1126.65","1134.37","0.48 %","330,935,904.00","-"
"BANKING","2024-07-07","1137.00","1145.36","1130.47","1143.28","0.78 %","368,925,062.30","-"
"BANKING","2024-07-08","1143.14","1149.21","1136.56","1141.17","-0.18 %","263,100,255.70","-"
"BANKING","2024-07-09","1146.09","1147.35","1133.26","1147.26","0.53 %","312,088,175.30","-"
"BANKING","2024-07-10","1163.08","1166.68","1150.67","1166.68","1.69 %","437,117,626.27","-"
"BANKING","2024-07-11","1180.07","1195.86","1173.88","1194.95","2.42 %","675,802,857.00","-"
"BANKING","2024-07-14","1216.04","1256.28","1214.35","1239.67","3.74 %","833,123,373.90","-"
"BANKING","2024-07-15","1255.32","1260.58","1217.76","1221.24","-1.48 %","924,280,284.50","-"
"BANKING","2024-07-16","1225.08","1256.43","1208.29","1255.43","2.75 %","675,951,674.80","-"
"BANKING","2024-07-17","1267.41","1282.06","1257.79","1281.67","2.08 %","1,060,235,448.20","-"
"BANKING","2024-07-18","1290.96","1382.53","1277.59","1362.16","6.28 %","2,263,504,994.80","-"
"BANKING","2024-07-21","1370.99","1417.25","1347.43","1414.87","3.86 %","2,400,208,513.90","-"
"BANKING","2024-07-22","1421.88","1427.60","1375.30","1397.44","-1.23 %","2,136,009,482.20","-"
"BANKING","2024-07-23","1399.35","1432.23","1374.74","1430.86","2.39 %","1,843,392,041.30","-"
"BANKING","2024-07-24","1435.46","1452.12","1402.11","1413.44","-1.21 %","1,958,365,254.40","-"
"BANKING","2024-07-25","1413.89","1434.64","1396.76","1432.70","1.36 %","1,742,766,269.40","-"
"BANKING","2024-07-28","1461.05","1574.81","1461.04","1574.34","9.89 %","3,962,874,692.70","-"
"BANKING","2024-07-29","1604.17","1662.91","1569.17","1573.71","-0.03 %","4,334,529,130.90","-"
"BANKING","2024-07-30","1585.15","1586.12","1502.91","1561.66","-0.76 %","2,505,233,257.30","-"
"BANKING","2024-07-31","1576.71","1597.54","1559.55","1577.93","1.04 %","2,411,864,592.00","-"
"BANKING","2024-08-01","1582.91","1591.24","1551.03","1555.94","-1.39 %","1,990,009,503.60","-"
"BANKING","2024-08-05","1569.00","1599.78","1543.52","1548.08","-0.50 %","3,117,718,633.20","-"
"BANKING","2024-08-06","1552.06","1554.25","1452.84","1455.71","-5.96 %","2,833,310,244.30","-"
"BANKING","2024-08-07","1443.72","1494.11","1431.22","1489.56","2.32 %","1,632,042,710.60","-"
"BANKING","2024-08-08","1496.48","1512.44","1475.61","1481.22","-0.55 %","1,276,503,083.17","-"
"BANKING","2024-08-11","1497.46","1530.90","1486.87","1530.90","3.35 %","2,196,654,830.25","-"
"BANKING","2024-08-12","1537.37","1585.43","1537.01","1576.18","2.95 %","2,601,937,559.40","-"
"BANKING","2024-08-13","1583.48","1604.08","1564.90","1583.34","0.45 %","2,055,191,811.04","-"
"BANKING","2024-08-14","1589.04","1595.53","1557.21","1594.75","0.72 %","1,788,573,581.15","-"
"BANKING","2024-08-15","1616.91","1702.34","1611.45","1684.93","5.65 %","5,080,880,120.60","-"
"BANKING","2024-08-18","1703.71","1755.37","1681.73","1699.12","0.84 %","4,962,083,169.00","-"
"BANKING","2024-08-21","1712.24","1723.56","1669.81","1709.25","0.59 %","3,236,398,837.70","-"
"BANKING","2024-08-22","1710.75","1738.61","1707.31","1712.18","0.17 %","2,202,756,681.60","-"
"BANKING","2024-08-25","1718.87","1722.33","1648.74","1655.43","-3.31 %","2,425,148,179.00","-"
"BANKING","2024-08-27","1658.14","1663.39","1568.87","1573.97","-4.92 %","2,614,826,195.40","-"
"BANKING","2024-08-28","1586.18","1625.07","1572.33","1588.59","0.92 %","1,783,664,844.40","-"
"BANKING","2024-08-29","1592.91","1603.04","1546.12","1559.76","-1.81 %","1,245,430,167.40","-"
"BANKING","2024-09-01","1561.65","1573.52","1516.67","1523.24","-2.34 %","1,125,817,630.50","-"
"BANKING","2024-09-02","1521.99","1597.21","1507.68","1595.44","4.73 %","1,524,323,189.10","-"
"BANKING","2024-09-03","1604.06","1620.81","1579.03","1584.61","-0.67 %","1,191,024,681.80","-"
"BANKING","2024-09-04","1615.87","1615.87","1530.89","1534.64","-3.17 %","1,025,758,734.00","-"
"BANKING","2024-09-05","1537.10","1542.15","1503.24","1523.94","-0.69 %","885,700,968.10","-"
"BANKING","2024-09-08","1531.55","1545.47","1497.86","1499.81","-1.58 %","904,218,564.10","-"
"BANKING","2024-09-09","1501.27","1502.17","1457.51","1465.53","-2.28 %","946,082,421.70","-"
"BANKING","2024-09-10","1470.27","1492.93","1455.44","1463.89","-0.11 %","867,563,948.10","-"
"BANKING","2024-09-11","1466.93","1480.64","1446.62","1450.08","-0.94 %","591,992,270.50","-"
"BANKING","2024-09-12","1472.02","1488.71","1444.83","1488.69","2.66 %","796,173,419.10","-"
"BANKING","2024-09-15","1496.81","1527.29","1471.53","1474.81","-0.93 %","930,756,828.70","-"
"BANKING","2024-09-16","1468.23","1473.89","1445.66","1451.25","-1.59 %","693,482,816.40","-"
"BANKING","2024-09-18","1451.58","1475.63","1433.61","1462.42","0.76 %","709,047,875.50","-"
"BANKING","2024-09-22","1482.83","1507.92","1463.13","1477.33","1.01 %","559,616,908.00","-"
"BANKING","2024-09-23","1505.91","1505.91","1452.55","1458.54","-1.27 %","631,645,665.00","-"
"BANKING","2024-09-24","1459.31","1467.35","1424.89","1429.30","-2.00 %","637,660,801.80","-"
"BANKING","2024-09-25","1430.10","1455.27","1412.49","1455.14","1.80 %","610,612,105.20","-"
"BANKING","2024-09-26","1454.84","1467.33","1432.64","1438.36","-1.15 %","422,607,712.50","-"
"BANKING","2024-09-29","1437.38","1440.35","1414.95","1427.69","-0.74 %","391,874,008.70","-"
"BANKING","2024-09-30","1428.68","1447.30","1424.00","1444.59","1.18 %","380,863,736.00","-"
"BANKING","2024-10-01","1444.59","1499.85","1444.59","1499.85","3.82 %","848,254,979.90","-"
"BANKING","2024-10-02","1504.17","1514.27","1483.63","1489.11","-0.71 %","836,445,678.00","-"
"BANKING","2024-10-06","1489.41","1522.35","1482.02","1521.94","2.20 %","760,083,310.40","-"
"BANKING","2024-10-07","1523.75","1561.02","1523.75","1550.99","1.90 %","1,068,953,191.99","-"
"BANKING","2024-10-08","1553.82","1565.32","1539.95","1545.27","-0.36 %","719,870,601.80","-"
"BANKING","2024-10-09","1542.65","1546.71","1529.97","1546.03","0.04 %","703,193,651.24","-"
"BANKING","2024-10-15","1546.11","1572.27","1545.35","1570.64","1.59 %","464,070,201.50","-"
"BANKING","2024-10-16","1573.11","1602.68","1573.11","1601.81","1.98 %","944,510,484.04","-"
"BANKING","2024-10-17","1605.38","1632.65","1595.92","1608.24","0.40 %","1,503,769,818.90","-"
"BANKING","2024-10-20","1598.27","1626.41","1569.93","1591.79","-1.02 %","1,565,557,096.53","-"
"BANKING","2024-10-21","1595.70","1597.01","1554.36","1555.17","-2.30 %","933,398,309.10","-"
"BANKING","2024-10-22","1557.19","1575.87","1546.41","1565.87","0.68 %","776,267,060.20","-"
"BANKING","2024-10-23","1579.97","1592.23","1534.39","1539.25","-1.70 %","1,484,410,699.00","-"
"BANKING","2024-10-24","1540.00","1547.50","1511.41","1523.46","-1.02 %","716,835,097.30","-"
"BANKING","2024-10-27","1525.56","1525.56","1498.66","1503.62","-1.30 %","736,488,868.30","-"
"BANKING","2024-10-28","1506.55","1513.38","1500.68","1508.81","0.34 %","468,570,715.80","-"
"BANKING","2024-10-29","1513.11","1533.77","1511.80","1533.10","1.60 %","593,861,996.40","-"
"BANKING","2024-10-30","1533.16","1542.22","1519.04","1522.00","-0.72 %","704,957,947.60","-"
"BANKING","2024-11-05","1523.30","1527.03","1508.73","1509.59","-0.81 %","358,323,839.90","-"
"BANKING","2024-11-06","1507.67","1516.24","1503.80","1507.12","-0.16 %","400,204,264.80","-"
"BANKING","2024-11-10","1509.94","1531.57","1507.47","1531.57","1.62 %","711,415,433.80","-"
"BANKING","2024-11-11","1534.67","1561.01","1533.19","1547.60","1.04 %","1,116,447,638.90","-"
"BANKING","2024-11-12","1550.49","1562.89","1538.36","1542.13","-0.35 %","748,989,147.20","-"
"BANKING","2024-11-13","1541.93","1547.32","1519.76","1520.87","-1.37 %","462,218,050.80","-"
"BANKING","2024-11-14","1527.45","1537.21","1515.78","1527.65","0.44 %","780,950,619.05","-"
"BANKING","2024-11-17","1526.78","1544.68","1521.91","1524.32","-0.21 %","747,156,216.70","-"
"BANKING","2024-11-19","1525.21","1529.20","1503.60","1507.28","-1.11 %","751,035,134.70","-"
"BANKING","2024-11-20","1509.83","1513.36","1494.76","1503.30","-0.26 %","519,063,247.21","-"
"BANKING","2024-11-21","1504.05","1512.67","1487.56","1489.63","-0.90 %","640,286,171.80","-"
"BANKING","2024-11-24","1503.37","1507.71","1479.13","1481.49","-0.54 %","562,422,870.40","-"
"BANKING","2024-11-25","1503.52","1503.52","1472.15","1483.24","0.11 %","427,905,730.30","-"
"BANKING","2024-11-26","1501.51","1507.80","1480.90","1501.05","1.20 %","602,294,824.30","-"
"BANKING","2024-11-27","1503.84","1511.53","1498.65","1505.82","0.31 %","554,905,135.80","-"
"BANKING","2024-11-28","1505.88","1509.77","1490.58","1492.68","-0.87 %","482,420,738.10","-"
"BANKING","2024-12-01","1509.77","1509.77","1467.28","1470.66","-1.47 %","591,533,651.00","-"
"BANKING","2024-12-02","1487.56","1487.95","1457.63","1461.97","-0.59 %","568,819,374.90","-"
"BANKING","2024-12-03","1479.01","1481.37","1452.00","1459.44","-0.19 %","572,554,265.60","-"
"BANKING","2024-12-04","1480.38","1480.38","1452.76","1454.41","-0.34 %","468,149,933.10","-"
"BANKING","2024-12-05","1455.51","1457.35","1436.60","1440.26","-0.97 %","429,346,747.30","-"
"BANKING","2024-12-08","1440.26","1440.26","1407.18","1413.44","-1.86 %","641,337,132.90","-"
"BANKING","2024-12-09","1412.06","1423.16","1399.01","1406.85","-0.46 %","363,401,581.20","-"
"BANKING","2024-12-10","1406.63","1418.98","1398.83","1404.63","-0.15 %","413,473,229.80","-"
"BANKING","2024-12-11","1407.73","1452.83","1397.38","1452.83","3.43 %","519,868,152.50","-"
"BANKING","2024-12-12","1478.35","1478.35","1422.63","1427.83","-1.72 %","423,913,157.60","-"
"BANKING","2024-12-16","1427.83","1429.27","1402.44","1406.50","-1.49 %","385,584,028.80","-"
"BANKING","2024-12-17","1408.85","1421.80","1395.95","1408.96","0.17 %","308,713,012.90","-"
"BANKING","2024-12-18","1408.96","1419.28","1399.17","1403.83","-0.36 %","304,681,277.80","-"
"BANKING","2024-12-19","1402.32","1407.85","1390.32","1392.31","-0.82 %","389,769,697.20","-"
"BANKING","2024-12-22","1374.73","1401.97","1374.73","1380.11","-0.87 %","377,853,780.65","-"
"BANKING","2024-12-23","1378.60","1391.83","1373.76","1391.83","0.84 %","379,445,361.45","-"
"BANKING","2024-12-24","1394.13","1409.39","1386.97","1402.44","0.76 %","389,007,534.90","-"
"BANKING","2024-12-26","1405.28","1441.01","1391.22","1427.91","1.81 %","1,229,555,332.20","-"
"BANKING","2024-12-29","1435.69","1440.13","1412.93","1415.43","-0.87 %","721,335,069.90","-"
"BANKING","2024-12-31","1423.83","1423.83","1387.21","1402.33","-0.92 %","763,306,697.40","-"
"BANKING","2025-01-01","1402.27","1403.10","1390.91","1392.15","-0.72 %","344,254,481.10","-"
"BANKING","2025-01-02","1396.38","1396.38","1383.13","1389.85","-0.14 %","315,380,285.60","-"
"BANKING","2025-01-05","1388.21","1390.87","1378.54","1382.14","-0.55 %","427,110,145.30","-"
"BANKING","2025-01-06","1385.37","1399.00","1380.27","1397.30","1.09 %","465,866,535.00","-"
"BANKING","2025-01-07","1407.54","1408.21","1388.50","1394.28","-0.21 %","314,572,550.20","-"
"BANKING","2025-01-08","1409.88","1410.98","1387.00","1390.61","-0.26 %","396,906,478.10","-"
"BANKING","2025-01-09","1392.83","1393.27","1379.47","1384.60","-0.43 %","410,562,327.60","-"
"BANKING","2025-01-12","1395.86","1395.86","1368.71","1372.62","-0.86 %","186,877,621.50","-"
"BANKING","2025-01-13","1376.15","1376.15","1360.93","1367.80","-0.35 %","447,360,069.59","-"
"BANKING","2025-01-15","1366.35","1367.26","1354.02","1356.71","-0.81 %","292,955,453.70","-"
"BANKING","2025-01-16","1358.10","1362.08","1341.41","1346.54","-0.74 %","351,908,111.90","-"
"BANKING","2025-01-19","1348.35","1349.55","1335.88","1348.91","0.17 %","323,085,719.40","-"
"BANKING","2025-01-20","1352.97","1365.80","1345.03","1346.11","-0.20 %","623,767,267.70","-"
"BANKING","2025-01-21","1346.59","1351.15","1337.03","1341.32","-0.35 %","357,514,393.10","-"
"BANKING","2025-01-22","1341.61","1366.40","1337.06","1359.15","1.32 %","515,709,116.20","-"
"BANKING","2025-01-23","1359.78","1374.39","1347.15","1350.74","-0.61 %","325,991,062.70","-"
"BANKING","2025-01-26","1348.88","1356.00","1335.71","1338.71","-0.89 %","307,456,396.00","-"
"BANKING","2025-01-27","1335.92","1345.18","1327.63","1331.22","-0.55 %","314,126,015.00","-"
"BANKING","2025-01-28","1331.19","1338.73","1326.19","1334.22","0.22 %","425,872,669.00","-"
"BANKING","2025-02-02","1335.55","1367.98","1335.55","1367.97","2.52 %","609,093,883.20","-"
"BANKING","2025-02-03","1370.63","1400.63","1369.73","1375.40","0.54 %","623,503,424.50","-"
"BANKING","2025-02-04","1378.96","1389.61","1364.62","1367.54","-0.57 %","397,584,798.70","-"
"BANKING","2025-02-05","1367.54","1372.48","1361.06","1363.89","-0.26 %","327,524,336.50","-"
"BANKING","2025-02-06","1364.49","1374.09","1355.90","1359.14","-0.34 %","337,092,398.80","-"
"BANKING","2025-02-09","1351.69","1370.11","1349.71","1354.30","-0.35 %","355,541,851.50","-"
"BANKING","2025-02-10","1348.50","1362.16","1346.67","1351.91","-0.17 %","318,082,694.20","-"
"BANKING","2025-02-11","1350.48","1359.59","1347.13","1349.11","-0.20 %","296,319,965.50","-"
"BANKING","2025-02-12","1348.53","1357.84","1343.42","1348.32","-0.05 %","324,226,087.90","-"
"BANKING","2025-02-13","1351.35","1353.34","1342.98","1345.21","-0.23 %","280,041,742.30","-"
"BANKING","2025-02-16","1345.21","1359.89","1344.00","1358.42","0.98 %","390,762,582.80","-"
"BANKING","2025-02-17","1362.63","1395.23","1360.75","1387.87","2.16 %","687,579,419.40","-"
"BANKING","2025-02-18","1403.12","1409.12","1384.69","1390.98","0.22 %","692,547,618.80","-"
"BANKING","2025-02-20","1385.19","1399.28","1379.70","1383.26","-0.55 %","385,129,809.50","-"
"BANKING","2025-02-23","1368.11","1395.99","1353.85","1383.75","0.03 %","716,573,118.50","-"
"BANKING","2025-02-24","1375.98","1403.00","1375.98","1384.98","0.08 %","504,602,601.20","-"
"BANKING","2025-02-25","1384.72","1398.26","1382.11","1385.34","0.02 %","418,148,015.60","-"
"BANKING","2025-02-27","1410.14","1459.76","1409.80","1431.34","3.32 %","1,187,792,316.60","-"
"BANKING","2025-03-02","1447.05","1467.64","1440.02","1467.64","2.53 %","1,094,292,458.60","-"
"BANKING","2025-03-03","1472.14","1485.86","1444.74","1447.69","-1.35 %","961,480,569.10","-"
"BANKING","2025-03-04","1440.45","1453.93","1428.38","1432.36","-1.05 %","835,561,329.40","-"
"BANKING","2025-03-05","1432.36","1439.90","1411.62","1417.46","-1.04 %","574,207,882.50","-"
"BANKING","2025-03-06","1417.88","1424.64","1411.39","1417.90","0.03 %","394,806,680.60","-"
"BANKING","2025-03-09","1419.86","1421.89","1395.72","1398.51","-1.36 %","431,794,724.30","-"
"BANKING","2025-03-10","1397.39","1411.29","1385.51","1392.35","-0.44 %","391,325,886.40","-"
"BANKING","2025-03-11","1392.35","1400.24","1379.17","1382.62","-0.69 %","359,267,090.30","-"
"BANKING","2025-03-12","1381.27","1397.10","1381.14","1389.97","0.53 %","292,418,832.30","-"
"BANKING","2025-03-16","1392.21","1392.72","1370.44","1378.79","-0.80 %","334,068,649.00","-"
"BANKING","2025-03-17","1378.79","1391.42","1369.85","1375.83","-0.21 %","285,763,130.50","-"
"BANKING","2025-03-18","1392.46","1394.25","1369.40","1373.82","-0.14 %","233,300,189.50","-"
"BANKING","2025-03-19","1373.82","1378.59","1365.48","1366.10","-0.56 %","324,701,846.50","-"
"BANKING","2025-03-20","1366.10","1368.70","1358.72","1359.53","-0.48 %","325,284,038.40","-"
"BANKING","2025-03-23","1359.53","1364.81","1337.50","1338.34","-1.55 %","400,121,785.71","-"
"BANKING","2025-03-24","1335.99","1350.84","1325.45","1347.97","0.71 %","386,660,522.90","-"
"BANKING","2025-03-25","1360.28","1360.28","1326.81","1328.80","-1.42 %","417,117,076.20","-"
"BANKING","2025-03-26","1327.89","1345.81","1326.48","1344.09","1.15 %","313,950,534.90","-"
"BANKING","2025-03-27","1370.74","1370.74","1342.36","1356.27","0.90 %","305,156,534.80","-"
"BANKING","2025-03-30","1354.97","1380.07","1354.52","1367.47","0.82 %","408,924,601.20","-"
"BANKING","2025-04-01","1367.47","1372.09","1351.75","1357.32","-0.74 %","290,301,346.70","-"
"BANKING","2025-04-02","1380.56","1380.56","1353.25","1364.29","0.51 %","342,934,892.60","-"
"BANKING","2025-04-03","1364.29","1401.54","1361.88","1377.43","0.96 %","635,737,763.70","-"
"BANKING","2025-04-07","1377.87","1388.60","1362.00","1364.00","-0.97 %","263,337,762.30","-"
"BANKING","2025-04-08","1363.69","1368.11","1343.69","1359.83","-0.30 %","351,552,546.20","-"
"BANKING","2025-04-09","1379.72","1381.19","1356.48","1359.11","-0.03 %","225,289,341.90","-"
"BANKING","2025-04-10","1359.67","1373.44","1356.68","1358.03","-0.09 %","562,474,278.10","-"
"BANKING","2025-04-13","1363.91","1365.33","1352.93","1355.12","-0.21 %","363,022,922.00","-"
"BANKING","2025-04-15","1378.84","1378.84","1356.46","1361.68","0.48 %","307,825,278.60","-"
"BANKING","2025-04-16","1382.95","1382.95","1362.11","1367.12","0.39 %","304,666,590.30","-"
"BANKING","2025-04-17","1368.31","1386.56","1365.87","1382.75","1.14 %","416,753,414.00","-"
"BANKING","2025-04-20","1390.18","1395.67","1369.04","1372.98","-0.70 %","627,321,045.40","-"
"BANKING","2025-04-21","1375.50","1375.50","1359.65","1361.23","-0.85 %","482,477,086.30","-"
"BANKING","2025-04-22","1360.90","1363.79","1349.65","1351.17","-0.73 %","346,072,970.90","-"
"BANKING","2025-04-23","1350.20","1351.12","1328.54","1334.49","-1.23 %","579,067,656.40","-"
"BANKING","2025-04-24","1334.45","1342.66","1324.43","1334.96","0.03 %","381,710,771.00","-"
"BANKING","2025-04-27","1335.52","1340.89","1328.66","1329.71","-0.39 %","603,536,124.00","-"
"BANKING","2025-04-28","1331.06","1334.42","1321.10","1321.03","-0.65 %","380,432,758.80","-"
"BANKING","2025-04-29","1325.35","1330.54","1313.05","1313.45","-0.57 %","343,997,618.90","-"
"BANKING","2025-04-30","1317.78","1317.78","1301.92","1304.21","-0.70 %","420,327,500.84","-"
"BANKING","2025-05-04","1305.93","1318.26","1304.42","1305.65","0.10 %","405,308,190.72","-"
"BANKING","2025-05-05","1306.13","1308.72","1297.69","1300.58","-0.38 %","281,417,252.00","-"
"BANKING","2025-05-06","1300.58","1307.90","1294.68","1296.00","-0.35 %","257,971,567.30","-"
"BANKING","2025-05-07","1295.02","1337.66","1289.59","1334.59","2.97 %","480,026,218.50","-"
"BANKING","2025-05-08","1335.60","1342.66","1317.90","1323.55","-0.82 %","336,076,248.60","-"
"BANKING","2025-05-11","1323.76","1333.02","1315.61","1316.24","-0.55 %","274,146,172.90","-"
"BANKING","2025-05-13","1315.28","1330.42","1311.71","1312.22","-0.30 %","285,736,711.66","-"
"BANKING","2025-05-14","1314.07","1317.62","1304.65","1305.78","-0.49 %","233,670,715.60","-"
"BANKING","2025-05-15","1308.19","1309.50","1299.78","1301.82","-0.30 %","286,374,289.60","-"
"BANKING","2025-05-18","1301.82","1307.71","1296.54","1299.94","-0.14 %","348,931,419.90","-"
"BANKING","2025-05-19","1298.77","1317.77","1298.77","1315.24","1.17 %","365,152,218.80","-"
"BANKING","2025-05-20","1315.24","1344.41","1306.55","1340.48","1.91 %","433,098,365.30","-"
"BANKING","2025-05-21","1360.42","1409.73","1343.37","1343.88","0.25 %","768,576,209.50","-"
"BANKING","2025-05-22","1346.81","1399.11","1344.62","1395.24","3.82 %","1,729,096,128.20","-"
"BANKING","2025-05-25","1402.88","1407.89","1369.30","1385.91","-0.66 %","999,364,096.80","-"
"BANKING","2025-05-26","1410.19","1438.03","1378.09","1388.39","0.17 %","1,069,251,726.40","-"
"BANKING","2025-05-27","1387.03","1397.00","1369.44","1393.97","0.40 %","639,763,727.00","-"
"BANKING","2025-05-28","1395.88","1424.21","1386.10","1420.24","1.88 %","1,129,108,002.30","-"
"BANKING","2025-06-02","1437.93","1445.54","1406.49","1411.74","-0.59 %","1,090,533,842.40","-"
"BANKING","2025-06-03","1414.08","1414.08","1376.45","1378.65","-2.34 %","798,661,003.50","-"
"BANKING","2025-06-04","1375.25","1381.72","1364.65","1370.44","-0.59 %","451,155,546.40","-"
"BANKING","2025-06-05","1370.08","1382.16","1363.25","1364.42","-0.43 %","513,081,173.30","-"
"BANKING","2025-06-08","1361.35","1367.71","1348.08","1350.06","-1.05 %","470,138,753.70","-"
"BANKING","2025-06-09","1348.93","1358.79","1348.61","1355.99","0.43 %","316,565,323.50","-"
"BANKING","2025-06-10","1353.69","1371.08","1353.03","1368.66","0.93 %","523,166,261.00","-"
"BANKING","2025-06-11","1368.66","1377.91","1356.04","1361.64","-0.51 %","664,026,771.00","-"
"BANKING","2025-06-12","1361.27","1367.73","1350.37","1353.08","-0.62 %","456,155,376.10","-"
"BANKING","2025-06-15","1346.17","1359.08","1345.10","1347.04","-0.44 %","413,616,104.80","-"
"BANKING","2025-06-16","1346.30","1358.37","1343.81","1355.61","0.48 %","490,568,351.30","-"
"BANKING","2025-06-17","1352.96","1360.17","1345.57","1347.49","-0.45 %","333,780,329.90","-"
"BANKING","2025-06-18","1348.38","1352.68","1344.82","1345.86","-0.12 %","338,680,883.60","-"
"BANKING","2025-06-19","1348.40","1352.20","1338.86","1339.10","-0.50 %","425,989,951.20","-"
"BANKING","2025-06-22","1339.52","1342.52","1326.99","1327.60","-0.85 %","432,831,099.10","-"
"BANKING","2025-06-23","1331.61","1334.48","1323.27","1329.66","0.15 %","266,162,446.00","-"
"BANKING","2025-06-24","1331.27","1349.06","1331.27","1335.95","0.44 %","356,897,276.80","-"
"BANKING","2025-06-25","1335.59","1342.16","1331.92","1334.29","-0.09 %","261,378,372.80","-"
"BANKING","2025-06-26","1334.29","1338.39","1330.65","1332.69","-0.12 %","239,717,377.20","-"
"BANKING","2025-06-29","1333.25","1361.79","1329.67","1359.45","2.00 %","437,663,562.70","-"
"BANKING","2025-06-30","1368.09","1369.66","1355.73","1364.64","0.38 %","426,483,453.40","-"
"BANKING","2025-07-01","1367.00","1381.88","1359.89","1379.56","1.09 %","501,012,802.60","-"
"BANKING","2025-07-02","1383.98","1398.95","1377.60","1398.33","1.36 %","715,352,981.30","-"
"BANKING","2025-07-03","1409.00","1413.23","1386.15","1402.71","0.31 %","735,575,564.50","-"
"BANKING","2025-07-06","1408.17","1412.50","1394.17","1404.35","0.11 %","684,934,971.60","-"
"BANKING","2025-07-07","1414.11","1414.11","1391.68","1393.24","-0.79 %","764,068,999.50","-"
"BANKING","2025-07-08","1394.42","1398.42","1381.26","1388.04","-0.37 %","458,208,057.20","-"
"BANKING","2025-07-09","1387.25","1414.69","1387.25","1411.48","1.68 %","752,943,123.30","-"
"BANKING","2025-07-10","1414.82","1462.14","1414.82","1454.21","3.02 %","2,117,977,024.30","-"
"BANKING","2025-07-13","1479.37","1515.87","1479.37","1503.31","3.37 %","2,832,706,643.20","-"
"BANKING","2025-07-14","1505.85","1505.94","1463.50","1466.28","-2.46 %","1,778,781,507.20","-"
"BANKING","2025-07-15","1467.23","1495.76","1456.90","1492.84","1.81 %","1,757,937,892.30","-"
"BANKING","2025-07-16","1494.54","1527.86","1493.67","1516.60","1.59 %","2,750,403,725.00","-"
"BANKING","2025-07-17","1523.32","1548.71","1522.41","1543.33","1.76 %","2,346,840,284.10","-"
"BANKING","2025-07-20","1545.70","1561.43","1517.67","1521.91","-1.38 %","2,576,748,469.40","-"
"BANKING","2025-07-21","1523.08","1540.35","1508.29","1529.22","0.48 %","1,495,251,702.60","-"
"BANKING","2025-07-22","1530.60","1563.36","1530.60","1561.48","2.10 %","2,317,334,237.70","-"
"BANKING","2025-07-23","1554.11","1568.65","1543.49","1557.52","-0.25 %","1,763,287,302.30","-"
"BANKING","2025-07-24","1560.44","1563.05","1539.80","1547.96","-0.61 %","1,320,697,920.50","-"
"BANKING","2025-07-27","1548.49","1561.43","1533.72","1536.82","-0.71 %","1,937,696,052.70","-"
"BANKING","2025-07-28","1539.74","1542.40","1508.09","1537.06","0.01 %","1,687,569,599.20","-"
"BANKING","2025-07-29","1547.31","1572.06","1542.75","1557.47","1.32 %","2,567,760,263.00","-"
"BANKING","2025-07-30","1566.60","1576.33","1530.15","1533.25","-1.55 %","1,350,543,478.10","-"
"BANKING","2025-07-31","1536.99","1538.01","1508.61","1511.05","-1.44 %","1,258,780,047.10","-"
"BANKING","2025-08-03","1514.43","1514.43","1475.41","1476.66","-2.27 %","1,089,527,349.70","-"
"BANKING","2025-08-04","1476.10","1513.92","1468.26","1501.26","1.66 %","1,097,933,468.80","-"
"BANKING","2025-08-05","1505.32","1524.31","1483.51","1485.53","-1.04 %","921,283,268.80","-"
"BANKING","2025-08-06","1495.30","1495.30","1476.12","1478.43","-0.47 %","519,935,352.92","-"
"BANKING","2025-08-07","1484.07","1492.90","1478.86","1484.79","0.43 %","716,012,931.60","-"
"BANKING","2025-08-11","1490.13","1511.10","1478.01","1478.60","-0.41 %","1,048,432,900.10","-"
"BANKING","2025-08-12","1484.96","1484.96","1464.02","1464.64","-0.94 %","630,011,358.38","-"
"BANKING","2025-08-13","1467.18","1470.39","1453.71","1454.45","-0.69 %","655,093,948.90","-"
"BANKING","2025-08-14","1454.27","1459.57","1445.22","1446.35","-0.55 %","899,995,844.60","-"
"BANKING","2025-08-17","1447.64","1452.86","1431.01","1431.34","-1.03 %","768,726,215.10","-"
"BANKING","2025-08-18","1430.24","1439.47","1427.04","1433.87","0.17 %","574,933,074.70","-"
"BANKING","2025-08-19","1435.74","1447.79","1435.47","1439.65","0.40 %","434,554,276.80","-"
"BANKING","2025-08-20","1439.48","1446.04","1434.86","1436.91","-0.19 %","432,406,228.70","-"
"BANKING","2025-08-21","1435.82","1442.27","1431.33","1435.22","-0.11 %","585,366,653.20","-"
"BANKING","2025-08-24","1435.22","1439.39","1420.86","1422.48","-0.88 %","497,521,018.20","-"
"BANKING","2025-08-25","1421.93","1434.34","1413.75","1430.85","0.58 %","431,081,618.90","-"
"BANKING","2025-08-26","1433.15","1440.73","1428.10","1432.87","0.14 %","371,265,608.00","-"
"BANKING","2025-08-27","1454.24","1454.59","1432.66","1452.73","1.38 %","533,838,545.10","-"
"BANKING","2025-08-28","1452.53","1457.85","1438.55","1440.07","-0.87 %","551,386,023.47","-"
"BANKING","2025-08-31","1441.91","1447.14","1423.97","1427.31","-0.88 %","609,009,672.10","-"
"BANKING","2025-09-01","1453.62","1455.05","1423.76","1448.72","1.50 %","1,113,825,777.30","-"
"BANKING","2025-09-02","1473.82","1474.11","1440.23","1441.49","-0.49 %","647,229,063.10","-"
"BANKING","2025-09-03","1441.86","1446.83","1432.94","1433.54","-0.55 %","457,950,331.80","-"
"BANKING","2025-09-04","1434.26","1440.50","1420.52","1429.01","-0.31 %","511,413,814.90","-"
"BANKING","2025-09-07","1423.04","1427.03","1417.29","1419.66","-0.65 %","664,114,712.50","-"
"BANKING","2025-09-08","1418.21","1420.50","1398.60","1403.70","-1.12 %","499,098,567.60","-"
"BANKING","2025-09-18","1379.83","1379.83","1319.82","1326.12","-5.52 %","86,358,080.10","-"
"BANKING","2025-09-21","1308.52","1391.24","1308.52","1386.13","4.52 %","1,008,474,922.90","-"
"BANKING","2025-09-23","1391.21","1406.46","1389.21","1405.37","1.38 %","420,596,307.40","-"
"BANKING","2025-09-24","1405.88","1415.27","1391.05","1395.01","-0.73 %","359,107,916.50","-"
"BANKING","2025-09-25","1396.00","1399.67","1389.36","1396.75","0.12 %","246,205,357.10","-"
"BANKING","2025-09-28","1399.94","1408.49","1397.75","1408.49","0.84 %","224,862,097.00","-"
"BANKING","2025-10-07","1408.49","1411.16","1382.94","1389.88","-1.32 %","484,845,464.60","-"
"BANKING","2025-10-08","1392.12","1392.12","1356.66","1369.29","-1.48 %","513,237,582.40","-"
"BANKING","2025-10-09","1390.76","1437.95","1380.24","1383.97","1.07 %","565,867,348.70","-"
"BANKING","2025-10-12","1384.98","1385.46","1346.34","1352.06","-2.30 %","653,268,066.80","-"
"BANKING","2025-10-13","1372.10","1372.10","1336.83","1355.92","0.28 %","413,063,693.30","-"
"BANKING","2025-10-14","1355.92","1365.17","1342.46","1344.71","-0.82 %","266,105,580.90","-"
"BANKING","2025-10-15","1345.71","1353.17","1335.87","1337.36","-0.54 %","263,751,009.60","-"
"BANKING","2025-10-16","1337.36","1350.74","1331.27","1337.71","0.02 %","306,992,979.50","-"
"BANKING","2025-10-19","1337.97","1354.95","1334.36","1349.36","0.87 %","318,304,553.60","-"
"BANKING","2025-10-26","1348.48","1351.31","1330.77","1344.52","-0.35 %","187,790,720.10","-"
"BANKING","2025-10-28","1343.38","1370.91","1343.38","1370.34","1.92 %","305,735,821.40","-"
"BANKING","2025-10-29","1370.30","1381.19","1361.36","1365.58","-0.34 %","430,975,866.00","-"
"BANKING","2025-10-30","1367.89","1372.32","1355.97","1370.18","0.33 %","380,613,760.10","-"
"BANKING","2025-11-02","1384.78","1385.42","1365.53","1374.20","0.29 %","419,650,252.70","-"
"BANKING","2025-11-03","1373.61","1383.33","1367.49","1371.13","-0.22 %","283,083,746.00","-"
"BANKING","2025-11-04","1370.44","1374.03","1359.33","1362.00","-0.66 %","339,869,818.00","-"
"BANKING","2025-11-05","1362.00","1375.24","1356.10","1369.69","0.56 %","331,005,429.50","-"
"BANKING","2025-11-06","1371.45","1377.49","1360.28","1363.76","-0.43 %","397,937,243.10","-"
"BANKING","2025-11-09","1363.03","1363.03","1344.41","1346.04","-1.29 %","384,687,350.10","-"
"BANKING","2025-11-10","1348.22","1354.21","1335.05","1337.88","-0.60 %","369,853,946.00","-"
"BANKING","2025-11-11","1337.88","1345.88","1330.65","1338.82","0.07 %","323,201,487.00","-"
"BANKING","2025-11-12","1340.72","1341.01","1327.89","1329.81","-0.67 %","281,098,421.60","-"
"BANKING","2025-11-13","1327.62","1338.11","1322.71","1331.51","0.12 %","275,491,970.20","-"
"BANKING","2025-11-16","1331.51","1334.24","1321.79","1327.40","-0.30 %","217,177,710.00","-"
"BANKING","2025-11-17","1329.53","1334.66","1325.13","1329.21","0.13 %","329,832,910.20","-"
"BANKING","2025-11-18","1329.65","1341.88","1328.46","1333.36","0.31 %","265,544,891.70","-"
"BANKING","2025-11-19","1334.44","1340.16","1326.13","1331.40","-0.14 %","211,862,146.80","-"
"BANKING","2025-11-20","1331.40","1334.40","1323.37","1327.01","-0.32 %","257,454,569.90","-"
"BANKING","2025-11-23","1328.42","1345.97","1327.25","1345.15","1.36 %","336,015,235.00","-"
"BANKING","2025-11-24","1343.33","1364.47","1343.06","1364.11","1.40 %","355,731,155.00","-"
"BANKING","2025-11-25","1366.22","1370.64","1355.11","1366.90","0.20 %","308,138,614.20","-"
"BANKING","2025-11-26","1367.82","1380.21","1362.19","1375.97","0.66 %","376,766,843.20","-"
"BANKING","2025-11-27","1377.90","1398.62","1369.86","1396.58","1.49 %","661,734,370.60","-"
"BANKING","2025-11-30","1396.16","1402.96","1377.53","1381.49","-1.08 %","554,251,075.00","-"
"BANKING","2025-12-01","1379.73","1383.45","1364.28","1372.00","-0.68 %","435,519,601.10","-"
"BANKING","2025-12-02","1370.28","1370.28","1360.55","1363.97","-0.58 %","273,688,891.50","-"
"BANKING","2025-12-03","1366.17","1370.50","1350.84","1354.09","-0.72 %","304,792,486.70","-"
"BANKING","2025-12-07","1350.32","1353.88","1340.36","1345.87","-0.60 %","307,715,771.20","-"
"BANKING","2025-12-08","1344.33","1349.04","1336.00","1336.84","-0.67 %","264,542,126.70","-"
"BANKING","2025-12-09","1338.58","1341.12","1332.69","1334.87","-0.14 %","338,327,544.00","-"
"BANKING","2025-12-10","1333.29","1341.25","1331.46","1334.17","-0.05 %","213,807,903.60","-"
"BANKING","2025-12-11","1334.08","1336.57","1328.65","1336.30","0.15 %","241,330,063.60","-"
"BANKING","2025-12-14","1337.02","1344.33","1330.53","1336.95","0.04 %","353,146,039.30","-"
"BANKING","2025-12-15","1338.22","1346.68","1330.27","1346.68","0.72 %","549,350,046.60","-"
"BANKING","2025-12-16","1346.04","1353.15","1344.69","1351.42","0.35 %","215,062,003.20","-"
"BANKING","2025-12-17","1355.02","1357.85","1351.59","1355.67","0.31 %","238,118,575.10","-"
"BANKING","2025-12-18","1357.97","1360.46","1347.48","1352.65","-0.22 %","286,506,369.20","-"
"BANKING","2025-12-21","1354.67","1354.96","1343.83","1346.24","-0.47 %","263,502,289.30","-"
"BANKING","2025-12-22","1350.29","1350.67","1336.29","1341.46","-0.35 %","262,286,081.00","-"
"BANKING","2025-12-23","1342.52","1345.63","1335.14","1342.84","0.10 %","255,975,896.50","-"
"BANKING","2025-12-24","1342.11","1349.94","1337.00","1349.94","0.52 %","300,676,926.50","-"
"BANKING","2025-12-28","1350.68","1373.53","1350.60","1372.47","1.66 %","470,561,655.90","-"
"BANKING","2025-12-29","1382.55","1385.11","1364.87","1367.16","-0.38 %","325,623,957.40","-"
"BANKING","2025-12-31","1364.78","1375.69","1364.12","1370.63","0.25 %","372,435,372.70","-"
"BANKING","2026-01-01","1371.11","1375.07","1357.22","1361.87","-0.63 %","290,129,474.90","-"
"BANKING","2026-01-04","1361.67","1368.53","1354.57","1359.93","-0.14 %","494,480,047.10","-"
"BANKING","2026-01-05","1360.35","1368.79","1358.56","1369.15","0.67 %","398,168,793.90","-"
"BANKING","2026-01-06","1369.15","1383.27","1368.88","1375.14","0.43 %","635,791,966.80","-"
"BANKING","2026-01-07","1374.03","1377.87","1368.25","1371.75","-0.24 %","342,993,212.20","-"
"BANKING","2026-01-08","1370.16","1376.68","1367.52","1375.98","0.30 %","350,365,563.70","-"
"BANKING","2026-01-12","1380.80","1384.57","1370.92","1372.50","-0.25 %","408,879,595.80","-"
"BANKING","2026-01-13","1371.62","1395.81","1367.58","1370.56","-0.14 %","319,946,778.20","-"
"BANKING","2026-01-14","1370.14","1375.45","1366.23","1369.44","-0.08 %","310,281,754.50","-"
"BANKING","2026-01-18","1367.82","1381.11","1367.82","1381.11","0.85 %","445,825,412.00","-"
"BANKING","2026-01-20","1384.60","1406.50","1383.54","1398.26","1.24 %","590,031,391.90","-"
"BANKING","2026-01-21","1398.83","1406.72","1388.09","1396.00","-0.16 %","418,373,842.10","-"
"BANKING","2026-01-22","1400.74","1400.83","1384.46","1391.66","-0.31 %","309,967,651.20","-"
"BANKING","2026-01-25","1391.66","1417.55","1391.66","1416.57","1.79 %","767,796,027.80","-"
"BANKING","2026-01-26","1419.62","1426.11","1406.19","1414.21","-0.16 %","663,272,544.90","-"
"BANKING","2026-01-27","1414.21","1417.65","1391.43","1393.12","-1.49 %","441,642,710.70","-"
"BANKING","2026-01-28","1396.56","1398.51","1380.47","1391.62","-0.10 %","426,012,975.90","-"
"BANKING","2026-01-29","1394.10","1398.56","1380.74","1385.04","-0.47 %","649,314,196.90","-"
"BANKING","2026-02-01","1385.15","1391.04","1376.27","1379.17","-0.42 %","454,721,823.90","-"
"BANKING","2026-02-02","1369.17","1383.52","1368.30","1377.81","-0.09 %","308,567,685.00","-"
"BANKING","2026-02-03","1376.36","1381.86","1365.80","1369.07","-0.63 %","427,935,500.30","-"
"BANKING","2026-02-04","1346.07","1377.26","1345.15","1364.51","-0.33 %","334,456,765.10","-"
"BANKING","2026-02-05","1364.51","1372.28","1361.85","1372.22","0.56 %","404,196,787.90","-"
"BANKING","2026-02-08","1371.17","1383.19","1366.68","1370.41","-0.13 %","396,530,716.40","-"
"BANKING","2026-02-09","1371.28","1371.84","1356.96","1359.81","-0.77 %","467,033,437.02","-"
"BANKING","2026-02-10","1359.96","1361.44","1353.88","1358.48","-0.09 %","309,791,618.70","-"
"BANKING","2026-02-11","1363.19","1376.97","1357.60","1359.97","0.10 %","353,329,346.60","-"
"BANKING","2026-02-12","1361.39","1367.20","1357.01","1364.72","0.34 %","386,120,859.30","-"
"BANKING","2026-02-16","1363.47","1375.52","1359.38","1363.96","-0.05 %","300,987,262.00","-"
"BANKING","2026-02-17","1362.34","1364.68","1353.05","1357.79","-0.45 %","413,112,129.20","-"
"BANKING","2026-02-22","1357.61","1361.80","1348.40","1350.64","-0.52 %","377,794,524.90","-"
"BANKING","2026-02-23","1349.16","1354.56","1346.50","1354.56","0.28 %","292,829,096.70","-"
"BANKING","2026-02-24","1352.82","1358.68","1351.61","1358.68","0.30 %","210,111,670.50","-"
"BANKING","2026-02-25","1358.68","1363.64","1356.49","1361.79","0.22 %","260,708,251.50","-"
"BANKING","2026-02-26","1378.59","1379.84","1362.12","1370.60","0.64 %","254,288,110.48","-"
"BANKING","2026-03-01","1379.27","1381.41","1356.31","1381.48","0.79 %","428,058,680.10","-"
"BANKING","2026-03-03","1399.59","1404.56","1377.04","1404.18","1.64 %","597,177,083.60","-"
"BANKING","2026-03-09","1429.08","1501.90","1429.08","1501.38","6.92 %","22,709,566.60","-"
"BANKING","2026-03-10","1523.02","1527.59","1459.21","1482.25","-1.27 %","2,087,244,429.80","-"
"BANKING","2026-03-11","1490.11","1490.53","1453.04","1455.14","-1.82 %","927,347,264.70","-"
"BANKING","2026-03-12","1458.68","1489.98","1444.99","1484.57","2.02 %","1,406,350,112.90","-"
"BANKING","2026-03-15","1492.46","1504.14","1481.37","1487.73","0.21 %","1,278,421,707.50","-"
"BANKING","2026-03-16","1484.47","1485.25","1461.38","1463.77","-1.61 %","732,857,852.70","-"
"BANKING","2026-03-17","1461.28","1476.75","1453.80","1476.19","0.84 %","736,554,539.30","-"
"BANKING","2026-03-19","1471.21","1529.35","1471.21","1522.89","3.16 %","2,370,561,573.40","-"
"BANKING","2026-03-22","1536.06","1566.83","1533.70","1560.92","2.49 %","3,097,482,330.50","-"
"BANKING","2026-03-23","1566.53","1566.53","1536.54","1556.55","-0.27 %","1,869,623,275.86","-"
"BANKING","2026-03-24","1556.55","1569.16","1544.10","1567.10","0.67 %","1,697,526,750.30","-"
"BANKING","2026-03-25","1569.74","1572.60","1540.34","1545.06","-1.40 %","1,617,065,745.80","-"
"BANKING","2026-03-26","1545.12","1550.82","1522.97","1550.82","0.37 %","1,427,107,524.10","-"
"BANKING","2026-03-29","1557.94","1557.94","1505.29","1507.57","-2.78 %","1,620,088,114.70","-"
"BANKING","2026-03-30","1508.94","1516.03","1470.09","1479.52","-1.86 %","1,348,435,079.90","-"
"BANKING","2026-03-31","1477.60","1495.34","1456.40","1490.91","0.76 %","1,194,961,484.90","-"
"BANKING","2026-04-01","1496.48","1496.48","1449.43","1456.41","-2.31 %","1,218,986,388.20","-"
"BANKING","2026-04-02","1449.73","1469.11","1433.77","1454.77","-0.11 %","817,578,420.80","-"
"BANKING","2026-04-05","1448.90","1449.58","1405.44","1406.40","-3.32 %","1,348,704,544.10","-"
"BANKING","2026-04-06","1408.60","1459.02","1401.67","1451.19","3.18 %","884,458,017.00","-"
"BANKING","2026-04-07","1452.17","1470.28","1443.33","1451.87","0.04 %","669,452,807.10","-"
"BANKING","2026-04-08","1460.28","1469.25","1453.23","1468.72","1.16 %","823,166,909.90","-"
"BANKING","2026-04-09","1468.72","1490.77","1460.07","1486.99","1.24 %","955,337,503.80","-"
"BANKING","2026-04-10","1492.78","1496.01","1470.00","1475.94","-0.74 %","717,695,853.80","-"
"BANKING","2026-04-13","1481.50","1481.50","1467.11","1468.90","-0.47 %","467,775,997.80","-"
"BANKING","2026-04-15","1468.45","1494.69","1468.45","1488.00","1.30 %","945,806,427.90","-"
"BANKING","2026-04-16","1490.72","1492.32","1470.63","1475.99","-0.80 %","547,244,155.30","-"
"BANKING","2026-04-17","1477.43","1481.98","1458.76","1471.96","-0.27 %","667,106,070.30","-"
"BANKING","2026-04-20","1444.03","1480.05","1443.39","1459.49","-0.84 %","307,712,844.00","-"
"BANKING","2026-04-21","1471.82","1473.25","1451.00","1452.92","-0.45 %","341,063,635.50","-"
"BANKING","2026-04-22","1455.99","1460.98","1432.66","1454.83","0.13 %","627,466,692.91","-"
"BANKING","2026-04-23","1455.21","1462.92","1437.85","1443.63","-0.77 %","313,191,705.50","-"
"BANKING","2026-04-24","1452.48","1452.48","1429.30","1446.82","0.22 %","313,191,705.50","-"
"BANKING","2026-04-27","1452.76","1457.15","1445.19","1456.75","0.68 %","378,271,669.20","-"
"BANKING","2026-04-28","1459.61","1465.36","1441.12","1445.02","-0.80 %","604,963,320.10","-"
"BANKING","2026-04-29","1445.02","1445.70","1428.89","1434.00","-0.76 %","403,749,297.20","-"
"BANKING","2026-04-30","1427.35","1435.59","1415.80","1434.32","0.02 %","369,136,420.30","-"
"BANKING","2026-05-04","1437.27","1442.26","1417.74","1421.96","-0.86 %","492,242,864.20","-"
"BANKING","2026-05-05","1423.04","1434.57","1412.38","1428.17","0.43 %","311,151,406.70","-"
"BANKING","2026-05-06","1431.83","1436.87","1425.03","1430.58","0.16 %","227,905,467.10","-"
"BANKING","2026-05-07","1423.58","1436.50","1423.41","1435.30","0.33 %","271,444,407.60","-"
"BANKING","2026-05-08","1435.30","1445.44","1433.90","1444.93","0.67 %","271,503,017.10","-"
"BANKING","2026-05-11","1446.52","1459.88","1445.16","1459.70","1.02 %","327,669,429.50","-"
"BANKING","2026-05-12","1464.48","1471.36","1445.45","1447.55","-0.83 %","398,020,316.30","-"
"BANKING","2026-05-13","1450.36","1450.36","1431.71","1444.04","-0.24 %","245,872,295.21","-"
"BANKING","2026-05-14","1442.42","1445.24","1435.63","1443.04","-0.06 %","226,679,833.40","-"
"BANKING","2026-05-15","1429.24","1450.88","1429.24","1445.04","0.13 %","270,655,828.30","-"
"BANKING","2026-05-18","1450.91","1454.83","1439.53","1447.16","0.14 %","270,459,480.30","-"
"BANKING","2026-05-19","1446.44","1455.62","1441.00","1445.60","-0.10 %","267,986,466.30","-"
"BANKING","2026-05-20","1443.75","1456.27","1441.38","1456.27","0.73 %","357,698,578.39","-"
"BANKING","2026-05-21","1453.73","1462.65","1443.60","1447.94","-0.57 %","504,438,273.20","-"
"BANKING","2026-05-22","1448.03","1456.93","1443.62","1456.78","0.61 %","292,111,966.30","-"
"BANKING","2026-05-25","1448.27","1472.44","1448.27","1469.45","0.86 %","463,673,764.20","-"
"BANKING","2026-05-26","1468.28","1473.86","1458.00","1465.82","-0.24 %","478,199,470.10","-"
"BANKING","2026-05-27","1461.62","1471.01","1458.84","1469.80","0.27 %","493,250,951.60","-"
"BANKING","2026-06-01","1466.99","1470.10","1449.37","1455.20","-0.99 %","418,129,921.90","-"
"BANKING","2026-06-02","1460.06","1461.21","1451.43","1461.21","0.41 %","283,264,173.60","-"
"BANKING","2026-06-03","1463.88","1463.88","1453.03","1459.27","-0.13 %","348,768,891.80","-"
