Symbol,Date,Open,High,Low,Close,Percent Change,Volume,Turn Over
MANUFACTURE,2026-01-14,8858.35,8887.29,8800.95,8821.31,-0.42 %,"718,922,967.40",-
MANUFACTURE,2026-01-13,8894.6,8986.04,8842.26,8858.35,-0.24 %,"1,071,790,615.50",-
MANUFACTURE,2026-01-12,8773.85,8954.23,8764.79,8879.56,1.02 %,"1,302,778,204.10",-
MANUFACTURE,2026-01-08,8745.94,8811.8,8723.28,8789.5,0.50 %,"761,531,900.80",-
MANUFACTURE,2026-01-07,8884.11,8898.9,8735.87,8745.97,-1.17 %,"936,155,325.00",-
MANUFACTURE,2026-01-06,8942.38,9055.19,8837.81,8849.22,-0.52 %,"1,125,982,807.80",-
MANUFACTURE,2026-01-05,8658.89,8895.26,8658.84,8895.26,3.05 %,"1,225,125,590.90",-
MANUFACTURE,2026-01-04,8521.17,8642.55,8489.59,8631.91,1.04 %,"990,731,579.50",-
MANUFACTURE,2026-01-01,8589.82,8636.72,8541.27,8542.8,-0.42 %,"695,671,830.60",-
MANUFACTURE,2025-12-31,8446.46,8596.73,8433.76,8578.68,1.62 %,"522,998,390.10",-
MANUFACTURE,2025-12-29,8438.25,8473.27,8400.14,8442.31,-0.01 %,"596,998,351.70",-
MANUFACTURE,2025-12-28,8274.07,8443.46,8268.11,8443.46,1.89 %,"570,195,232.30",-
MANUFACTURE,2025-12-24,8270.82,8322.77,8265.72,8286.66,0.12 %,"301,745,055.10",-
MANUFACTURE,2025-12-23,8261.99,8302.54,8215.42,8277.12,0.25 %,"547,466,259.80",-
MANUFACTURE,2025-12-22,8287.74,8302.94,8247.2,8256.3,-0.33 %,"275,652,787.80",-
MANUFACTURE,2025-12-21,8280.15,8316.65,8252.83,8283.24,-0.09 %,"254,069,512.60",-
MANUFACTURE,2025-12-18,8302.81,8340.87,8253.02,8290.93,-0.18 %,"327,601,014.80",-
MANUFACTURE,2025-12-17,8278.94,8337.82,8259.55,8305.5,0.41 %,"199,769,400.20",-
MANUFACTURE,2025-12-16,8231.55,8292.69,8219.94,8271.97,0.46 %,"188,784,669.00",-
MANUFACTURE,2025-12-15,8204.91,8247.96,8176.34,8233.85,0.54 %,"268,962,621.90",-
MANUFACTURE,2025-12-14,8238.94,8277.43,8178.39,8189.9,-0.72 %,"312,144,810.20",-
MANUFACTURE,2025-12-11,8171.13,8258.28,8158.56,8249.12,0.93 %,"389,454,508.30",-
MANUFACTURE,2025-12-10,8103.11,8173.29,8019.78,8173.29,1.22 %,"520,753,873.00",-
MANUFACTURE,2025-12-09,8021.09,8092.69,8021.08,8074.41,0.54 %,"241,949,360.90",-
MANUFACTURE,2025-12-08,8009.95,8080.08,7976.02,8031.38,0.62 %,"391,186,517.10",-
MANUFACTURE,2025-12-07,8084.29,8129.04,7972.02,7982.27,-0.92 %,"665,382,559.90",-
MANUFACTURE,2025-12-03,8042.02,8159.14,8013.94,8056.25,0.25 %,"349,280,553.10",-
MANUFACTURE,2025-12-02,7995.2,8084.09,7994.65,8036.16,0.51 %,"194,250,836.70",-
MANUFACTURE,2025-12-01,7978.84,8043.06,7965.5,7995.2,0.31 %,"205,595,938.50",-
MANUFACTURE,2025-11-30,7942.32,8055.21,7942.32,7970.55,0.74 %,"429,069,630.60",-
MANUFACTURE,2025-11-27,7949.71,7964.51,7902.34,7912.19,-0.27 %,"359,768,074.00",-
MANUFACTURE,2025-11-26,7901.78,7948.18,7851.24,7933.59,0.75 %,"604,034,065.40",-
MANUFACTURE,2025-11-25,7747.3,7887.1,7747.29,7874.89,1.30 %,"375,817,764.00",-
MANUFACTURE,2025-11-24,7517.84,7773.52,7501.92,7773.52,3.74 %,"448,240,759.60",-
MANUFACTURE,2025-11-23,7399.37,7522.08,7399.36,7493.59,1.57 %,"280,653,073.10",-
MANUFACTURE,2025-11-20,7377.86,7434.71,7348.91,7377.86,0.32 %,"209,220,154.40",-
MANUFACTURE,2025-11-19,7326.84,7387.05,7326.84,7354.25,0.43 %,"239,833,876.00",-
MANUFACTURE,2025-11-18,7310.88,7386.25,7310.88,7322.96,0.20 %,"165,362,798.30",-
MANUFACTURE,2025-11-17,7270.38,7331.51,7256.16,7308.27,0.53 %,"333,933,367.70",-
MANUFACTURE,2025-11-16,7342.33,7368.18,7213.56,7269.43,0.03 %,"209,590,519.30",-
MANUFACTURE,2025-11-13,7281.47,7331.5,7246.28,7267.27,-0.28 %,"274,386,927.10",-
MANUFACTURE,2025-11-12,7296.55,7310.42,7253.07,7287.78,0.23 %,"185,245,310.30",-
MANUFACTURE,2025-11-11,7250.43,7311.04,7235.97,7270.82,0.34 %,"223,850,703.70",-
MANUFACTURE,2025-11-10,7267.18,7308.79,7217.92,7246.43,-0.30 %,"229,952,103.60",-
MANUFACTURE,2025-11-09,7333.72,7340.82,7258.89,7268.35,-0.85 %,"346,152,952.00",-
MANUFACTURE,2025-11-06,7346.42,7409.75,7319.35,7330.47,0.12 %,"650,675,479.30",-
MANUFACTURE,2025-11-05,7300.27,7323.84,7235.9,7321.56,0.63 %,"513,162,641.70",-
MANUFACTURE,2025-11-04,7342.36,7386.39,7269.06,7275.54,-0.91 %,"369,875,375.90",-
MANUFACTURE,2025-11-03,7323.89,7408.05,7319.84,7342.35,0.25 %,"546,123,114.80",-
MANUFACTURE,2025-11-02,7278.35,7332.69,7231.11,7323.88,0.97 %,"388,873,788.90",-
MANUFACTURE,2025-10-30,7136.06,7253.89,7103.11,7253.52,1.74 %,"268,549,625.10",-
MANUFACTURE,2025-10-29,7174.65,7243.48,7121.41,7129.31,-0.29 %,"292,819,947.60",-
MANUFACTURE,2025-10-28,7122.71,7194.21,7081.33,7149.74,0.38 %,"300,884,065.80",-
MANUFACTURE,2025-10-26,7122.02,7128.2,7055.08,7122.71,0.02 %,"229,475,354.80",-
MANUFACTURE,2025-10-19,7088.07,7148.48,7062.12,7121.18,0.91 %,"352,568,106.30",-
MANUFACTURE,2025-10-16,7133.13,7139.67,7048.57,7057.22,-0.74 %,"258,139,968.70",-
MANUFACTURE,2025-10-15,7117.69,7176.73,7102.77,7109.74,-0.40 %,"190,220,690.70",-
MANUFACTURE,2025-10-14,7211.66,7229.25,7133.84,7138.14,-0.98 %,"213,186,355.30",-
MANUFACTURE,2025-10-13,7115.56,7212.87,7043.58,7208.96,1.57 %,"278,789,865.60",-
MANUFACTURE,2025-10-12,7255.43,7265.0,7057.9,7097.53,-1.95 %,"417,300,754.00",-
MANUFACTURE,2025-10-09,7253.36,7388.77,7216.04,7238.52,1.03 %,"527,663,950.90",-
MANUFACTURE,2025-10-08,7265.78,7265.78,7121.37,7164.54,-1.06 %,"349,697,544.80",-
MANUFACTURE,2025-10-07,7403.01,7410.75,7212.53,7241.58,-1.86 %,"289,595,759.40",-
MANUFACTURE,2025-09-28,7365.3,7401.32,7348.72,7378.46,0.51 %,"178,111,821.40",-
MANUFACTURE,2025-09-25,7415.61,7433.38,7335.13,7340.83,-0.74 %,"163,291,157.40",-
MANUFACTURE,2025-09-24,7379.25,7463.42,7359.93,7395.36,-0.12 %,"277,920,107.00",-
MANUFACTURE,2025-09-23,7365.27,7443.45,7334.01,7404.15,1.12 %,"423,534,756.60",-
MANUFACTURE,2025-09-21,6943.38,7341.57,6943.38,7321.84,4.86 %,"678,005,642.90",-
MANUFACTURE,2025-09-18,7256.01,7265.0,6981.28,6982.78,-5.03 %,"89,513,689.70",-
MANUFACTURE,2025-09-08,7464.46,7479.12,7337.59,7352.55,-1.23 %,"340,989,604.80",-
MANUFACTURE,2025-09-07,7434.99,7499.94,7423.98,7444.21,0.04 %,"285,266,346.60",-
MANUFACTURE,2025-09-04,7417.81,7473.12,7405.85,7440.93,-0.20 %,"323,473,837.20",-
MANUFACTURE,2025-09-03,7510.98,7520.18,7446.69,7455.84,-0.40 %,"303,065,476.40",-
MANUFACTURE,2025-09-02,7540.69,7588.66,7481.11,7485.95,-0.80 %,"285,146,790.00",-
MANUFACTURE,2025-09-01,7541.77,7558.52,7500.46,7546.44,0.37 %,"423,032,086.70",-
MANUFACTURE,2025-08-31,7640.93,7640.93,7516.37,7518.69,-1.02 %,"450,885,021.00",-
MANUFACTURE,2025-08-28,7729.01,7768.88,7591.26,7596.12,-1.70 %,"675,412,841.70",-
MANUFACTURE,2025-08-27,7548.95,7735.85,7502.89,7727.6,2.70 %,"692,860,531.70",-
MANUFACTURE,2025-08-26,7571.5,7615.06,7512.27,7524.66,-0.68 %,"319,729,854.40",-
MANUFACTURE,2025-08-25,7579.54,7592.12,7517.64,7576.18,-0.06 %,"365,509,644.30",-
MANUFACTURE,2025-08-24,7531.09,7670.29,7531.08,7580.68,0.16 %,"1,966,896,246.50",-
MANUFACTURE,2025-08-21,7562.58,7600.99,7555.69,7568.59,-0.18 %,"318,665,474.10",-
MANUFACTURE,2025-08-20,7626.2,7653.74,7579.58,7582.57,-0.67 %,"271,281,219.50",-
MANUFACTURE,2025-08-19,7593.44,7694.36,7593.43,7633.76,0.47 %,"482,141,844.30",-
MANUFACTURE,2025-08-18,7598.5,7629.26,7554.0,7598.4,0.50 %,"453,248,064.90",-
MANUFACTURE,2025-08-17,7686.23,7699.77,7552.63,7560.65,-1.00 %,"506,595,618.50",-
MANUFACTURE,2025-08-14,7617.96,7680.19,7604.42,7637.37,0.57 %,"506,767,080.50",-
MANUFACTURE,2025-08-13,7621.97,7667.24,7557.18,7594.05,-0.10 %,"419,421,135.30",-
MANUFACTURE,2025-08-12,7683.05,7694.8,7588.42,7601.83,-1.00 %,"475,971,855.25",-
MANUFACTURE,2025-08-11,7709.16,7834.78,7670.96,7678.66,-0.76 %,"925,227,222.40",-
MANUFACTURE,2025-08-07,7633.24,7797.35,7633.24,7737.41,1.13 %,"654,073,137.30",-
MANUFACTURE,2025-08-06,7679.23,7704.57,7584.45,7651.28,-0.11 %,"538,139,559.20",-
MANUFACTURE,2025-08-05,7783.25,7809.61,7649.67,7659.39,-1.62 %,"656,321,977.80",-
MANUFACTURE,2025-08-04,7811.21,7846.18,7676.7,7785.22,-0.13 %,"1,010,897,221.70",-
MANUFACTURE,2025-08-03,8007.97,8007.97,7781.22,7795.29,-2.44 %,"1,381,943,220.80",-
MANUFACTURE,2025-07-31,8103.29,8119.8,7951.57,7990.21,-1.14 %,"1,678,211,533.90",-
MANUFACTURE,2025-07-30,8221.17,8248.33,8072.76,8082.56,-1.32 %,"1,700,697,396.20",-
MANUFACTURE,2025-07-29,8115.78,8317.64,8115.78,8190.94,0.98 %,"1,522,335,999.90",-
MANUFACTURE,2025-07-28,7928.4,8116.01,7854.19,8111.45,2.24 %,"2,082,762,836.90",-
MANUFACTURE,2025-07-27,7826.88,8080.2,7826.88,7933.9,1.08 %,"2,073,846,496.00",-
MANUFACTURE,2025-07-24,7926.81,7936.39,7802.43,7849.13,-0.59 %,"771,225,675.70",-
MANUFACTURE,2025-07-23,7859.76,7952.63,7812.76,7895.35,0.41 %,"1,319,626,446.90",-
MANUFACTURE,2025-07-22,7514.68,7878.51,7514.68,7863.34,4.64 %,"1,594,717,419.50",-
MANUFACTURE,2025-07-21,7498.6,7539.23,7453.44,7514.68,0.37 %,"564,403,906.50",-
MANUFACTURE,2025-07-20,7584.46,7648.61,7466.85,7486.63,-1.13 %,"713,057,214.60",-
MANUFACTURE,2025-07-17,7356.13,7599.18,7356.13,7572.15,2.94 %,"744,964,356.20",-
MANUFACTURE,2025-07-16,7254.76,7428.82,7251.24,7355.74,1.39 %,"452,654,468.05",-
MANUFACTURE,2025-07-15,7199.83,7280.34,7178.11,7254.83,0.88 %,"281,382,421.50",-
MANUFACTURE,2025-07-14,7248.86,7359.31,7186.21,7191.4,-0.79 %,"207,684,454.80",-
MANUFACTURE,2025-07-13,7277.4,7320.59,7240.61,7248.58,0.32 %,"305,751,726.60",-
MANUFACTURE,2025-07-10,7192.83,7249.39,7192.83,7225.57,0.46 %,"295,318,372.70",-
MANUFACTURE,2025-07-09,7117.39,7209.15,7115.79,7192.83,0.96 %,"214,495,325.00",-
MANUFACTURE,2025-07-08,7091.43,7131.89,7076.57,7124.7,0.37 %,"149,123,547.80",-
MANUFACTURE,2025-07-07,7196.36,7211.22,7088.9,7098.41,-1.25 %,"221,133,763.30",-
MANUFACTURE,2025-07-06,7168.08,7199.33,7115.5,7188.19,0.64 %,"286,864,517.00",-
MANUFACTURE,2025-07-03,7114.34,7157.01,7098.98,7142.51,0.40 %,"254,391,838.60",-
MANUFACTURE,2025-07-02,7065.2,7119.95,7051.55,7114.34,0.70 %,"205,064,259.30",-
MANUFACTURE,2025-07-01,7070.83,7075.02,7012.23,7065.2,-0.08 %,"147,535,631.50",-
MANUFACTURE,2025-06-30,6956.89,7081.15,6954.68,7070.82,1.64 %,"159,311,616.70",-
MANUFACTURE,2025-06-29,6977.24,6996.37,6932.36,6956.89,-0.56 %,"177,793,483.70",-
MANUFACTURE,2025-06-26,7018.15,7058.23,6990.41,6996.35,-0.31 %,"194,341,930.00",-
MANUFACTURE,2025-06-25,7037.42,7053.52,7010.81,7018.15,-0.21 %,"172,539,945.20",-
MANUFACTURE,2025-06-24,7020.49,7067.93,7002.66,7032.58,0.42 %,"192,039,739.20",-
MANUFACTURE,2025-06-23,7060.19,7088.41,6999.63,7003.0,-0.62 %,"256,590,931.00",-
MANUFACTURE,2025-06-22,7129.74,7165.71,7039.57,7046.55,-1.05 %,"247,612,583.20",-
MANUFACTURE,2025-06-19,7195.52,7279.84,7112.7,7121.61,-1.02 %,"332,574,390.80",-
MANUFACTURE,2025-06-18,7157.14,7252.03,7157.13,7194.84,0.37 %,"372,634,554.10",-
MANUFACTURE,2025-06-17,7178.4,7236.77,7161.37,7168.17,-0.14 %,"250,884,179.30",-
MANUFACTURE,2025-06-16,7156.33,7253.86,7153.51,7178.4,-0.03 %,"341,988,539.10",-
MANUFACTURE,2025-06-15,7086.96,7201.3,7065.59,7180.73,1.47 %,"446,193,981.30",-
MANUFACTURE,2025-06-12,7117.91,7130.58,7066.23,7076.47,-0.53 %,"288,542,971.80",-
MANUFACTURE,2025-06-11,7136.42,7189.59,7108.97,7114.09,-0.61 %,"248,980,899.40",-
MANUFACTURE,2025-06-10,7152.15,7196.01,7137.78,7158.02,0.25 %,"231,145,285.10",-
MANUFACTURE,2025-06-09,7118.51,7150.56,7093.23,7140.11,0.20 %,"228,869,614.50",-
MANUFACTURE,2025-06-08,7178.65,7185.91,7120.47,7125.52,-0.74 %,"300,999,225.70",-
MANUFACTURE,2025-06-05,7261.29,7288.72,7162.18,7178.65,-1.04 %,"317,553,058.20",-
MANUFACTURE,2025-06-04,7263.3,7301.46,7241.13,7254.3,-0.04 %,"261,869,951.50",-
MANUFACTURE,2025-06-03,7278.21,7339.79,7230.83,7257.05,-0.01 %,"440,034,639.80",-
MANUFACTURE,2025-06-02,7310.08,7382.45,7244.69,7257.98,-0.39 %,"189,412,346.10",-
MANUFACTURE,2025-05-28,7210.77,7296.01,7210.76,7286.22,0.66 %,"156,392,741.00",-
MANUFACTURE,2025-05-27,7216.95,7282.86,7193.04,7238.52,0.30 %,"165,895,761.40",-
MANUFACTURE,2025-05-26,7237.47,7296.47,7190.49,7216.95,0.80 %,"216,911,367.00",-
MANUFACTURE,2025-05-25,7144.26,7215.75,7144.25,7159.9,-0.04 %,"200,762,944.40",-
MANUFACTURE,2025-05-22,7227.03,7246.19,7134.71,7162.55,-0.38 %,"154,287,440.70",-
MANUFACTURE,2025-05-21,7300.93,7373.95,7184.84,7190.02,-0.69 %,"282,547,828.20",-
MANUFACTURE,2025-05-20,7089.75,7248.99,7085.15,7239.71,1.90 %,"211,006,822.10",-
MANUFACTURE,2025-05-19,7084.84,7189.05,7084.84,7105.06,0.29 %,"272,836,393.50",-
MANUFACTURE,2025-05-18,7098.46,7163.39,7077.53,7084.84,-0.35 %,"248,425,293.00",-
MANUFACTURE,2025-05-15,7166.78,7192.16,7099.25,7109.47,-0.46 %,"258,870,937.10",-
MANUFACTURE,2025-05-14,7225.79,7225.78,7132.15,7142.06,-0.93 %,"166,952,851.70",-
MANUFACTURE,2025-05-13,7208.73,7307.91,7195.88,7208.94,0.35 %,"446,797,104.70",-
MANUFACTURE,2025-05-11,7204.47,7248.66,7181.6,7184.09,-0.46 %,"237,456,910.80",-
MANUFACTURE,2025-05-08,7214.1,7292.8,7185.22,7217.1,0.17 %,"306,981,127.20",-
MANUFACTURE,2025-05-07,7123.7,7217.6,7098.18,7204.79,1.19 %,"243,431,234.80",-
MANUFACTURE,2025-05-06,7086.6,7154.32,7086.59,7120.13,0.30 %,"205,237,547.70",-
MANUFACTURE,2025-05-05,7148.45,7185.87,7097.84,7099.05,-0.89 %,"210,640,816.10",-
MANUFACTURE,2025-05-04,7132.78,7192.06,7122.62,7162.69,0.62 %,"255,791,825.10",-
MANUFACTURE,2025-04-30,7170.2,7197.7,7114.52,7118.55,-0.72 %,"275,280,969.40",-
MANUFACTURE,2025-04-29,7195.38,7238.64,7163.94,7170.2,-0.35 %,"306,474,341.00",-
MANUFACTURE,2025-04-28,7220.78,7267.5,7183.32,7195.38,-0.54 %,"254,095,708.20",-
MANUFACTURE,2025-04-27,7208.2,7274.78,7202.14,7234.47,0.41 %,"329,949,410.70",-
MANUFACTURE,2025-04-24,7217.83,7283.24,7197.03,7204.9,-0.18 %,"296,563,594.40",-
MANUFACTURE,2025-04-23,7200.02,7255.92,7178.9,7217.82,0.01 %,"280,451,885.20",-
MANUFACTURE,2025-04-22,7127.61,7244.94,7127.61,7217.42,1.18 %,"392,829,171.10",-
MANUFACTURE,2025-04-21,7144.81,7159.49,7096.0,7133.11,0.03 %,"234,957,442.60",-
MANUFACTURE,2025-04-20,7093.2,7161.57,7090.95,7130.75,0.53 %,"155,501,281.00",-
MANUFACTURE,2025-04-17,7089.27,7175.63,7088.54,7093.2,0.06 %,"196,620,412.40",-
MANUFACTURE,2025-04-16,7114.57,7118.77,7050.35,7089.26,-0.16 %,"134,315,459.00",-
MANUFACTURE,2025-04-15,7025.9,7120.05,6995.56,7100.73,1.22 %,"174,169,572.10",-
MANUFACTURE,2025-04-13,7051.72,7093.1,7008.38,7015.13,-0.84 %,"219,505,890.10",-
MANUFACTURE,2025-04-10,7122.58,7160.4,7061.19,7074.88,-0.87 %,"163,075,887.50",-
MANUFACTURE,2025-04-09,7049.19,7190.41,7049.19,7137.22,1.36 %,"227,728,151.00",-
MANUFACTURE,2025-04-08,6909.37,7066.66,6896.77,7041.31,1.58 %,"226,633,629.40",-
MANUFACTURE,2025-04-07,6998.54,7017.17,6913.99,6932.08,-1.42 %,"198,134,148.90",-
MANUFACTURE,2025-04-03,7106.2,7145.34,7026.27,7032.29,-0.99 %,"281,903,195.20",-
MANUFACTURE,2025-04-02,7195.61,7246.13,7098.66,7102.53,-1.48 %,"173,550,478.60",-
MANUFACTURE,2025-04-01,7232.17,7282.97,7182.41,7209.16,-0.53 %,"212,298,021.40",-
MANUFACTURE,2025-03-30,7181.76,7310.1,7170.35,7247.27,0.58 %,"319,354,529.40",-
MANUFACTURE,2025-03-27,7165.28,7217.72,7108.35,7205.28,0.92 %,"224,245,093.10",-
MANUFACTURE,2025-03-26,7046.99,7160.22,7046.19,7139.46,0.99 %,"168,989,122.80",-
MANUFACTURE,2025-03-25,7154.81,7185.17,7047.74,7069.57,-1.50 %,"258,510,978.20",-
MANUFACTURE,2025-03-24,7107.9,7197.24,7085.38,7177.59,0.78 %,"177,194,180.20",-
MANUFACTURE,2025-03-23,7225.61,7259.9,7114.49,7121.77,-1.44 %,"194,616,968.30",-
MANUFACTURE,2025-03-20,7262.21,7293.18,7214.83,7225.61,-0.70 %,"172,219,584.80",-
MANUFACTURE,2025-03-19,7286.54,7342.44,7269.92,7276.75,-0.34 %,"144,366,397.00",-
MANUFACTURE,2025-03-18,7359.52,7369.74,7278.86,7301.21,-0.23 %,"153,706,968.90",-
MANUFACTURE,2025-03-17,7270.61,7351.55,7270.6,7318.25,0.45 %,"167,608,723.10",-
MANUFACTURE,2025-03-16,7254.05,7356.39,7254.04,7285.54,-0.01 %,"240,390,108.50",-
MANUFACTURE,2025-03-12,7249.28,7350.72,7240.66,7286.63,0.19 %,"289,445,295.20",-
MANUFACTURE,2025-03-11,7444.45,7481.0,7270.77,7273.11,-2.50 %,"280,237,653.40",-
MANUFACTURE,2025-03-10,7548.15,7590.56,7451.77,7459.57,-1.16 %,"254,241,522.90",-
MANUFACTURE,2025-03-09,7591.75,7642.61,7483.13,7546.96,-0.92 %,"371,630,284.60",-
MANUFACTURE,2025-03-06,7608.48,7714.85,7571.81,7616.93,0.24 %,"329,691,756.80",-
MANUFACTURE,2025-03-05,7654.28,7693.59,7541.19,7598.32,-0.93 %,"428,830,228.68",-
MANUFACTURE,2025-03-04,7873.36,7930.69,7666.67,7669.35,-2.21 %,"559,559,410.50",-
MANUFACTURE,2025-03-03,7872.41,8007.0,7666.01,7843.07,0.26 %,"807,299,299.10",-
MANUFACTURE,2025-03-02,7494.19,7822.76,7464.14,7822.76,4.80 %,"881,474,795.40",-
MANUFACTURE,2025-02-27,7278.14,7469.91,7243.26,7464.71,2.92 %,"430,904,114.90",-
MANUFACTURE,2025-02-25,7239.99,7297.33,7163.23,7253.14,0.18 %,"452,992,285.20",-
MANUFACTURE,2025-02-24,7165.65,7297.03,7165.64,7239.98,0.97 %,"352,830,306.80",-
MANUFACTURE,2025-02-23,6916.8,7204.57,6864.01,7170.17,2.78 %,"546,127,182.60",-
MANUFACTURE,2025-02-20,7043.93,7059.05,6957.76,6975.9,-0.84 %,"170,453,870.40",-
MANUFACTURE,2025-02-18,7056.51,7119.57,7012.08,7035.13,-0.06 %,"279,906,957.00",-
MANUFACTURE,2025-02-17,7009.12,7043.97,6985.38,7039.45,0.77 %,"159,312,889.90",-
MANUFACTURE,2025-02-16,6992.97,7050.15,6963.59,6985.65,0.20 %,"188,954,100.90",-
MANUFACTURE,2025-02-13,6973.18,7044.62,6945.87,6971.49,-0.47 %,"153,264,051.30",-
MANUFACTURE,2025-02-12,7048.36,7072.03,7001.42,7004.65,-0.31 %,"145,086,429.70",-
MANUFACTURE,2025-02-11,7078.77,7112.62,7010.14,7026.62,0.01 %,"206,788,735.20",-
MANUFACTURE,2025-02-10,7171.71,7179.06,6989.68,7025.68,-2.07 %,"211,458,097.10",-
MANUFACTURE,2025-02-09,7162.9,7275.96,7138.23,7174.27,0.16 %,"135,230,847.10",-
MANUFACTURE,2025-02-06,7191.96,7236.34,7143.07,7162.89,-0.40 %,"202,200,197.90",-
MANUFACTURE,2025-02-05,7272.91,7272.91,7150.85,7191.95,-0.82 %,"211,019,079.60",-
MANUFACTURE,2025-02-04,7360.54,7382.54,7240.23,7251.4,-1.13 %,"184,549,119.40",-
MANUFACTURE,2025-02-03,7337.42,7399.81,7299.47,7334.63,0.27 %,"300,837,343.10",-
MANUFACTURE,2025-02-02,7096.56,7317.79,7096.55,7314.57,3.07 %,"361,095,769.20",-
MANUFACTURE,2025-01-28,7010.66,7178.4,7010.65,7096.55,1.24 %,"160,734,040.30",-
MANUFACTURE,2025-01-27,6947.77,7027.68,6920.96,7009.75,0.67 %,"191,574,216.10",-
MANUFACTURE,2025-01-26,7088.71,7088.72,6950.51,6962.79,-1.66 %,"166,755,822.90",-
MANUFACTURE,2025-01-23,7124.6,7212.45,7058.77,7080.55,0.01 %,"178,710,626.10",-
MANUFACTURE,2025-01-22,7119.79,7130.8,7048.84,7080.19,0.08 %,"206,546,436.60",-
MANUFACTURE,2025-01-21,7003.09,7145.24,7001.35,7074.38,0.90 %,"320,764,615.20",-
MANUFACTURE,2025-01-20,6894.93,7122.89,6887.82,7011.42,1.69 %,"192,645,218.10",-
MANUFACTURE,2025-01-19,6721.87,6915.32,6721.87,6894.92,2.57 %,"99,057,431.70",-
MANUFACTURE,2025-01-16,6658.1,6784.3,6639.09,6721.87,0.96 %,"115,969,707.30",-
MANUFACTURE,2025-01-15,6617.81,6699.41,6611.21,6658.09,0.48 %,"87,150,978.90",-
MANUFACTURE,2025-01-13,6669.28,6734.46,6577.61,6625.97,-0.77 %,"159,961,804.10",-
MANUFACTURE,2025-01-12,6790.89,6790.88,6663.49,6677.43,-1.36 %,"92,736,650.40",-
MANUFACTURE,2025-01-09,6835.56,6851.11,6764.8,6769.6,-0.84 %,"114,932,187.90",-
MANUFACTURE,2025-01-08,6876.23,6876.22,6803.49,6827.13,0.41 %,"157,960,569.40",-
MANUFACTURE,2025-01-07,6816.84,6888.27,6771.88,6799.34,-0.26 %,"168,784,595.00",-
MANUFACTURE,2025-01-06,6690.15,6822.46,6690.14,6816.84,1.89 %,"145,701,693.60",-
MANUFACTURE,2025-01-05,6732.3,6760.37,6689.55,6690.14,-0.60 %,"160,196,355.60",-
MANUFACTURE,2025-01-02,6714.55,6731.02,6652.03,6730.79,0.80 %,"183,395,440.90",-
MANUFACTURE,2025-01-01,6660.19,6686.02,6620.3,6677.11,0.25 %,"105,810,100.50",-
MANUFACTURE,2024-12-31,6784.05,6784.05,6605.44,6660.19,-1.51 %,"229,782,094.70",-
MANUFACTURE,2024-12-29,6822.26,6859.85,6756.19,6762.54,-0.81 %,"178,098,655.40",-
MANUFACTURE,2024-12-26,6771.92,6850.5,6771.91,6817.81,-0.08 %,"158,459,074.60",-
MANUFACTURE,2024-12-24,7017.72,7022.99,6821.8,6823.33,-2.31 %,"161,459,466.60",-
MANUFACTURE,2024-12-23,6822.24,7020.73,6809.89,6984.79,2.46 %,"195,209,549.60",-
MANUFACTURE,2024-12-22,6686.67,6823.42,6686.66,6817.02,1.58 %,"256,315,868.50",-
MANUFACTURE,2024-12-19,6733.53,6763.12,6697.5,6711.15,-0.33 %,"131,675,244.30",-
MANUFACTURE,2024-12-18,6755.8,6785.98,6726.97,6733.52,-0.33 %,"100,087,261.90",-
MANUFACTURE,2024-12-17,6785.69,6800.56,6743.01,6755.79,-0.44 %,"136,492,483.00",-
MANUFACTURE,2024-12-16,6860.64,6886.08,6748.82,6785.69,-1.16 %,"169,355,303.35",-
MANUFACTURE,2024-12-12,6881.17,6984.97,6822.81,6865.5,0.39 %,"466,326,793.80",-
MANUFACTURE,2024-12-11,6783.01,6839.11,6776.72,6838.97,0.61 %,"134,094,690.60",-
MANUFACTURE,2024-12-10,6796.52,6816.14,6769.99,6797.82,0.34 %,"197,966,742.10",-
MANUFACTURE,2024-12-09,6723.85,6822.49,6716.76,6774.93,1.07 %,"379,259,860.20",-
MANUFACTURE,2024-12-08,6747.14,6764.34,6648.06,6703.37,-0.35 %,"193,997,846.10",-
MANUFACTURE,2024-12-05,6842.63,6842.62,6726.58,6726.58,-1.29 %,"172,503,744.80",-
MANUFACTURE,2024-12-04,6873.73,6873.73,6788.68,6814.27,0.15 %,"179,186,073.50",-
MANUFACTURE,2024-12-03,6815.99,6843.18,6796.07,6804.26,0.07 %,"149,154,283.00",-
MANUFACTURE,2024-12-02,6803.06,6821.32,6765.66,6799.69,0.16 %,"246,576,732.70",-
MANUFACTURE,2024-12-01,6829.45,6829.45,6729.57,6788.98,-0.58 %,"204,038,263.80",-
MANUFACTURE,2024-11-28,6888.39,6919.64,6821.42,6828.56,-0.87 %,"185,775,350.90",-
MANUFACTURE,2024-11-27,6844.59,6931.41,6840.28,6888.39,0.64 %,"157,760,575.96",-
MANUFACTURE,2024-11-26,6819.6,6849.78,6778.82,6844.59,1.08 %,"158,676,555.80",-
MANUFACTURE,2024-11-25,6787.29,6852.74,6748.61,6771.34,-0.23 %,"154,328,663.50",-
MANUFACTURE,2024-11-24,6741.26,6847.21,6741.26,6787.28,0.68 %,"153,004,388.50",-
MANUFACTURE,2024-11-21,6847.37,6863.13,6739.31,6741.26,-1.55 %,"190,508,326.70",-
MANUFACTURE,2024-11-20,6849.07,6885.99,6795.75,6847.37,-0.00 %,"137,016,557.90",-
MANUFACTURE,2024-11-19,6968.59,6975.8,6840.08,6847.58,-1.49 %,"229,594,773.20",-
MANUFACTURE,2024-11-17,7017.39,7045.36,6933.7,6950.8,-1.14 %,"312,438,581.30",-
MANUFACTURE,2024-11-14,7066.74,7129.16,7021.87,7030.71,-0.25 %,"193,734,746.10",-
MANUFACTURE,2024-11-13,7138.73,7138.73,7036.92,7048.36,-0.97 %,"184,714,876.60",-
MANUFACTURE,2024-11-12,7141.01,7226.22,7099.59,7117.06,-0.03 %,"277,042,969.10",-
MANUFACTURE,2024-11-11,7141.77,7214.45,7082.5,7119.19,0.01 %,"292,866,885.69",-
MANUFACTURE,2024-11-10,6974.42,7120.29,6951.55,7118.22,2.33 %,"239,266,419.50",-
MANUFACTURE,2024-11-06,6998.44,7029.57,6949.81,6956.29,-0.30 %,"125,671,451.10",-
MANUFACTURE,2024-11-05,6997.92,7058.75,6971.56,6977.09,-0.30 %,"88,380,866.10",-
MANUFACTURE,2024-10-30,7074.92,7108.55,6993.14,6997.92,-0.97 %,"120,864,805.70",-
MANUFACTURE,2024-10-29,7003.41,7073.22,7002.5,7066.12,0.98 %,"135,399,798.60",-
MANUFACTURE,2024-10-28,6904.79,7023.17,6904.78,6997.77,1.35 %,"148,787,535.60",-
MANUFACTURE,2024-10-27,6948.43,6996.01,6896.26,6904.78,-0.92 %,"153,039,751.30",-
MANUFACTURE,2024-10-24,7052.65,7095.62,6961.2,6968.85,-1.26 %,"227,836,629.50",-
MANUFACTURE,2024-10-23,7124.91,7170.79,7056.91,7057.9,-0.39 %,"354,044,775.70",-
MANUFACTURE,2024-10-22,6936.91,7085.39,6936.9,7085.39,2.14 %,"230,620,067.30",-
MANUFACTURE,2024-10-21,7053.94,7079.35,6920.53,6936.9,-1.66 %,"269,989,158.40",-
MANUFACTURE,2024-10-20,7207.1,7209.4,7038.44,7053.93,-2.05 %,"378,496,594.70",-
MANUFACTURE,2024-10-17,7229.73,7325.02,7175.76,7201.85,0.22 %,"396,340,336.70",-
MANUFACTURE,2024-10-16,7131.89,7257.4,7094.63,7186.29,1.37 %,"256,833,635.20",-
MANUFACTURE,2024-10-15,7105.02,7150.19,7062.76,7089.5,-0.22 %,"90,711,372.20",-
MANUFACTURE,2024-10-09,7060.17,7105.15,7003.99,7105.15,1.08 %,"153,810,720.20",-
MANUFACTURE,2024-10-08,7172.36,7172.62,7007.29,7029.22,-1.75 %,"158,276,600.50",-
MANUFACTURE,2024-10-07,7248.69,7304.37,7138.78,7154.72,-1.30 %,"276,152,724.60",-
MANUFACTURE,2024-10-06,7028.93,7253.28,7014.65,7248.69,3.13 %,"348,785,627.50",-
MANUFACTURE,2024-10-02,7170.38,7171.86,6990.92,7028.92,-1.80 %,"378,063,502.50",-
MANUFACTURE,2024-10-01,7049.23,7164.69,7006.27,7157.41,2.19 %,"420,878,288.10",-
MANUFACTURE,2024-09-30,6761.61,7003.83,6761.31,7003.83,3.83 %,"494,300,008.70",-
MANUFACTURE,2024-09-29,6692.46,6857.36,6665.32,6745.16,1.04 %,"255,901,096.60",-
MANUFACTURE,2024-09-26,6663.32,6776.69,6645.07,6675.96,0.00 %,"193,623,033.50",-
MANUFACTURE,2024-09-25,6579.99,6689.22,6546.14,6675.65,1.45 %,"189,350,831.20",-
MANUFACTURE,2024-09-24,6711.72,6759.42,6567.02,6580.43,-1.96 %,"214,233,828.20",-
MANUFACTURE,2024-09-23,6852.3,6891.39,6701.96,6711.71,-1.81 %,"211,723,546.80",-
MANUFACTURE,2024-09-22,6904.41,6985.23,6835.54,6835.7,-0.20 %,"179,852,235.00",-
MANUFACTURE,2024-09-18,6906.01,6944.8,6833.03,6849.32,-0.83 %,"186,596,868.10",-
MANUFACTURE,2024-09-16,7026.65,7042.79,6881.61,6906.46,-1.71 %,"241,691,872.70",-
MANUFACTURE,2024-09-15,7146.55,7235.52,7017.69,7026.64,-1.80 %,"314,855,337.60",-
MANUFACTURE,2024-09-12,7004.54,7157.01,6973.84,7155.34,2.15 %,"307,759,405.40",-
MANUFACTURE,2024-09-11,7077.16,7119.06,6994.58,7004.99,-1.02 %,"225,753,791.70",-
MANUFACTURE,2024-09-10,7126.0,7214.66,7051.84,7077.15,-0.69 %,"281,820,507.40",-
MANUFACTURE,2024-09-09,7216.24,7236.74,7112.11,7126.0,-1.25 %,"330,996,107.70",-
MANUFACTURE,2024-09-08,7179.95,7353.04,7163.6,7216.24,0.51 %,"266,492,427.90",-
MANUFACTURE,2024-09-05,7204.31,7257.15,7127.67,7179.87,-0.34 %,"319,166,302.60",-
MANUFACTURE,2024-09-04,7412.41,7428.62,7184.4,7204.16,-2.56 %,"393,238,390.20",-
MANUFACTURE,2024-09-03,7429.19,7536.46,7351.92,7393.29,-0.15 %,"392,081,902.20",-
MANUFACTURE,2024-09-02,7165.03,7433.73,7150.86,7404.18,3.34 %,"453,155,080.80",-
MANUFACTURE,2024-09-01,7294.39,7375.62,7164.43,7165.03,-1.79 %,"339,800,639.90",-
MANUFACTURE,2024-08-29,7389.24,7400.62,7269.99,7295.83,-0.97 %,"479,502,898.10",-
MANUFACTURE,2024-08-28,7384.29,7554.26,7324.98,7367.1,0.03 %,"514,426,326.80",-
MANUFACTURE,2024-08-27,7577.61,7651.59,7353.74,7364.78,-2.94 %,"715,577,817.80",-
MANUFACTURE,2024-08-25,7741.27,7784.66,7577.03,7587.48,-1.99 %,"701,953,779.60",-
MANUFACTURE,2024-08-22,7811.12,7899.58,7730.87,7741.27,-0.56 %,"761,137,667.90",-
MANUFACTURE,2024-08-21,7845.32,7904.19,7774.74,7784.99,-0.41 %,"690,105,275.50",-
MANUFACTURE,2024-08-18,8075.19,8083.19,7792.99,7817.32,-2.58 %,"1,126,512,302.10",-
MANUFACTURE,2024-08-15,8180.07,8251.96,8000.91,8024.57,-1.73 %,"1,302,033,057.10",-
MANUFACTURE,2024-08-14,8073.59,8236.77,7915.29,8166.14,0.64 %,"1,818,954,021.80",-
MANUFACTURE,2024-08-13,8235.66,8289.74,8060.26,8114.01,-1.40 %,"1,045,194,761.30",-
MANUFACTURE,2024-08-12,8331.57,8362.14,8173.03,8229.32,-1.19 %,"1,852,856,652.40",-
MANUFACTURE,2024-08-11,8238.63,8529.28,8237.27,8328.6,1.74 %,"2,298,641,958.40",-
MANUFACTURE,2024-08-08,7740.28,8293.54,7708.18,8185.95,5.87 %,"2,448,001,896.20",-
MANUFACTURE,2024-08-07,7466.29,7779.59,7409.13,7732.06,3.54 %,"882,194,627.80",-
MANUFACTURE,2024-08-06,7859.16,7873.96,7455.89,7467.99,-4.71 %,"1,059,419,283.80",-
MANUFACTURE,2024-08-05,7878.33,7954.43,7759.95,7837.22,-0.52 %,"955,160,617.80",-
MANUFACTURE,2024-08-01,7981.36,8038.58,7838.07,7877.88,-1.05 %,"1,059,848,953.50",-
MANUFACTURE,2024-07-31,7815.45,8129.91,7815.44,7961.35,1.81 %,"1,137,071,528.40",-
MANUFACTURE,2024-07-30,7825.46,7947.42,7756.66,7819.88,0.35 %,"896,375,450.70",-
MANUFACTURE,2024-07-29,7954.48,8036.3,7787.71,7792.43,-1.74 %,"1,341,328,030.10",-
MANUFACTURE,2024-07-28,7884.69,8146.9,7824.67,7930.42,1.73 %,"813,509,333.40",-
MANUFACTURE,2024-07-25,7717.23,7834.03,7697.67,7795.7,0.87 %,"668,066,941.60",-
MANUFACTURE,2024-07-24,7882.53,8015.94,7671.02,7728.82,-1.24 %,"1,078,238,642.10",-
MANUFACTURE,2024-07-23,7569.66,7836.65,7506.9,7826.05,3.76 %,"781,090,291.40",-
MANUFACTURE,2024-07-22,7383.3,7613.11,7379.02,7542.58,2.17 %,"956,963,936.00",-
MANUFACTURE,2024-07-21,7178.12,7468.59,7178.11,7382.51,2.98 %,"843,366,588.10",-
MANUFACTURE,2024-07-18,7109.25,7240.85,7034.76,7169.14,1.17 %,"632,969,603.30",-
MANUFACTURE,2024-07-17,6882.25,7097.15,6882.25,7085.95,3.02 %,"625,192,468.30",-
MANUFACTURE,2024-07-16,6752.85,6881.15,6681.6,6878.03,2.23 %,"393,976,930.20",-
MANUFACTURE,2024-07-15,6793.49,6816.33,6636.27,6727.7,0.12 %,"396,618,568.40",-
MANUFACTURE,2024-07-14,6613.27,6748.57,6589.75,6719.54,2.66 %,"386,638,171.70",-
MANUFACTURE,2024-07-11,6556.37,6624.67,6539.74,6545.17,0.07 %,"306,917,059.10",-
MANUFACTURE,2024-07-10,6500.87,6560.93,6488.58,6540.41,0.61 %,"208,373,386.70",-
MANUFACTURE,2024-07-09,6564.03,6573.37,6487.27,6500.87,-0.54 %,"111,917,943.40",-
MANUFACTURE,2024-07-08,6546.44,6586.81,6527.28,6536.35,-0.14 %,"130,398,292.90",-
MANUFACTURE,2024-07-07,6470.54,6560.76,6456.51,6545.82,1.16 %,"235,018,127.20",-
MANUFACTURE,2024-07-04,6458.64,6536.65,6439.51,6470.54,-0.15 %,"190,331,359.50",-
MANUFACTURE,2024-07-03,6549.72,6561.53,6417.65,6480.29,-1.07 %,"133,832,081.50",-
MANUFACTURE,2024-07-02,6414.36,6692.33,6414.35,6550.5,3.31 %,"236,510,013.70",-
MANUFACTURE,2024-07-01,6354.33,6392.94,6306.53,6340.69,-0.21 %,"105,443,776.60",-
MANUFACTURE,2024-06-30,6352.33,6390.64,6311.33,6354.32,0.03 %,"145,394,991.30",-
MANUFACTURE,2024-06-27,6427.8,6427.79,6350.73,6352.33,-1.17 %,"153,687,836.20",-
MANUFACTURE,2024-06-26,6473.81,6473.81,6416.32,6427.79,-0.17 %,"119,401,423.90",-
MANUFACTURE,2024-06-25,6421.97,6502.99,6420.2,6438.64,0.39 %,"184,802,610.10",-
MANUFACTURE,2024-06-24,6445.37,6456.87,6403.26,6413.38,-0.22 %,"142,670,561.60",-
MANUFACTURE,2024-06-23,6457.4,6501.62,6414.63,6427.75,-0.46 %,"152,983,900.20",-
MANUFACTURE,2024-06-20,6495.12,6522.78,6435.47,6457.4,-0.16 %,"118,759,642.90",-
MANUFACTURE,2024-06-19,6483.3,6541.43,6458.98,6467.85,-0.43 %,"121,007,264.84",-
MANUFACTURE,2024-06-18,6537.75,6548.02,6486.81,6496.09,-0.53 %,"178,735,971.70",-
MANUFACTURE,2024-06-16,6593.61,6614.65,6522.29,6530.66,-0.95 %,"175,653,843.90",-
MANUFACTURE,2024-06-13,6671.31,6687.05,6580.54,6593.61,-1.04 %,"203,090,579.20",-
MANUFACTURE,2024-06-12,6617.59,6731.62,6617.59,6662.88,0.61 %,"352,359,880.80",-
MANUFACTURE,2024-06-11,6619.73,6651.9,6602.11,6622.62,0.40 %,"181,769,191.30",-
MANUFACTURE,2024-06-10,6592.65,6664.42,6571.79,6596.24,0.12 %,"184,172,731.50",-
MANUFACTURE,2024-06-09,6582.53,6643.13,6540.57,6588.33,0.51 %,"185,122,305.70",-
MANUFACTURE,2024-06-06,6583.98,6668.27,6553.09,6555.21,-0.63 %,"209,188,875.00",-
MANUFACTURE,2024-06-05,6578.26,6659.19,6572.8,6596.77,0.43 %,"198,726,820.59",-
MANUFACTURE,2024-06-04,6494.13,6636.59,6489.59,6568.7,0.80 %,"179,881,494.50",-
MANUFACTURE,2024-06-03,6598.67,6618.51,6499.31,6516.73,-1.06 %,"186,181,525.60",-
MANUFACTURE,2024-06-02,6772.12,6827.46,6578.04,6586.55,-2.41 %,"184,063,559.70",-
MANUFACTURE,2024-05-30,6689.82,6825.11,6689.81,6748.95,1.24 %,"259,095,840.60",-
MANUFACTURE,2024-05-29,6593.84,6713.94,6593.84,6666.37,2.68 %,"450,857,620.20",-
MANUFACTURE,2024-05-27,6441.63,6528.32,6425.33,6492.35,0.79 %,"247,936,684.30",-
MANUFACTURE,2024-05-26,6516.13,6546.32,6440.26,6441.62,-0.87 %,"211,558,406.50",-
MANUFACTURE,2024-05-22,6522.27,6567.57,6481.47,6498.0,-0.16 %,"268,804,774.20",-
MANUFACTURE,2024-05-21,6497.66,6552.88,6490.22,6508.17,0.16 %,"210,354,277.50",-
MANUFACTURE,2024-05-20,6553.52,6609.4,6495.53,6497.65,-0.52 %,"337,085,253.90",-
MANUFACTURE,2024-05-19,6514.73,6559.69,6461.44,6531.71,1.68 %,"303,933,111.20",-
MANUFACTURE,2024-05-16,6452.14,6515.1,6413.39,6423.78,-0.44 %,"184,536,733.20",-
MANUFACTURE,2024-05-15,6364.0,6534.9,6360.37,6452.14,1.40 %,"279,261,434.50",-
MANUFACTURE,2024-05-14,6346.38,6385.29,6331.07,6363.21,0.27 %,"139,363,874.90",-
MANUFACTURE,2024-05-13,6360.56,6376.24,6307.82,6346.37,-0.11 %,"144,260,359.80",-
MANUFACTURE,2024-05-12,6242.42,6410.44,6223.4,6353.23,1.50 %,"273,914,062.10",-
MANUFACTURE,2024-05-09,6267.41,6314.12,6227.33,6259.56,-0.13 %,"196,082,186.20",-
MANUFACTURE,2024-05-08,6321.72,6361.56,6256.39,6267.4,-1.09 %,"168,074,044.90",-
MANUFACTURE,2024-05-07,6392.85,6406.27,6318.79,6336.53,-0.56 %,"134,568,161.10",-
MANUFACTURE,2024-05-06,6404.79,6410.08,6300.75,6372.15,-0.28 %,"192,752,137.90",-
MANUFACTURE,2024-05-05,6522.83,6534.68,6379.41,6390.11,-2.38 %,"250,955,186.60",-
MANUFACTURE,2024-05-02,6562.61,6595.94,6532.04,6545.82,-0.04 %,"176,086,518.90",-
MANUFACTURE,2024-04-30,6547.59,6600.47,6476.35,6548.45,0.36 %,"229,558,158.20",-
MANUFACTURE,2024-04-29,6516.06,6553.57,6503.6,6524.7,-0.07 %,"150,804,749.60",-
MANUFACTURE,2024-04-28,6565.39,6593.27,6521.47,6529.25,0.08 %,"145,601,737.60",-
MANUFACTURE,2024-04-25,6586.7,6600.35,6514.26,6524.15,-0.72 %,"151,296,229.00",-
MANUFACTURE,2024-04-24,6521.92,6597.59,6510.87,6571.15,0.75 %,"119,054,211.40",-
MANUFACTURE,2024-04-22,6611.2,6663.32,6514.0,6521.92,-1.20 %,"181,620,753.80",-
MANUFACTURE,2024-04-21,6493.57,6618.04,6438.56,6601.35,1.96 %,"246,038,691.80",-
MANUFACTURE,2024-04-18,6576.05,6576.04,6461.82,6474.4,-1.55 %,"175,719,386.40",-
MANUFACTURE,2024-04-16,6601.63,6651.85,6574.81,6576.04,-0.58 %,"155,910,772.50",-
MANUFACTURE,2024-04-15,6721.63,6762.79,6609.51,6614.55,-1.59 %,"156,107,374.50",-
MANUFACTURE,2024-04-14,6751.62,6770.24,6677.31,6721.63,-0.44 %,"188,530,325.10",-
MANUFACTURE,2024-04-10,6765.86,6775.93,6653.18,6751.61,0.14 %,"237,394,494.50",-
MANUFACTURE,2024-04-09,6862.0,6878.24,6725.1,6742.28,-1.47 %,"270,822,131.50",-
MANUFACTURE,2024-04-07,6722.92,6863.52,6704.79,6842.81,1.72 %,"297,018,418.10",-
MANUFACTURE,2024-04-04,6824.4,6848.64,6712.17,6727.09,-1.62 %,"480,562,217.20",-
MANUFACTURE,2024-04-03,6959.34,6966.18,6836.26,6837.72,-1.75 %,"340,506,162.00",-
MANUFACTURE,2024-04-02,7008.74,7028.49,6922.49,6959.34,-0.34 %,"244,396,879.40",-
MANUFACTURE,2024-04-01,6964.76,7069.12,6867.85,6982.96,-0.31 %,"705,803,237.20",-
MANUFACTURE,2024-03-31,7241.26,7241.26,6990.27,7004.94,-3.66 %,"554,722,563.50",-
MANUFACTURE,2024-03-28,7128.74,7322.19,7113.18,7270.86,2.41 %,"544,143,947.00",-
MANUFACTURE,2024-03-27,7014.66,7219.34,7014.66,7100.04,0.91 %,"256,198,612.00",-
MANUFACTURE,2024-03-26,6927.86,7157.88,6916.74,7035.97,2.12 %,"273,084,349.00",-
MANUFACTURE,2024-03-25,6787.73,6952.13,6786.51,6890.09,2.19 %,"360,830,183.90",-
MANUFACTURE,2024-03-21,6772.76,6857.81,6737.65,6742.27,-0.07 %,"372,975,157.50",-
MANUFACTURE,2024-03-20,6850.82,6977.36,6746.57,6746.69,-1.45 %,"468,508,561.70",-
MANUFACTURE,2024-03-19,6979.42,7006.84,6840.6,6846.09,-1.38 %,"601,968,747.10",-
MANUFACTURE,2024-03-18,7019.16,7021.51,6926.28,6942.04,-0.82 %,"475,402,062.70",-
MANUFACTURE,2024-03-17,6981.13,7068.91,6974.01,6999.76,0.30 %,"816,738,657.10",-
MANUFACTURE,2024-03-14,7054.52,7070.46,6935.15,6979.06,-1.07 %,"576,142,813.80",-
MANUFACTURE,2024-03-13,7112.91,7155.81,7007.12,7054.51,-0.14 %,"639,035,834.30",-
MANUFACTURE,2024-03-12,6963.85,7075.1,6961.54,7064.56,2.35 %,"828,558,023.80",-
MANUFACTURE,2024-03-10,6836.91,6916.94,6836.91,6902.47,0.92 %,"520,172,446.60",-
MANUFACTURE,2024-03-07,6850.4,6888.66,6659.83,6839.79,0.16 %,"401,897,566.80",-
MANUFACTURE,2024-03-06,6780.69,6928.54,6689.72,6828.71,0.80 %,"811,018,453.70",-
MANUFACTURE,2024-03-05,7103.0,7112.11,6758.05,6774.28,-4.20 %,"926,932,825.00",-
MANUFACTURE,2024-03-04,6791.11,7071.61,6791.11,7071.61,5.15 %,"84,743,432.50",-
MANUFACTURE,2024-03-03,6680.91,6891.51,6455.15,6725.03,0.66 %,"378,793,968.60",-
MANUFACTURE,2024-02-29,6711.92,6829.93,6680.9,6680.9,-0.46 %,"281,680,907.90",-
MANUFACTURE,2024-02-28,6427.6,6775.47,6404.72,6711.91,4.97 %,"365,249,005.20",-
MANUFACTURE,2024-02-27,6200.26,6404.98,6176.43,6394.34,3.52 %,"330,377,199.70",-
MANUFACTURE,2024-02-26,6025.22,6203.08,6003.49,6176.85,2.52 %,"227,383,345.00",-
MANUFACTURE,2024-02-25,5977.15,6076.86,5951.85,6025.22,0.80 %,"152,521,402.90",-
MANUFACTURE,2024-02-22,5918.27,6019.95,5894.0,5977.14,1.14 %,"171,699,634.30",-
MANUFACTURE,2024-02-21,5772.37,5914.24,5738.89,5909.59,2.85 %,"123,015,246.80",-
MANUFACTURE,2024-02-20,5697.74,5746.69,5671.1,5745.97,0.72 %,"146,296,561.60",-
MANUFACTURE,2024-02-18,5744.16,5744.15,5646.05,5705.07,-0.68 %,"180,174,433.30",-
MANUFACTURE,2024-02-15,5735.03,5821.74,5716.79,5744.15,0.16 %,"162,995,906.80",-
MANUFACTURE,2024-02-14,5723.25,5735.02,5657.54,5735.02,0.10 %,"205,867,187.60",-
MANUFACTURE,2024-02-13,5806.27,5810.63,5675.34,5729.08,-1.03 %,"298,598,903.50",-
MANUFACTURE,2024-02-12,5627.5,5811.4,5618.1,5788.93,2.22 %,"240,074,496.10",-
MANUFACTURE,2024-02-11,5814.85,5828.28,5660.79,5663.0,-2.88 %,"235,099,406.50",-
MANUFACTURE,2024-02-08,5815.36,5834.35,5764.31,5831.0,0.27 %,"144,068,355.90",-
MANUFACTURE,2024-02-07,5823.73,5871.22,5786.84,5815.36,-0.14 %,"147,738,165.70",-
MANUFACTURE,2024-02-06,5736.72,5841.82,5730.73,5823.72,1.08 %,"140,050,000.40",-
MANUFACTURE,2024-02-05,5771.74,5819.17,5740.45,5761.27,-0.11 %,"136,310,166.00",-
MANUFACTURE,2024-02-04,5777.33,5840.23,5740.71,5767.6,-0.17 %,"192,593,202.00",-
MANUFACTURE,2024-02-01,5870.83,5881.8,5759.94,5777.33,-1.33 %,"214,973,770.50",-
MANUFACTURE,2024-01-31,5857.07,5884.96,5791.28,5855.33,0.14 %,"212,320,593.80",-
MANUFACTURE,2024-01-30,5824.84,5875.43,5805.09,5846.94,0.67 %,"253,749,036.00",-
MANUFACTURE,2024-01-29,5780.99,5862.61,5780.99,5807.95,0.47 %,"253,679,686.70",-
MANUFACTURE,2024-01-28,5809.54,5835.13,5764.12,5780.99,-0.49 %,"204,619,702.80",-
MANUFACTURE,2024-01-25,5805.64,5871.42,5785.42,5809.53,-0.10 %,"188,321,901.20",-
MANUFACTURE,2024-01-24,5827.9,5925.54,5802.55,5815.13,-0.22 %,"183,187,817.30",-
MANUFACTURE,2024-01-23,5832.3,5908.05,5793.29,5827.89,-0.23 %,"248,847,766.60",-
MANUFACTURE,2024-01-22,5910.3,5938.12,5841.17,5841.59,-1.32 %,"278,328,246.40",-
MANUFACTURE,2024-01-21,5996.69,6067.98,5892.57,5919.59,-1.28 %,"401,210,519.80",-
MANUFACTURE,2024-01-18,6063.51,6066.45,5964.85,5996.48,-1.28 %,"491,198,538.50",-
MANUFACTURE,2024-01-17,6213.8,6241.99,6071.51,6074.46,-1.95 %,"556,292,489.70",-
MANUFACTURE,2024-01-16,6050.08,6276.47,6043.88,6194.96,2.50 %,"612,585,801.10",-
MANUFACTURE,2024-01-14,5981.92,6043.88,5981.91,6043.88,1.04 %,"437,575,752.30",-
MANUFACTURE,2024-01-11,5981.95,6045.51,5953.22,5981.91,-0.45 %,"311,272,883.70",-
MANUFACTURE,2024-01-10,5951.48,6021.91,5922.0,6008.78,1.12 %,"565,827,238.20",-
MANUFACTURE,2024-01-09,5941.6,6006.48,5911.76,5942.18,-0.04 %,"398,719,736.20",-
MANUFACTURE,2024-01-08,5908.04,5999.5,5892.47,5944.66,0.57 %,"421,840,832.70",-
MANUFACTURE,2024-01-07,6019.65,6067.53,5909.34,5911.11,-1.64 %,"484,390,082.80",-
MANUFACTURE,2024-01-04,6074.17,6173.64,6008.34,6009.38,-0.63 %,"666,500,780.40",-
MANUFACTURE,2024-01-03,5923.7,6048.55,5909.86,6047.36,2.09 %,"608,639,255.10",-
MANUFACTURE,2024-01-02,5989.02,6013.35,5916.37,5923.69,-1.27 %,"406,203,571.00",-
MANUFACTURE,2024-01-01,6007.92,6093.52,5994.23,5999.76,1.08 %,"574,354,584.10",-
MANUFACTURE,2023-12-28,5887.31,5976.18,5861.46,5935.83,1.34 %,"517,816,800.90",-
MANUFACTURE,2023-12-27,5979.65,6027.68,5658.06,5857.11,-1.88 %,"629,723,262.30",-
MANUFACTURE,2023-12-24,6154.61,6194.01,5950.77,5969.05,-2.76 %,"970,301,744.40",-
MANUFACTURE,2023-12-21,6038.15,6257.29,5966.45,6138.43,2.37 %,"926,229,488.00",-
MANUFACTURE,2023-12-20,5620.3,6041.64,5620.3,5996.42,7.15 %,"835,359,462.90",-
MANUFACTURE,2023-12-19,5338.25,5625.43,5338.25,5596.04,4.75 %,"752,680,474.30",-
MANUFACTURE,2023-12-18,5203.73,5364.78,5203.73,5342.38,2.82 %,"573,783,223.40",-
MANUFACTURE,2023-12-17,5126.34,5212.79,5065.9,5195.88,0.97 %,"395,421,857.70",-
MANUFACTURE,2023-12-14,5105.35,5166.45,5088.3,5146.05,0.56 %,"323,387,165.20",-
MANUFACTURE,2023-12-13,5081.32,5246.71,5081.32,5117.62,0.81 %,"396,028,437.00",-
MANUFACTURE,2023-12-12,4951.49,5113.11,4949.81,5075.08,2.50 %,"450,616,752.40",-
MANUFACTURE,2023-12-11,4985.74,5019.55,4915.4,4951.48,0.27 %,"532,944,226.70",-
MANUFACTURE,2023-12-10,4742.4,4939.52,4742.4,4938.05,4.81 %,"63,725,191.60",-
MANUFACTURE,2023-12-07,4679.83,4770.49,4658.37,4711.64,0.68 %,"187,678,504.90",-
MANUFACTURE,2023-12-06,4693.64,4756.99,4668.12,4679.83,-0.71 %,"88,047,137.40",-
MANUFACTURE,2023-12-05,4846.12,4879.49,4696.91,4713.08,-2.57 %,"141,662,619.50",-
MANUFACTURE,2023-12-04,4816.46,4875.4,4790.26,4837.64,-0.35 %,"212,119,878.20",-
MANUFACTURE,2023-12-03,4858.63,4908.01,4823.82,4854.64,-0.23 %,"141,975,114.20",-
MANUFACTURE,2023-11-30,4891.88,4944.11,4839.67,4865.83,-0.78 %,"162,274,396.20",-
MANUFACTURE,2023-11-29,5010.63,5043.93,4883.95,4903.87,-2.13 %,"149,438,746.10",-
MANUFACTURE,2023-11-28,4966.07,5039.19,4966.06,5010.83,0.67 %,"157,252,221.40",-
MANUFACTURE,2023-11-27,5014.7,5106.05,4943.98,4977.54,-0.81 %,"232,030,857.80",-
MANUFACTURE,2023-11-26,4839.0,5035.67,4839.0,5018.1,3.17 %,"235,577,650.50",-
MANUFACTURE,2023-11-23,4820.12,4884.32,4800.81,4864.13,0.91 %,"169,148,319.60",-
MANUFACTURE,2023-11-22,4732.89,4827.2,4724.37,4820.11,1.84 %,"176,382,724.50",-
MANUFACTURE,2023-11-21,4880.49,4880.48,4707.14,4732.89,-3.12 %,"182,034,232.60",-
MANUFACTURE,2023-11-20,4927.11,5064.85,4866.83,4885.54,-1.91 %,"183,400,344.20",-
MANUFACTURE,2023-11-09,4982.71,5046.19,4978.58,4980.86,-0.26 %,"122,003,925.90",-
MANUFACTURE,2023-11-08,4937.18,5022.95,4917.8,4993.65,1.17 %,"112,787,216.80",-
MANUFACTURE,2023-11-07,4889.07,4966.1,4888.97,4936.14,0.96 %,"107,390,143.40",-
MANUFACTURE,2023-11-06,4817.6,4917.18,4813.55,4889.07,1.38 %,"105,084,788.10",-
MANUFACTURE,2023-11-05,4887.15,4887.15,4812.77,4822.45,-1.32 %,"87,033,358.90",-
MANUFACTURE,2023-11-02,4878.72,4914.77,4871.24,4887.15,0.08 %,"77,106,922.20",-
MANUFACTURE,2023-11-01,4932.02,4939.64,4881.73,4883.47,-0.98 %,"176,756,253.50",-
MANUFACTURE,2023-10-31,4957.37,4957.37,4910.09,4932.02,-0.63 %,"40,651,531.90",-
MANUFACTURE,2023-10-30,4997.08,5008.5,4935.84,4963.15,-0.81 %,"34,466,890.10",-
MANUFACTURE,2023-10-29,5057.47,5071.46,4990.63,5003.58,-1.15 %,"60,488,278.90",-
MANUFACTURE,2023-10-19,5062.04,5105.5,5051.73,5061.74,-0.01 %,"49,942,232.30",-
MANUFACTURE,2023-10-18,4992.94,5087.75,4992.94,5062.03,1.38 %,"55,999,651.70",-
MANUFACTURE,2023-10-17,4982.18,5077.75,4982.17,4992.94,0.22 %,"58,520,825.50",-
MANUFACTURE,2023-10-16,5011.18,5115.37,4967.93,4982.17,-0.58 %,"84,237,621.10",-
MANUFACTURE,2023-10-12,5044.49,5101.1,5002.58,5011.18,-0.66 %,"88,670,101.00",-
MANUFACTURE,2023-10-11,5051.48,5105.15,5039.63,5044.48,-0.14 %,"66,518,050.30",-
MANUFACTURE,2023-10-10,5057.96,5094.7,5042.44,5051.47,-0.13 %,"57,749,067.70",-
MANUFACTURE,2023-10-09,5054.49,5124.41,5046.21,5057.96,0.07 %,"64,178,569.10",-
MANUFACTURE,2023-10-08,5107.56,5118.62,5041.26,5054.49,-1.10 %,"141,653,351.30",-
MANUFACTURE,2023-10-05,5159.11,5172.81,5109.93,5110.87,-0.94 %,"67,369,420.20",-
MANUFACTURE,2023-10-04,5155.66,5182.37,5144.98,5159.11,0.32 %,"76,011,240.60",-
MANUFACTURE,2023-10-03,5180.34,5196.1,5131.19,5142.67,-0.73 %,"76,687,812.40",-
MANUFACTURE,2023-10-02,5185.07,5223.31,5171.92,5180.34,-0.09 %,"86,792,884.80",-
MANUFACTURE,2023-10-01,5243.71,5262.61,5179.08,5185.07,-1.33 %,"98,351,744.10",-
MANUFACTURE,2023-09-27,5281.37,5298.44,5236.62,5254.77,-0.50 %,"101,603,972.70",-
MANUFACTURE,2023-09-26,5265.3,5338.6,5265.29,5281.36,0.38 %,"121,118,797.10",-
MANUFACTURE,2023-09-25,5284.33,5316.36,5252.92,5261.3,-0.44 %,"71,440,770.80",-
MANUFACTURE,2023-09-24,5331.72,5393.64,5271.94,5284.32,-1.14 %,"161,054,845.70",-
MANUFACTURE,2023-09-21,5198.33,5398.7,5198.33,5345.42,2.83 %,"219,041,771.90",-
MANUFACTURE,2023-09-19,5159.65,5208.15,5148.52,5198.33,0.75 %,"51,449,298.30",-
MANUFACTURE,2023-09-18,5139.82,5173.07,5115.56,5159.65,0.39 %,"53,113,038.80",-
MANUFACTURE,2023-09-17,5247.16,5247.16,5124.66,5139.81,-1.61 %,"128,759,924.90",-
MANUFACTURE,2023-09-13,5121.08,5234.02,5121.07,5223.82,2.01 %,"104,596,184.00",-
MANUFACTURE,2023-09-12,5177.09,5230.33,5111.26,5121.07,-1.08 %,"105,737,224.90",-
MANUFACTURE,2023-09-11,5063.3,5207.4,5049.84,5177.09,2.25 %,"108,375,040.90",-
MANUFACTURE,2023-09-10,5054.51,5108.5,5050.1,5063.29,0.17 %,"94,202,202.50",-
MANUFACTURE,2023-09-07,5143.53,5163.65,5047.84,5054.51,-1.73 %,"88,771,927.90",-
MANUFACTURE,2023-09-05,5119.67,5169.31,5112.68,5143.53,0.38 %,"61,331,777.80",-
MANUFACTURE,2023-09-04,5117.25,5182.76,5106.58,5123.81,0.13 %,"87,537,108.40",-
MANUFACTURE,2023-09-03,5166.32,5210.94,5108.23,5117.25,-0.95 %,"90,642,207.90",-
MANUFACTURE,2023-08-30,5216.48,5238.5,5161.73,5166.31,-0.70 %,"92,147,432.20",-
MANUFACTURE,2023-08-29,5241.35,5274.33,5200.24,5202.92,-0.60 %,"71,339,152.60",-
MANUFACTURE,2023-08-28,5236.51,5274.41,5224.06,5234.35,-0.04 %,"72,252,730.00",-
MANUFACTURE,2023-08-27,5259.94,5282.54,5201.21,5236.51,-0.72 %,"109,289,937.10",-
MANUFACTURE,2023-08-24,5347.61,5370.69,5247.53,5274.35,-1.19 %,"157,861,634.80",-
MANUFACTURE,2023-08-23,5283.55,5366.14,5283.54,5340.47,0.81 %,"146,207,504.30",-
MANUFACTURE,2023-08-22,5210.76,5312.42,5210.75,5297.67,1.61 %,"106,085,946.70",-
MANUFACTURE,2023-08-21,5271.96,5287.52,5185.15,5213.75,-1.10 %,"185,569,009.20",-
MANUFACTURE,2023-08-20,5350.51,5390.96,5269.74,5271.95,-1.65 %,"123,340,255.40",-
MANUFACTURE,2023-08-17,5341.32,5423.32,5341.32,5360.5,0.05 %,"133,325,998.70",-
MANUFACTURE,2023-08-16,5426.97,5440.65,5331.64,5358.07,-1.58 %,"206,831,968.60",-
MANUFACTURE,2023-08-15,5639.15,5639.14,5423.66,5444.19,-4.27 %,"424,044,899.70",-
MANUFACTURE,2023-08-14,5636.87,5766.5,5636.86,5686.9,0.66 %,"178,366,633.90",-
MANUFACTURE,2023-08-13,5660.06,5773.08,5636.78,5649.7,-0.18 %,"100,397,585.80",-
MANUFACTURE,2023-08-10,5670.0,5730.26,5647.55,5660.05,0.59 %,"135,414,892.60",-
MANUFACTURE,2023-08-09,5540.76,5640.75,5516.3,5626.63,1.55 %,"131,489,079.70",-
MANUFACTURE,2023-08-08,5614.37,5694.59,5532.37,5540.75,-1.31 %,"116,132,964.30",-
MANUFACTURE,2023-08-07,5610.22,5717.62,5597.76,5614.37,0.07 %,"108,029,596.00",-
MANUFACTURE,2023-08-06,5694.24,5747.64,5586.46,5610.21,-1.48 %,"148,856,863.50",-
MANUFACTURE,2023-08-03,5699.77,5772.56,5652.48,5694.23,0.28 %,"145,541,518.90",-
MANUFACTURE,2023-08-02,5660.34,5700.36,5610.48,5678.18,0.32 %,"135,422,738.00",-
MANUFACTURE,2023-08-01,5737.12,5810.5,5658.34,5660.34,-1.34 %,"113,448,921.80",-
MANUFACTURE,2023-07-31,5711.36,5782.37,5705.72,5737.12,0.45 %,"117,560,143.80",-
MANUFACTURE,2023-07-30,5744.16,5808.52,5670.93,5711.36,-0.57 %,"216,180,850.60",-
MANUFACTURE,2023-07-27,5857.62,5919.26,5739.7,5744.15,-1.94 %,"166,187,965.00",-
MANUFACTURE,2023-07-26,5906.97,5967.31,5825.19,5857.61,-0.84 %,"179,312,013.80",-
MANUFACTURE,2023-07-25,5897.46,6024.71,5897.46,5906.96,-0.23 %,"180,420,322.40",-
MANUFACTURE,2023-07-24,6034.37,6083.9,5920.31,5920.31,-1.89 %,"244,108,718.40",-
MANUFACTURE,2023-07-23,5951.47,6064.57,5918.27,6034.55,1.55 %,"286,745,023.40",-
MANUFACTURE,2023-07-20,5860.37,5995.39,5860.37,5942.4,1.40 %,"235,104,830.50",-
MANUFACTURE,2023-07-19,5821.73,5993.46,5807.58,5860.37,1.14 %,"226,387,455.50",-
MANUFACTURE,2023-07-18,5739.79,5803.58,5696.24,5794.17,1.36 %,"265,185,179.60",-
MANUFACTURE,2023-07-17,5637.51,5728.54,5604.31,5716.21,1.40 %,"201,667,605.40",-
MANUFACTURE,2023-07-16,5612.77,5664.98,5611.51,5637.51,0.44 %,"230,278,130.90",-
MANUFACTURE,2023-07-13,5667.61,5708.27,5591.65,5612.77,-0.65 %,"310,142,998.40",-
MANUFACTURE,2023-07-12,5589.99,5697.23,5576.39,5649.47,1.06 %,"414,990,522.00",-
MANUFACTURE,2023-07-11,5571.6,5608.55,5512.5,5589.99,0.33 %,"188,455,465.90",-
MANUFACTURE,2023-07-10,5521.84,5629.53,5507.76,5571.6,0.97 %,"240,284,407.90",-
MANUFACTURE,2023-07-09,5442.97,5518.22,5413.62,5518.21,1.79 %,"233,894,555.70",-
MANUFACTURE,2023-07-06,5389.61,5467.96,5298.22,5421.39,0.59 %,"260,603,645.20",-
MANUFACTURE,2023-07-05,5495.41,5495.41,5386.98,5389.61,-1.93 %,"244,293,562.90",-
MANUFACTURE,2023-07-04,5477.1,5521.16,5451.12,5495.4,0.73 %,"181,284,435.30",-
MANUFACTURE,2023-07-03,5495.96,5565.07,5443.46,5455.33,-1.13 %,"267,756,496.20",-
MANUFACTURE,2023-07-02,5647.03,5695.16,5489.11,5517.9,-2.29 %,"423,626,934.40",-
MANUFACTURE,2023-06-28,5735.37,5773.61,5642.76,5647.02,-1.54 %,"414,373,266.70",-
MANUFACTURE,2023-06-27,5750.8,5810.39,5729.73,5735.36,-0.17 %,"357,645,997.60",-
MANUFACTURE,2023-06-26,5786.89,5885.04,5740.79,5745.35,0.50 %,"660,450,808.80",-
MANUFACTURE,2023-06-25,5526.91,5747.84,5477.2,5716.87,4.33 %,"747,219,151.20",-
MANUFACTURE,2023-06-22,5547.95,5625.45,5457.3,5479.83,-0.42 %,"308,812,807.40",-
MANUFACTURE,2023-06-21,5507.27,5608.65,5467.65,5502.87,0.27 %,"414,183,343.80",-
MANUFACTURE,2023-06-20,5471.97,5619.44,5450.2,5487.86,0.17 %,"335,970,782.40",-
MANUFACTURE,2023-06-19,5511.09,5558.95,5399.05,5478.31,-0.95 %,"430,760,659.10",-
MANUFACTURE,2023-06-18,5387.76,5536.48,5351.71,5530.85,2.64 %,"515,359,613.40",-
MANUFACTURE,2023-06-15,5380.71,5487.28,5276.84,5388.84,0.15 %,"282,057,420.50",-
MANUFACTURE,2023-06-14,5364.69,5567.85,5300.84,5380.53,0.64 %,"536,298,784.30",-
MANUFACTURE,2023-06-13,5124.8,5477.0,5148.18,5346.37,4.32 %,"469,748,622.70",-
MANUFACTURE,2023-06-12,5056.77,5188.34,5031.83,5124.8,2.05 %,"179,021,810.40",-
MANUFACTURE,2023-06-11,4850.69,5055.98,4845.39,5021.81,3.53 %,"200,130,741.60",-
MANUFACTURE,2023-06-08,4888.79,4923.81,4846.87,4850.68,-0.78 %,"116,721,250.60",-
MANUFACTURE,2023-06-07,4861.67,4940.12,4861.67,4888.78,0.56 %,"120,665,409.70",-
MANUFACTURE,2023-06-06,4813.35,4894.64,4776.11,4861.67,1.00 %,"123,409,261.90",-
MANUFACTURE,2023-06-05,4934.65,4994.97,4806.99,4813.34,-2.46 %,"242,369,134.90",-
MANUFACTURE,2023-06-04,4776.81,4934.83,4776.81,4934.64,3.30 %,"194,184,758.20",-
MANUFACTURE,2023-06-01,4721.45,4796.7,4708.74,4776.8,1.17 %,"143,229,757.60",-
MANUFACTURE,2023-05-31,4894.41,4894.41,4706.37,4721.45,-3.53 %,"164,698,463.20",-
MANUFACTURE,2023-05-30,4977.85,4981.48,4782.43,4894.4,-1.55 %,"275,863,790.40",-
MANUFACTURE,2023-05-28,4929.18,5098.2,4825.95,4971.58,1.01 %,"300,829,314.00",-
MANUFACTURE,2023-05-24,4701.27,4939.1,4681.06,4921.92,4.69 %,"230,818,039.90",-
MANUFACTURE,2023-05-23,4518.26,4709.58,4518.26,4701.26,4.05 %,"218,674,900.60",-
MANUFACTURE,2023-05-22,4406.89,4519.37,4406.89,4518.26,2.53 %,"111,505,976.70",-
MANUFACTURE,2023-05-21,4434.49,4487.98,4403.18,4406.89,-0.62 %,"100,152,045.50",-
MANUFACTURE,2023-05-18,4377.92,4448.54,4358.71,4434.49,0.96 %,"96,946,262.40",-
MANUFACTURE,2023-05-17,4354.61,4393.9,4333.74,4392.42,0.87 %,"70,593,262.20",-
MANUFACTURE,2023-05-16,4349.36,4382.27,4336.84,4354.61,0.12 %,"49,118,295.00",-
MANUFACTURE,2023-05-15,4326.66,4349.36,4294.15,4349.35,0.52 %,"48,879,369.40",-
MANUFACTURE,2023-05-14,4393.72,4414.32,4298.9,4326.65,-1.58 %,"88,240,365.20",-
MANUFACTURE,2023-05-11,4395.97,4408.33,4379.59,4395.9,-0.00 %,"36,016,598.30",-
MANUFACTURE,2023-05-10,4384.45,4404.14,4344.76,4395.96,0.60 %,"48,000,161.50",-
MANUFACTURE,2023-05-09,4311.34,4375.48,4306.34,4369.93,1.36 %,"65,795,275.90",-
MANUFACTURE,2023-05-08,4341.54,4376.84,4298.82,4311.34,-0.70 %,"65,555,617.60",-
MANUFACTURE,2023-05-07,4347.95,4358.13,4324.04,4341.54,-0.15 %,"47,467,122.30",-
MANUFACTURE,2023-05-04,4321.72,4369.2,4321.72,4347.95,0.61 %,"39,702,564.80",-
MANUFACTURE,2023-05-03,4321.16,4368.46,4293.34,4321.71,0.01 %,"61,791,960.30",-
MANUFACTURE,2023-05-02,4311.29,4348.19,4293.79,4321.15,0.23 %,"50,348,810.00",-
MANUFACTURE,2023-04-30,4352.51,4367.61,4301.37,4311.28,-0.95 %,"64,148,398.10",-
MANUFACTURE,2023-04-27,4408.93,4417.45,4341.86,4352.51,-1.28 %,"55,001,564.80",-
MANUFACTURE,2023-04-26,4443.65,4521.78,4408.93,4408.93,-0.78 %,"97,510,161.30",-
MANUFACTURE,2023-04-25,4365.02,4456.57,4356.0,4443.65,1.80 %,"94,557,704.80",-
MANUFACTURE,2023-04-24,4339.04,4389.79,4306.27,4365.02,0.60 %,"53,883,829.30",-
MANUFACTURE,2023-04-23,4353.43,4374.15,4321.66,4339.04,-0.33 %,"50,375,875.60",-
MANUFACTURE,2023-04-20,4397.85,4421.2,4333.02,4353.43,-1.01 %,"52,963,388.80",-
MANUFACTURE,2023-04-19,4382.71,4432.37,4361.6,4397.85,0.35 %,"53,284,270.20",-
MANUFACTURE,2023-04-18,4432.32,4438.33,4372.18,4382.71,-1.12 %,"65,261,330.70",-
MANUFACTURE,2023-04-17,4501.35,4501.35,4424.5,4432.32,-1.31 %,"74,439,694.60",-
MANUFACTURE,2023-04-16,4516.55,4556.66,4479.89,4491.34,-0.56 %,"61,731,231.40",-
MANUFACTURE,2023-04-13,4665.1,4731.1,4516.55,4516.55,-2.33 %,"150,758,292.50",-
MANUFACTURE,2023-04-12,4405.93,4625.04,4405.93,4624.13,4.95 %,"180,880,621.70",-
MANUFACTURE,2023-04-11,4266.02,4419.92,4266.02,4405.93,3.28 %,"113,470,786.60",-
MANUFACTURE,2023-04-10,4249.87,4299.44,4249.87,4266.02,0.38 %,"103,174,417.00",-
MANUFACTURE,2023-04-09,4299.68,4309.83,4249.87,4249.87,-1.16 %,"99,189,018.70",-
MANUFACTURE,2023-04-06,4319.06,4360.44,4295.87,4299.68,-0.45 %,"76,652,201.10",-
MANUFACTURE,2023-04-05,4323.34,4334.29,4287.03,4319.06,-0.10 %,"84,028,261.70",-
MANUFACTURE,2023-04-04,4324.06,4346.91,4276.2,4323.34,-0.02 %,"69,528,793.60",-
MANUFACTURE,2023-04-03,4369.46,4416.22,4320.24,4324.06,-1.04 %,"43,425,685.40",-
MANUFACTURE,2023-04-02,4405.18,4486.41,4355.21,4369.46,-0.81 %,"74,202,361.20",-
MANUFACTURE,2023-03-30,4478.19,4490.71,4403.63,4405.18,-0.79 %,"85,937,548.00",-
MANUFACTURE,2023-03-29,4444.06,4474.0,4396.04,4440.13,-0.09 %,"53,937,944.00",-
MANUFACTURE,2023-03-28,4362.88,4478.93,4362.88,4444.06,1.86 %,"110,791,182.20",-
MANUFACTURE,2023-03-27,4262.9,4368.07,4236.06,4362.88,2.35 %,"101,466,580.20",-
MANUFACTURE,2023-03-26,4350.2,4350.2,4240.12,4262.9,-2.01 %,"116,126,230.30",-
MANUFACTURE,2023-03-23,4359.58,4398.72,4341.55,4350.2,-0.22 %,"85,487,818.30",-
MANUFACTURE,2023-03-22,4443.24,4482.98,4359.58,4359.58,-1.88 %,"97,550,535.40",-
MANUFACTURE,2023-03-20,4407.77,4445.5,4406.82,4443.24,0.80 %,"79,144,332.90",-
MANUFACTURE,2023-03-19,4456.88,4496.1,4404.96,4407.77,-1.10 %,"105,177,621.40",-
MANUFACTURE,2023-03-16,4463.25,4485.97,4416.45,4456.88,-0.14 %,"65,088,044.00",-
MANUFACTURE,2023-03-15,4495.68,4531.97,4433.77,4463.25,-0.72 %,"82,756,955.30",-
MANUFACTURE,2023-03-14,4519.05,4560.39,4477.54,4495.68,-0.52 %,"62,211,299.10",-
MANUFACTURE,2023-03-13,4563.17,4577.3,4507.08,4519.05,-0.97 %,"99,985,598.20",-
MANUFACTURE,2023-03-12,4623.08,4650.62,4548.33,4563.17,-0.39 %,"144,155,055.80",-
MANUFACTURE,2023-03-09,4553.22,4615.01,4521.27,4581.22,1.53 %,"137,931,647.10",-
MANUFACTURE,2023-03-07,4518.96,4604.82,4493.88,4512.25,-1.06 %,"126,684,476.50",-
MANUFACTURE,2023-03-05,4703.27,4748.54,4544.48,4560.82,-3.03 %,"143,635,824.70",-
MANUFACTURE,2023-03-02,4756.66,4781.14,4664.26,4703.27,-1.48 %,"154,511,050.00",-
MANUFACTURE,2023-03-01,4885.09,4911.72,4770.26,4773.89,-2.28 %,"125,281,130.10",-
MANUFACTURE,2023-02-28,4909.15,4936.75,4876.68,4885.09,-0.49 %,"100,533,199.50",-
MANUFACTURE,2023-02-27,4932.52,4983.82,4806.33,4909.15,0.24 %,"114,903,873.30",-
MANUFACTURE,2023-02-26,4947.37,4956.72,4780.74,4932.52,-0.30 %,"142,722,399.00",-
MANUFACTURE,2023-02-23,5049.67,5049.67,4944.19,4947.37,-2.03 %,"97,165,883.30",-
MANUFACTURE,2023-02-22,4977.78,5049.67,4915.83,5049.67,1.44 %,"163,182,349.40",-
MANUFACTURE,2023-02-20,5092.02,5092.02,4972.77,4977.78,-3.20 %,"245,751,157.20",-
MANUFACTURE,2023-02-16,5243.7,5261.94,5138.13,5142.5,-1.93 %,"85,692,459.60",-
MANUFACTURE,2023-02-15,5177.03,5251.31,5163.01,5243.7,0.93 %,"70,679,026.50",-
MANUFACTURE,2023-02-14,5163.97,5204.55,5151.46,5195.17,0.31 %,"119,204,091.70",-
MANUFACTURE,2023-02-12,5326.5,5326.5,5174.27,5179.0,-4.09 %,"207,353,218.70",-
MANUFACTURE,2023-02-09,5419.96,5419.96,5305.74,5399.72,0.65 %,"72,808,767.40",-
MANUFACTURE,2023-02-08,5481.25,5481.45,5356.43,5364.88,-0.77 %,"129,496,139.60",-
MANUFACTURE,2023-02-07,5231.28,5410.49,5231.28,5406.78,3.35 %,"144,605,962.30",-
MANUFACTURE,2023-02-06,5160.84,5232.18,5160.84,5231.28,1.36 %,"70,098,674.20",-
MANUFACTURE,2023-02-05,5126.39,5219.43,5126.39,5160.84,0.67 %,"79,348,503.40",-
MANUFACTURE,2023-02-02,5138.8,5214.81,5116.05,5126.39,-0.24 %,"81,358,210.75",-
MANUFACTURE,2023-02-01,5110.8,5142.43,5108.08,5138.8,0.55 %,"69,288,591.50",-
MANUFACTURE,2023-01-31,5154.31,5180.11,5100.74,5110.8,-0.84 %,"94,923,007.30",-
MANUFACTURE,2023-01-30,5226.49,5251.87,5150.77,5154.31,-1.38 %,"90,195,012.60",-
MANUFACTURE,2023-01-29,5236.13,5283.34,5176.0,5226.49,-0.25 %,"95,156,588.60",-
MANUFACTURE,2023-01-26,5256.85,5294.21,5235.07,5239.76,-0.33 %,"64,977,460.00",-
MANUFACTURE,2023-01-25,5234.76,5291.34,5201.59,5256.85,0.79 %,"110,478,199.20",-
MANUFACTURE,2023-01-24,5237.41,5237.41,5158.18,5215.9,-0.07 %,"118,218,668.30",-
MANUFACTURE,2023-01-23,5292.49,5328.41,5212.22,5219.64,-1.38 %,"157,666,371.68",-
MANUFACTURE,2023-01-19,5318.66,5358.53,5288.58,5292.49,-0.49 %,"120,395,332.90",-
MANUFACTURE,2023-01-18,5431.44,5431.44,5318.66,5318.66,-0.80 %,"164,947,221.90",-
MANUFACTURE,2023-01-17,5346.22,5411.43,5346.22,5361.69,0.09 %,"161,194,960.70",-
MANUFACTURE,2023-01-12,5500.88,5598.31,5348.16,5357.1,-2.51 %,"356,091,207.30",-
MANUFACTURE,2023-01-10,5550.79,5605.56,5475.44,5495.05,-1.00 %,"313,023,635.10",-
MANUFACTURE,2023-01-09,5620.56,5620.56,5527.01,5550.79,0.09 %,"248,873,457.70",-
MANUFACTURE,2023-01-08,5669.46,5680.27,5504.58,5545.62,-1.15 %,"419,797,122.00",-
MANUFACTURE,2023-01-05,5446.14,5752.99,5446.14,5610.25,3.01 %,"531,992,665.00",-
MANUFACTURE,2023-01-04,5217.16,5447.95,5217.16,5446.14,5.41 %,"201,961,354.60",-
MANUFACTURE,2023-01-03,5250.48,5250.48,5123.57,5166.73,-0.64 %,"540,160,924.00",-
MANUFACTURE,2023-01-02,5237.59,5260.81,5177.7,5200.22,-0.71 %,"205,790,640.00",-
MANUFACTURE,2023-01-01,5255.64,5315.71,5161.85,5237.59,0.60 %,"255,230,023.00",-
MANUFACTURE,2022-12-29,5093.23,5206.19,5076.01,5206.19,2.22 %,"194,749,265.90",-
MANUFACTURE,2022-12-28,5108.68,5128.04,5068.97,5093.23,-0.30 %,"127,843,631.80",-
MANUFACTURE,2022-12-27,5067.61,5178.38,5067.61,5108.68,1.44 %,"231,817,708.60",-
MANUFACTURE,2022-12-26,4896.43,5039.58,4896.43,5036.31,2.86 %,"159,693,453.40",-
MANUFACTURE,2022-12-22,4898.0,4906.39,4873.92,4896.43,-0.03 %,"108,650,626.10",-
MANUFACTURE,2022-12-21,4931.29,4940.61,4891.75,4898.0,-0.68 %,"73,857,873.00",-
MANUFACTURE,2022-12-20,4909.0,4950.51,4901.3,4931.29,0.45 %,"67,840,722.70",-
MANUFACTURE,2022-12-19,4898.62,4956.47,4893.35,4909.0,0.21 %,"75,962,596.60",-
MANUFACTURE,2022-12-18,5003.44,5003.44,4892.36,4898.62,-0.78 %,"84,474,415.30",-
MANUFACTURE,2022-12-15,4983.01,4983.01,4927.02,4937.07,-1.28 %,"129,859,176.80",-
MANUFACTURE,2022-12-14,4988.59,5025.54,4973.51,5001.15,0.25 %,"51,929,721.90",-
MANUFACTURE,2022-12-13,4991.4,5027.81,4952.11,4988.59,-0.06 %,"60,598,512.80",-
MANUFACTURE,2022-12-12,4904.19,4992.52,4904.19,4991.4,1.78 %,"110,580,329.00",-
MANUFACTURE,2022-12-11,4986.56,4999.26,4902.44,4904.19,-1.64 %,"161,298,607.90",-
MANUFACTURE,2022-12-07,5041.69,5080.8,4980.2,4986.2,-1.10 %,"178,725,243.90",-
MANUFACTURE,2022-12-06,5085.96,5086.15,5029.99,5041.69,-0.69 %,"138,374,497.70",-
MANUFACTURE,2022-12-05,5200.18,5200.18,5069.08,5076.71,-2.37 %,"286,501,834.90",-
MANUFACTURE,2022-12-04,5213.58,5239.37,5169.47,5200.18,-0.26 %,"126,339,765.70",-
MANUFACTURE,2022-12-01,5189.89,5214.36,5167.22,5213.58,0.46 %,"108,918,983.00",-
MANUFACTURE,2022-11-30,5208.25,5240.23,5151.5,5189.89,-0.35 %,"85,910,337.50",-
MANUFACTURE,2022-11-29,5209.54,5238.48,5141.6,5208.25,-0.02 %,"152,075,923.30",-
MANUFACTURE,2022-11-28,5334.8,5334.8,5208.29,5209.54,-1.41 %,"229,076,776.10",-
MANUFACTURE,2022-11-27,5218.98,5415.78,5218.98,5283.91,2.21 %,"545,167,045.00",-
MANUFACTURE,2022-11-24,5109.49,5181.15,5105.78,5169.78,1.18 %,"96,299,221.00",-
MANUFACTURE,2022-11-23,5073.3,5110.6,5057.09,5109.49,0.80 %,"178,821,362.30",-
MANUFACTURE,2022-11-22,5108.4,5220.43,5050.0,5068.92,-0.77 %,"174,915,249.70",-
MANUFACTURE,2022-11-17,5005.5,5134.93,5005.5,5108.4,2.06 %,"245,877,741.40",-
MANUFACTURE,2022-11-16,4961.73,5044.31,4961.72,5005.5,0.88 %,"79,943,173.00",-
MANUFACTURE,2022-11-15,5025.78,5063.63,4954.01,4961.72,-1.27 %,"129,692,180.00",-
MANUFACTURE,2022-11-14,4895.03,5078.98,4890.24,5025.77,3.13 %,"200,629,279.00",-
MANUFACTURE,2022-11-13,4906.24,4927.81,4871.02,4873.08,-0.68 %,"127,514,467.50",-
MANUFACTURE,2022-11-10,4970.22,5031.36,4873.84,4906.24,-1.29 %,"136,679,887.40",-
MANUFACTURE,2022-11-09,5106.52,5142.61,4963.76,4970.21,-2.67 %,"117,724,244.20",-
MANUFACTURE,2022-11-08,5143.1,5177.2,5069.77,5106.51,-0.71 %,"118,297,807.50",-
MANUFACTURE,2022-11-07,5206.08,5261.91,5126.49,5143.09,-1.21 %,"177,854,161.10",-
MANUFACTURE,2022-11-06,5014.84,5210.03,5014.84,5206.08,3.81 %,"104,657,670.80",-
MANUFACTURE,2022-11-03,5027.97,5104.73,4981.97,5014.84,-0.26 %,"60,760,853.70",-
MANUFACTURE,2022-11-02,5014.85,5083.49,4981.19,5027.96,0.26 %,"120,216,498.00",-
MANUFACTURE,2022-11-01,4853.17,5029.14,4853.16,5014.84,3.33 %,"84,445,663.20",-
MANUFACTURE,2022-10-31,4822.39,4864.24,4813.44,4853.3,0.00 %,"31,184,340.40",-
MANUFACTURE,2022-10-23,4811.85,4862.46,4800.68,4822.39,0.22 %,"20,361,687.60",-
MANUFACTURE,2022-10-20,4789.98,4838.68,4771.91,4811.84,-0.02 %,"20,819,183.40",-
MANUFACTURE,2022-10-19,4855.04,4865.03,4793.11,4812.65,-0.87 %,"32,645,444.20",-
MANUFACTURE,2022-10-17,4873.05,4885.57,4837.94,4855.04,-0.37 %,"32,773,838.90",-
MANUFACTURE,2022-10-16,4882.26,4895.5,4835.2,4873.05,0.28 %,"67,604,587.20",-
MANUFACTURE,2022-10-13,4785.88,4861.03,4785.88,4859.22,1.53 %,"58,329,246.00",-
MANUFACTURE,2022-10-12,4746.41,4802.61,4730.0,4785.88,0.83 %,"34,543,503.60",-
MANUFACTURE,2022-10-11,4782.44,4800.89,4728.45,4746.4,-0.75 %,"28,614,651.60",-
MANUFACTURE,2022-10-10,4824.03,4879.63,4770.3,4782.44,-0.86 %,"53,316,116.70",-
MANUFACTURE,2022-10-09,4744.55,4827.37,4738.9,4824.03,2.57 %,"41,346,685.80",-
MANUFACTURE,2022-09-29,4645.31,4702.98,4645.3,4702.98,1.24 %,"33,113,264.60",-
MANUFACTURE,2022-09-28,4611.02,4665.99,4611.02,4645.3,0.74 %,"23,807,640.80",-
MANUFACTURE,2022-09-27,4594.34,4650.4,4574.24,4611.02,0.36 %,"34,706,887.40",-
MANUFACTURE,2022-09-25,4678.8,4678.8,4594.34,4594.34,-1.81 %,"41,597,442.10",-
MANUFACTURE,2022-09-22,4711.54,4743.41,4643.45,4678.8,-0.69 %,"49,303,442.00",-
MANUFACTURE,2022-09-21,4656.74,4728.57,4650.84,4711.53,1.18 %,"39,539,541.20",-
MANUFACTURE,2022-09-20,4754.68,4754.67,4646.86,4656.74,-2.06 %,"83,201,676.60",-
MANUFACTURE,2022-09-18,4826.32,4838.71,4754.67,4754.67,-1.48 %,"57,810,944.00",-
MANUFACTURE,2022-09-16,4858.45,4858.45,4763.07,4826.31,-1.14 %,"57,475,936.70",-
MANUFACTURE,2022-09-15,5066.13,5084.89,4871.67,4882.21,-3.16 %,"105,982,878.30",-
MANUFACTURE,2022-09-14,4929.53,5077.18,4929.53,5041.28,2.27 %,"62,898,627.50",-
MANUFACTURE,2022-09-13,4838.89,4942.12,4837.63,4929.53,1.87 %,"46,493,501.60",-
MANUFACTURE,2022-09-12,4852.45,4860.94,4813.19,4838.88,-0.28 %,"45,009,096.00",-
MANUFACTURE,2022-09-11,4858.12,4890.0,4850.63,4852.44,-0.12 %,"27,172,935.00",-
MANUFACTURE,2022-09-08,4871.12,4906.58,4847.25,4858.11,-0.27 %,"44,170,008.00",-
MANUFACTURE,2022-09-07,4875.42,4886.44,4848.8,4871.12,-0.09 %,"35,618,299.60",-
MANUFACTURE,2022-09-06,4898.81,4917.95,4871.79,4875.42,-0.48 %,"48,069,707.20",-
MANUFACTURE,2022-09-05,4921.06,4962.93,4894.48,4898.8,0.04 %,"33,494,295.50",-
MANUFACTURE,2022-09-04,4905.28,4964.88,4896.87,4896.93,-0.17 %,"42,019,229.20",-
MANUFACTURE,2022-09-02,4928.21,4981.83,4895.26,4905.28,-0.47 %,"45,927,864.70",-
MANUFACTURE,2022-09-01,4931.55,4947.98,4893.82,4928.21,-0.07 %,"52,053,588.30",-
MANUFACTURE,2022-08-31,4979.35,4992.78,4921.71,4931.55,-0.96 %,"54,653,479.40",-
MANUFACTURE,2022-08-30,4967.62,5037.2,4967.61,4979.34,0.24 %,"37,472,330.50",-
MANUFACTURE,2022-08-29,4948.59,4987.32,4889.26,4967.61,0.82 %,"78,015,242.20",-
MANUFACTURE,2022-08-28,4990.29,4996.37,4904.65,4927.06,-1.27 %,"137,818,295.40",-
MANUFACTURE,2022-08-26,5044.97,5044.97,4977.79,4990.29,0.00 %,"66,128,033.50",-
MANUFACTURE,2022-08-25,5124.92,5142.32,5044.97,5044.97,0.00 %,"77,862,921.90",-
MANUFACTURE,2022-08-24,5134.37,5196.07,5109.12,5124.92,0.00 %,"84,793,801.10",-
MANUFACTURE,2022-08-23,5105.0,5140.21,5088.67,5134.37,0.00 %,"61,345,899.60",-
MANUFACTURE,2022-08-22,5137.23,5156.0,5087.15,5105.0,0.00 %,"82,408,797.50",-
MANUFACTURE,2022-08-21,5114.45,5190.8,5107.28,5137.22,0.00 %,"100,296,427.00",-
MANUFACTURE,2022-08-18,5061.25,5136.19,5057.8,5114.44,0.00 %,"112,465,250.90",-
MANUFACTURE,2022-08-17,5055.11,5101.39,5031.52,5061.25,0.00 %,"98,031,065.80",-
MANUFACTURE,2022-08-16,5156.84,5232.25,5057.52,5058.73,0.00 %,"152,645,304.10",-
MANUFACTURE,2022-08-15,5107.32,5167.67,4977.84,5156.84,0.00 %,"312,221,064.70",-
MANUFACTURE,2022-08-14,5276.62,5276.61,5127.94,5132.89,0.00 %,"254,175,575.70",-
MANUFACTURE,2022-08-11,5405.81,5447.17,5315.52,5323.62,0.00 %,"157,633,166.30",-
MANUFACTURE,2022-08-10,5405.92,5450.39,5314.12,5405.8,0.00 %,"158,323,946.40",-
MANUFACTURE,2022-08-09,5449.08,5472.83,5365.8,5378.7,0.00 %,"247,824,148.00",-
MANUFACTURE,2022-08-08,5470.65,5584.84,5427.0,5449.08,0.00 %,"327,480,070.00",-
MANUFACTURE,2022-08-07,5440.7,5509.34,5417.82,5443.43,0.00 %,"209,368,816.00",-
MANUFACTURE,2022-08-05,5508.54,5511.98,5425.4,5440.69,0.00 %,"255,887,146.30",-
MANUFACTURE,2022-08-04,5577.95,5616.45,5505.47,5508.53,0.00 %,"388,889,364.50",-
MANUFACTURE,2022-08-03,5593.56,5635.48,5572.72,5580.38,0.00 %,"372,940,582.10",-
MANUFACTURE,2022-08-02,5596.27,5658.04,5530.92,5593.56,0.00 %,"399,458,839.70",-
MANUFACTURE,2022-08-01,5508.85,5647.56,5501.41,5592.64,0.00 %,"549,451,189.90",-
MANUFACTURE,2022-07-31,5381.4,5489.91,5376.15,5479.83,0.00 %,"327,494,638.20",-
MANUFACTURE,2022-07-29,5345.0,5392.94,5315.76,5381.4,0.00 %,"165,543,233.70",-
MANUFACTURE,2022-07-28,5369.72,5444.95,5310.75,5345.0,0.00 %,"278,256,038.60",-
MANUFACTURE,2022-07-27,5350.06,5377.79,5276.4,5369.71,0.00 %,"255,137,291.60",-
MANUFACTURE,2022-07-26,5433.47,5497.57,5332.92,5350.06,0.00 %,"296,197,674.20",-
MANUFACTURE,2022-07-25,5302.61,5469.23,5299.89,5444.22,0.00 %,"278,206,573.80",-
MANUFACTURE,2022-07-24,5244.51,5281.71,5178.2,5274.13,0.00 %,"467,251,658.30",-
MANUFACTURE,2022-07-22,5286.64,5290.44,5170.59,5173.74,0.00 %,"279,126,707.20",-
MANUFACTURE,2022-07-21,5299.9,5365.97,5267.21,5286.63,0.00 %,"239,756,500.70",-
MANUFACTURE,2022-07-20,5236.48,5371.21,5236.48,5311.47,0.00 %,"245,501,897.10",-
MANUFACTURE,2022-07-19,5172.29,5311.89,5172.29,5236.48,0.00 %,"247,538,207.80",-
MANUFACTURE,2022-07-18,5134.58,5194.59,5096.57,5172.29,0.00 %,"135,136,467.40",-
MANUFACTURE,2022-07-17,5100.41,5157.86,5084.76,5134.57,0.00 %,"85,532,830.20",-
MANUFACTURE,2022-07-15,5105.98,5122.25,5060.7,5091.02,0.00 %,"85,753,023.30",-
MANUFACTURE,2022-07-14,5080.71,5190.6,5043.81,5105.97,0.00 %,"155,787,267.60",-
MANUFACTURE,2022-07-13,4926.98,5072.9,4926.98,5068.01,0.00 %,"157,188,089.80",-
MANUFACTURE,2022-07-12,4861.09,4982.65,4850.66,4925.89,0.00 %,"127,042,015.60",-
MANUFACTURE,2022-07-11,5027.61,5027.6,4838.31,4861.09,0.00 %,"185,154,136.80",-
MANUFACTURE,2022-07-08,5176.58,5215.4,5026.54,5027.6,0.00 %,"89,351,717.10",-
MANUFACTURE,2022-07-07,5236.27,5333.69,5136.85,5149.37,0.00 %,"125,671,622.70",-
MANUFACTURE,2022-07-06,5171.86,5238.31,5063.48,5189.08,0.00 %,"171,254,326.90",-
MANUFACTURE,2022-07-05,5317.21,5356.75,5160.38,5171.86,0.00 %,"210,774,124.40",-
MANUFACTURE,2022-07-04,5380.73,5586.84,5256.46,5317.21,0.00 %,"359,183,070.60",-
MANUFACTURE,2022-07-03,5112.18,5381.76,5085.33,5362.58,0.00 %,"159,457,835.80",-
MANUFACTURE,2022-07-01,5143.65,5206.27,5067.68,5112.17,0.00 %,"103,929,071.00",-
MANUFACTURE,2022-06-30,4893.23,5147.33,4893.22,5143.64,0.00 %,"184,597,537.00",-
MANUFACTURE,2022-06-29,4764.61,4971.36,4731.63,4896.36,0.00 %,"89,355,538.10",-
MANUFACTURE,2022-06-28,4813.01,4821.75,4734.03,4764.61,0.00 %,"50,004,184.60",-
MANUFACTURE,2022-06-27,4893.26,5017.98,4810.06,4813.01,0.00 %,"128,159,200.70",-
MANUFACTURE,2022-06-26,4569.79,4886.34,4569.79,4854.32,0.00 %,"148,493,400.10",-
MANUFACTURE,2022-06-24,4540.18,4602.53,4475.22,4569.79,0.00 %,"54,895,364.90",-
MANUFACTURE,2022-06-23,4636.15,4636.15,4498.13,4540.17,0.00 %,"81,342,394.60",-
MANUFACTURE,2022-06-22,4690.14,4690.14,4624.99,4636.15,0.00 %,"30,861,204.60",-
MANUFACTURE,2022-06-21,4598.31,4709.09,4585.72,4690.14,0.00 %,"59,128,778.50",-
MANUFACTURE,2022-06-20,4727.9,4766.89,4584.32,4605.0,0.00 %,"79,052,401.20",-
MANUFACTURE,2022-06-19,4721.9,4745.73,4658.67,4689.71,0.00 %,"36,885,745.00",-
MANUFACTURE,2022-06-17,4730.01,4771.0,4707.62,4721.89,0.00 %,"26,807,337.90",-
MANUFACTURE,2022-06-16,4704.59,4781.1,4665.04,4730.0,0.00 %,"50,276,400.30",-
MANUFACTURE,2022-06-15,4782.28,4784.09,4670.85,4704.59,0.00 %,"85,936,725.20",-
MANUFACTURE,2022-06-14,4849.91,4849.91,4755.76,4782.28,0.00 %,"71,790,559.00",-
MANUFACTURE,2022-06-13,4938.97,4952.16,4847.01,4849.91,0.00 %,"68,689,957.50",-
MANUFACTURE,2022-06-10,5002.28,5002.27,4887.83,4901.4,0.00 %,"50,798,081.20",-
MANUFACTURE,2022-06-09,5044.89,5112.01,5001.3,5011.63,0.00 %,"73,778,293.90",-
MANUFACTURE,2022-06-08,4890.14,5078.42,4849.1,5044.88,0.00 %,"91,224,086.50",-
MANUFACTURE,2022-06-07,5028.03,5065.88,4877.5,4890.14,0.00 %,"70,038,575.40",-
MANUFACTURE,2022-06-06,5006.93,5065.33,4974.42,5033.46,0.00 %,"65,700,427.60",-
MANUFACTURE,2022-06-03,5095.8,5111.44,4982.72,5006.93,0.00 %,"68,583,730.80",-
MANUFACTURE,2022-06-02,5137.16,5207.42,5093.98,5095.79,0.00 %,"55,098,677.30",-
MANUFACTURE,2022-06-01,5170.21,5216.19,5123.13,5137.16,0.00 %,"65,409,483.00",-
MANUFACTURE,2022-05-31,5250.29,5272.73,5140.23,5170.21,0.00 %,"71,454,296.00",-
MANUFACTURE,2022-05-30,5377.89,5420.42,5250.29,5250.29,0.00 %,"72,080,343.20",-
MANUFACTURE,2022-05-27,5415.7,5462.81,5322.5,5377.88,0.00 %,"49,426,509.00",-
MANUFACTURE,2022-05-26,5388.15,5428.84,5372.3,5372.3,0.00 %,"29,146,840.60",-
MANUFACTURE,2022-05-25,5357.66,5422.44,5357.66,5388.15,0.00 %,"33,217,206.10",-
MANUFACTURE,2022-05-24,5296.88,5408.48,5282.03,5357.66,0.00 %,"46,621,231.00",-
MANUFACTURE,2022-05-23,5369.32,5375.76,5282.72,5296.87,0.00 %,"60,378,641.30",-
MANUFACTURE,2022-05-20,5390.46,5419.26,5362.63,5369.32,0.00 %,"44,714,445.90",-
MANUFACTURE,2022-05-19,5434.88,5496.16,5383.77,5390.46,0.00 %,"58,461,265.70",-
MANUFACTURE,2022-05-18,5461.16,5497.65,5386.32,5434.88,0.00 %,"66,659,970.70",-
MANUFACTURE,2022-05-17,5574.34,5574.34,5424.94,5461.15,0.00 %,"70,482,372.70",-
MANUFACTURE,2022-05-12,5494.09,5625.51,5479.15,5574.34,0.00 %,"161,984,377.30",-
MANUFACTURE,2022-05-11,5424.07,5506.21,5390.85,5494.08,0.00 %,"121,025,988.90",-
MANUFACTURE,2022-05-10,5361.1,5443.92,5361.1,5424.06,0.00 %,"70,675,035.30",-
MANUFACTURE,2022-05-09,5333.91,5446.32,5333.9,5361.1,0.00 %,"89,196,351.50",-
MANUFACTURE,2022-05-08,5322.33,5364.89,5259.85,5333.9,0.00 %,"80,476,212.80",-
MANUFACTURE,2022-05-05,5378.6,5387.66,5293.18,5322.33,0.00 %,"83,300,553.90",-
MANUFACTURE,2022-05-04,5424.98,5445.37,5337.95,5378.59,0.00 %,"62,141,917.90",-
MANUFACTURE,2022-05-02,5537.72,5553.11,5405.03,5424.98,-2.04 %,"88,303,988.70",-
MANUFACTURE,2022-04-28,5612.71,5671.62,5517.87,5537.72,0.00 %,"89,906,887.70",-
MANUFACTURE,2022-04-27,5590.38,5635.2,5555.45,5612.71,0.00 %,"58,582,017.60",-
MANUFACTURE,2022-04-26,5573.95,5672.18,5573.94,5590.37,0.00 %,"57,846,448.80",-
MANUFACTURE,2022-04-25,5628.2,5720.18,5560.04,5573.94,0.00 %,"137,969,337.70",-
MANUFACTURE,2022-04-24,5471.73,5661.63,5471.73,5628.19,0.00 %,"205,264,890.20",-
MANUFACTURE,2022-04-21,5458.31,5497.94,5389.14,5471.73,0.00 %,"60,184,636.10",-
MANUFACTURE,2022-04-20,5540.56,5565.49,5441.23,5458.31,0.00 %,"59,233,256.10",-
MANUFACTURE,2022-04-19,5515.94,5587.89,5460.38,5540.55,0.00 %,"63,404,226.00",-
MANUFACTURE,2022-04-18,5609.38,5626.01,5483.79,5515.94,0.00 %,"81,737,990.90",-
MANUFACTURE,2022-04-17,5698.18,5760.17,5609.37,5609.37,0.00 %,"74,778,719.60",-
MANUFACTURE,2022-04-13,5635.19,5717.36,5590.09,5698.17,0.00 %,"130,758,955.50",-
MANUFACTURE,2022-04-12,5734.9,5767.54,5595.65,5635.19,0.00 %,"99,117,747.20",-
MANUFACTURE,2022-04-11,5901.94,5985.34,5733.58,5734.89,0.00 %,"130,692,414.30",-
MANUFACTURE,2022-04-07,5816.03,5907.86,5803.5,5863.84,0.00 %,"114,188,986.40",-
MANUFACTURE,2022-04-06,5839.05,5892.52,5778.6,5816.02,0.00 %,"149,299,846.80",-
MANUFACTURE,2022-04-05,5882.25,5882.25,5779.12,5839.05,0.00 %,"150,393,599.30",-
MANUFACTURE,2022-04-04,5897.6,5962.04,5874.5,5882.25,0.00 %,"62,783,010.10",-
MANUFACTURE,2022-04-03,5947.39,5986.75,5886.57,5897.59,0.00 %,"44,763,721.60",-
MANUFACTURE,2022-03-31,5974.5,6015.68,5927.91,5947.38,0.00 %,"93,530,249.20",-
MANUFACTURE,2022-03-30,5886.79,6001.5,5886.29,5974.5,0.00 %,"109,722,294.00",-
MANUFACTURE,2022-03-29,5901.8,5984.48,5837.65,5886.79,0.00 %,"137,607,637.30",-
MANUFACTURE,2022-03-28,5986.68,6021.13,5901.73,5901.8,0.00 %,"112,057,429.80",-
MANUFACTURE,2022-03-27,6134.28,6218.62,5984.85,5986.67,0.00 %,"187,521,853.70",-
MANUFACTURE,2022-03-24,6218.6,6246.76,6123.46,6134.27,0.00 %,"127,358,163.00",-
MANUFACTURE,2022-03-23,6294.81,6334.09,6192.0,6218.6,0.00 %,"102,016,780.70",-
MANUFACTURE,2022-03-22,6245.18,6345.91,6245.18,6294.8,0.00 %,"150,789,941.20",-
MANUFACTURE,2022-03-21,6210.37,6257.25,6193.88,6245.18,0.00 %,"130,420,409.40",-
MANUFACTURE,2022-03-20,6328.41,6341.6,6196.91,6210.36,0.00 %,"84,760,784.30",-
MANUFACTURE,2022-03-16,6323.58,6369.07,6262.81,6278.95,0.00 %,"117,977,860.20",-
MANUFACTURE,2022-03-15,6427.99,6446.39,6293.3,6323.57,0.00 %,"155,564,156.70",-
MANUFACTURE,2022-03-14,6544.28,6544.28,6399.3,6427.98,0.00 %,"96,841,578.40",-
MANUFACTURE,2022-03-13,6189.32,6460.62,6159.42,6448.99,0.00 %,"488,334,158.20",-
MANUFACTURE,2022-03-10,6013.73,6149.82,5974.05,6140.93,0.00 %,"146,990,846.10",-
MANUFACTURE,2022-03-09,6061.6,6137.12,5993.28,6026.25,0.00 %,"139,091,656.90",-
MANUFACTURE,2022-03-07,5973.97,6094.43,5868.58,6061.59,0.00 %,"346,179,043.70",-
MANUFACTURE,2022-03-06,6068.32,6114.46,5947.24,5973.97,0.00 %,"238,385,010.00",-
MANUFACTURE,2022-03-02,6330.61,6346.88,6089.53,6100.96,0.00 %,"249,124,134.80",-
MANUFACTURE,2022-02-28,6459.95,6549.2,6316.1,6330.61,0.00 %,"232,724,809.30",-
MANUFACTURE,2022-02-27,6531.11,6594.49,6445.53,6459.94,0.00 %,"146,225,000.20",-
MANUFACTURE,2022-02-24,6660.84,6661.46,6504.36,6531.1,0.00 %,"184,863,992.90",-
MANUFACTURE,2022-02-23,6742.96,6794.95,6649.27,6660.84,0.00 %,"128,245,587.30",-
MANUFACTURE,2022-02-22,6761.67,6807.9,6709.93,6742.96,0.00 %,"150,800,606.80",-
MANUFACTURE,2022-02-21,6691.01,6805.05,6648.79,6761.66,0.00 %,"151,488,007.00",-
MANUFACTURE,2022-02-20,6766.72,6821.06,6648.06,6695.39,0.00 %,"209,097,646.70",-
MANUFACTURE,2022-02-17,6858.08,6917.31,6792.92,6858.19,0.00 %,"157,218,665.90",-
MANUFACTURE,2022-02-16,6947.43,6971.21,6837.25,6858.08,0.00 %,"157,876,956.70",-
MANUFACTURE,2022-02-15,6856.33,6965.13,6833.36,6947.43,0.00 %,"248,977,158.30",-
MANUFACTURE,2022-02-14,6945.63,7092.36,6889.71,6910.35,0.00 %,"171,595,776.70",-
MANUFACTURE,2022-02-13,7270.09,7270.09,6935.25,6945.62,0.00 %,"256,175,907.40",-
MANUFACTURE,2022-02-10,7296.89,7345.34,7240.69,7281.34,0.00 %,"140,998,956.90",-
MANUFACTURE,2022-02-09,7350.08,7380.31,7268.01,7282.62,0.00 %,"121,203,507.20",-
MANUFACTURE,2022-02-08,7277.19,7472.47,7277.19,7297.65,0.00 %,"154,057,451.00",-
MANUFACTURE,2022-02-07,7242.33,7313.73,7194.61,7277.19,0.00 %,"62,720,828.10",-
MANUFACTURE,2022-02-06,7302.26,7352.82,7234.9,7242.32,0.00 %,"93,100,665.00",-
MANUFACTURE,2022-02-03,7381.68,7491.92,7302.26,7302.26,0.00 %,"159,477,437.00",-
MANUFACTURE,2022-02-01,7394.76,7429.85,7370.79,7381.67,0.00 %,"93,734,189.50",-
MANUFACTURE,2022-01-31,7506.03,7537.95,7357.06,7394.75,0.00 %,"127,957,193.90",-
MANUFACTURE,2022-01-30,7380.38,7642.69,7380.38,7466.13,0.00 %,"227,895,810.60",-
MANUFACTURE,2022-01-27,7239.66,7408.19,7239.66,7268.38,0.00 %,"138,195,356.00",-
MANUFACTURE,2022-01-26,7294.27,7334.36,7154.14,7239.66,0.00 %,"150,215,849.00",-
MANUFACTURE,2022-01-25,7307.86,7411.85,7210.48,7294.27,0.00 %,"176,685,667.20",-
MANUFACTURE,2022-01-24,7551.86,7553.73,7285.79,7307.86,0.00 %,"282,085,215.60",-
MANUFACTURE,2022-01-23,7535.59,7669.45,7534.45,7551.85,0.00 %,"178,580,735.60",-
MANUFACTURE,2022-01-20,7504.12,7609.15,7463.88,7535.59,0.00 %,"190,419,424.20",-
MANUFACTURE,2022-01-19,7613.71,7678.79,7490.76,7504.11,0.00 %,"229,746,562.60",-
MANUFACTURE,2022-01-18,7859.44,7899.5,7538.24,7613.71,0.00 %,"353,994,131.80",-
MANUFACTURE,2022-01-17,7819.75,7869.67,7629.93,7800.13,0.00 %,"402,166,188.10",-
MANUFACTURE,2022-01-16,7379.35,7706.51,7379.35,7700.81,0.00 %,"492,671,975.40",-
MANUFACTURE,2022-01-13,7163.66,7301.75,7163.66,7290.99,0.00 %,"198,365,034.10",-
MANUFACTURE,2022-01-12,7157.37,7327.69,7132.94,7163.66,0.00 %,"298,146,239.70",-
MANUFACTURE,2022-01-11,7188.6,7243.72,7130.29,7157.37,0.00 %,"225,226,606.10",-
MANUFACTURE,2022-01-10,7236.38,7327.84,7160.17,7188.6,0.00 %,"219,335,520.70",-
MANUFACTURE,2022-01-09,7097.58,7321.58,7097.57,7236.37,0.00 %,"307,628,227.40",-
MANUFACTURE,2022-01-06,7103.55,7155.2,7093.82,7097.57,0.00 %,"179,007,624.00",-
MANUFACTURE,2022-01-05,7207.99,7248.12,7071.5,7103.55,0.00 %,"313,562,979.90",-
MANUFACTURE,2022-01-04,7198.13,7317.28,7155.41,7155.41,0.00 %,"212,130,418.90",-
MANUFACTURE,2022-01-03,7309.72,7332.06,7178.17,7198.12,0.00 %,"468,528,431.00",-
MANUFACTURE,2022-01-02,6903.15,7214.6,6903.14,7200.38,0.00 %,"701,628,216.70",-
MANUFACTURE,2021-12-29,6797.1,6909.28,6741.25,6854.14,0.00 %,"665,656,179.10",-
MANUFACTURE,2021-12-28,6659.15,6808.03,6587.58,6797.09,0.00 %,"353,984,693.30",-
MANUFACTURE,2021-12-27,6827.99,6926.31,6641.43,6659.14,0.00 %,"499,161,874.60",-
MANUFACTURE,2021-12-26,6516.59,6775.75,6456.18,6775.75,0.00 %,"444,267,102.70",-
MANUFACTURE,2021-12-23,6416.05,6539.85,6284.8,6420.42,0.00 %,"470,980,682.85",-
MANUFACTURE,2021-12-22,5949.21,6361.82,5949.21,6355.45,0.00 %,"722,812,790.60",-
MANUFACTURE,2021-12-21,5777.93,5928.43,5777.93,5903.42,0.00 %,"166,745,859.00",-
MANUFACTURE,2021-12-20,5538.52,5803.88,5474.67,5733.32,0.00 %,"214,514,601.60",-
MANUFACTURE,2021-12-16,5623.88,5634.6,5473.08,5538.52,0.00 %,"68,756,943.20",-
MANUFACTURE,2021-12-15,5652.74,5776.94,5515.21,5623.87,0.00 %,"149,291,200.00",-
MANUFACTURE,2021-12-14,5311.37,5616.28,5311.36,5616.1,0.00 %,"55,902,139.50",-
MANUFACTURE,2021-12-13,5443.74,5521.09,5297.66,5311.36,0.00 %,"166,482,271.20",-
MANUFACTURE,2021-12-12,5669.77,5707.36,5477.64,5483.08,0.00 %,"92,340,919.10",-
MANUFACTURE,2021-12-09,5691.06,5701.55,5551.73,5669.76,0.00 %,"114,224,012.10",-
MANUFACTURE,2021-12-08,5861.62,5883.42,5691.06,5691.06,0.00 %,"118,834,497.50",-
MANUFACTURE,2021-12-07,5953.65,6031.45,5855.46,5861.62,0.00 %,"91,815,289.00",-
MANUFACTURE,2021-12-06,5891.37,5977.7,5736.23,5953.65,0.00 %,"176,914,296.50",-
MANUFACTURE,2021-12-05,6016.64,6042.05,5870.61,5891.37,0.00 %,"192,538,224.90",-
MANUFACTURE,2021-12-02,6170.31,6213.95,5998.51,6016.64,0.00 %,"141,648,292.50",-
MANUFACTURE,2021-12-01,6115.63,6210.71,6115.63,6170.31,0.00 %,"116,278,252.50",-
MANUFACTURE,2021-11-30,6167.32,6221.93,6074.56,6115.63,0.00 %,"124,852,403.20",-
MANUFACTURE,2021-11-29,6229.26,6324.16,6134.64,6167.32,0.00 %,"98,280,616.00",-
MANUFACTURE,2021-11-28,6421.67,6447.98,6215.66,6229.26,0.00 %,"126,493,632.90",-
MANUFACTURE,2021-11-25,6473.66,6487.99,6368.11,6421.67,0.00 %,"40,817,974.00",-
MANUFACTURE,2021-11-24,6363.73,6473.63,6340.75,6450.77,0.00 %,"63,903,966.20",-
MANUFACTURE,2021-11-23,6525.0,6526.81,6402.39,6423.95,0.00 %,"78,998,219.80",-
MANUFACTURE,2021-11-22,6549.91,6595.03,6510.2,6525.0,0.00 %,"60,132,475.20",-
MANUFACTURE,2021-11-21,6453.76,6604.4,6408.43,6549.91,0.00 %,"86,652,418.80",-
MANUFACTURE,2021-11-18,6530.05,6564.27,6448.35,6453.77,0.00 %,"97,823,400.70",-
MANUFACTURE,2021-11-17,6588.08,6724.93,6529.68,6530.05,0.00 %,"107,043,628.70",-
MANUFACTURE,2021-11-16,6515.37,6643.92,6427.93,6630.65,0.00 %,"109,317,641.20",-
MANUFACTURE,2021-11-15,6404.78,6552.93,6404.78,6502.5,0.00 %,"130,350,574.70",-
MANUFACTURE,2021-11-14,6340.74,6402.92,6301.76,6393.01,0.00 %,"117,288,067.00",-
MANUFACTURE,2021-11-11,6439.87,6439.87,6261.49,6340.75,0.00 %,"142,684,165.50",-
MANUFACTURE,2021-11-09,6584.26,6590.7,6348.25,6404.1,0.00 %,"143,600,186.00",-
MANUFACTURE,2021-11-08,6613.62,6678.11,6544.25,6590.7,0.00 %,"89,930,576.70",-
MANUFACTURE,2021-11-03,6587.2,6701.45,6581.18,6613.62,0.00 %,"167,967,185.10",-
MANUFACTURE,2021-11-02,6558.03,6598.42,6458.17,6587.2,0.00 %,"115,420,629.40",-
MANUFACTURE,2021-11-01,6781.43,6781.44,6511.55,6558.04,0.00 %,"141,510,139.20",-
MANUFACTURE,2021-10-31,6368.02,6699.77,6368.02,6678.59,0.00 %,"286,575,568.90",-
MANUFACTURE,2021-10-28,6369.61,6462.33,6335.28,6368.02,0.00 %,"67,762,359.80",-
MANUFACTURE,2021-10-27,6463.21,6503.12,6381.95,6419.13,0.00 %,"145,478,452.70",-
MANUFACTURE,2021-10-26,6288.67,6463.22,6288.67,6463.22,0.00 %,"160,163,612.40",-
MANUFACTURE,2021-10-25,6099.59,6402.96,6044.47,6288.67,0.00 %,"95,200,133.30",-
MANUFACTURE,2021-10-24,6030.69,6179.13,6030.7,6145.3,0.00 %,"79,516,720.10",-
MANUFACTURE,2021-10-21,6169.15,6201.61,6032.09,6039.77,0.00 %,"80,492,691.60",-
MANUFACTURE,2021-10-20,6011.41,6195.14,5964.91,6145.19,0.00 %,"107,344,576.90",-
MANUFACTURE,2021-10-19,6066.62,6140.23,5915.65,5964.91,0.00 %,"136,720,411.90",-
MANUFACTURE,2021-10-18,6281.77,6317.19,6126.1,6140.23,0.00 %,"124,903,447.00",-
MANUFACTURE,2021-10-17,6316.45,6359.51,6235.31,6317.19,0.00 %,"87,981,490.20",-
MANUFACTURE,2021-10-11,6350.03,6364.34,6142.25,6271.11,0.00 %,"222,571,750.00",-
MANUFACTURE,2021-10-10,6470.53,6492.93,6296.98,6301.79,0.00 %,"226,576,672.60",-
MANUFACTURE,2021-10-06,6262.22,6523.3,6259.0,6507.74,0.00 %,"176,551,263.10",-
MANUFACTURE,2021-10-05,6183.08,6298.76,6151.25,6259.0,0.00 %,"85,394,950.20",-
MANUFACTURE,2021-10-04,6134.89,6255.54,6099.09,6151.25,0.00 %,"128,269,068.50",-
MANUFACTURE,2021-10-03,6283.62,6349.3,6160.2,6183.69,0.00 %,"155,804,817.20",-
MANUFACTURE,2021-09-30,6397.68,6430.62,6291.14,6291.14,0.00 %,"120,303,113.90",-
MANUFACTURE,2021-09-29,6292.53,6395.9,6287.44,6394.47,0.00 %,"214,347,937.50",-
MANUFACTURE,2021-09-28,6356.0,6420.85,6282.87,6292.54,0.00 %,"233,325,838.80",-
MANUFACTURE,2021-09-27,6480.43,6485.86,6363.8,6381.76,0.00 %,"163,195,886.50",-
MANUFACTURE,2021-09-26,6624.72,6638.9,6484.18,6485.08,0.00 %,"120,851,247.90",-
MANUFACTURE,2021-09-23,6731.23,6756.99,6574.53,6601.83,0.00 %,"186,003,598.80",-
MANUFACTURE,2021-09-22,6547.49,6727.37,6499.92,6682.23,0.00 %,"206,218,812.30",-
MANUFACTURE,2021-09-21,6501.18,6587.15,6378.48,6499.92,0.00 %,"252,227,916.10",-
MANUFACTURE,2021-09-20,6607.44,6607.45,6455.15,6501.18,0.00 %,"304,249,241.10",-
MANUFACTURE,2021-09-16,6650.92,6729.1,6567.93,6593.14,0.00 %,"285,797,337.60",-
MANUFACTURE,2021-09-15,6856.39,6856.4,6709.17,6729.1,0.00 %,"168,723,537.00",-
MANUFACTURE,2021-09-14,6852.78,6902.49,6775.42,6802.89,0.00 %,"135,578,993.00",-
MANUFACTURE,2021-09-13,7009.42,7042.44,6815.17,6870.28,0.00 %,"236,886,060.80",-
MANUFACTURE,2021-09-12,6685.27,6964.08,6595.85,6964.08,0.00 %,"256,027,058.80",-
MANUFACTURE,2021-09-09,6627.03,6706.61,6614.34,6646.5,0.00 %,"141,615,979.90",-
MANUFACTURE,2021-09-08,6849.45,6861.6,6659.18,6664.6,0.00 %,"172,092,501.90",-
MANUFACTURE,2021-09-07,6998.08,7031.92,6791.37,6853.03,0.00 %,"212,375,180.90",-
MANUFACTURE,2021-09-06,6580.01,6972.4,6523.1,6972.4,0.00 %,"358,911,981.50",-
MANUFACTURE,2021-09-05,6766.11,6768.26,6502.65,6574.29,0.00 %,"424,201,349.90",-
MANUFACTURE,2021-09-02,6840.56,6941.02,6726.8,6753.24,0.00 %,"294,100,001.70",-
MANUFACTURE,2021-09-01,6939.12,6978.47,6839.56,6878.65,0.00 %,"320,938,223.50",-
MANUFACTURE,2021-08-31,7080.16,7089.42,6866.89,6881.08,0.00 %,"629,954,719.40",-
MANUFACTURE,2021-08-29,7164.02,7244.52,7069.08,7079.81,0.00 %,"528,370,073.50",-
MANUFACTURE,2021-08-26,7155.51,7226.75,7064.75,7128.25,0.00 %,"313,697,775.90",-
MANUFACTURE,2021-08-25,7258.68,7310.55,7129.79,7155.52,0.00 %,"453,959,147.40",-
MANUFACTURE,2021-08-24,7464.89,7531.46,7303.4,7310.55,0.00 %,"389,668,060.90",-
MANUFACTURE,2021-08-19,7539.59,7728.02,7440.36,7466.16,0.00 %,"508,938,603.30",-
MANUFACTURE,2021-08-18,7220.88,7504.53,7186.08,7474.66,0.00 %,"674,644,701.80",-
MANUFACTURE,2021-08-17,7182.32,7371.12,7161.71,7218.74,0.00 %,"527,214,892.50",-
MANUFACTURE,2021-08-16,6956.27,7141.6,6956.28,7129.03,0.00 %,"538,958,371.80",-
MANUFACTURE,2021-08-15,6882.56,7124.01,6793.88,6968.97,0.00 %,"1,020,106,400.40",-
MANUFACTURE,2021-08-12,6688.09,6884.36,6687.38,6821.27,0.00 %,"332,659,027.40",-
MANUFACTURE,2021-08-11,6777.96,6801.32,6710.13,6723.11,0.00 %,"117,950,810.60",-
MANUFACTURE,2021-08-10,6718.09,6728.17,6658.92,6721.92,0.00 %,"203,681,836.00",-
MANUFACTURE,2021-08-09,6712.86,6732.2,6655.26,6670.94,0.00 %,"135,222,592.80",-
MANUFACTURE,2021-08-08,6746.09,6779.33,6717.82,6726.76,0.00 %,"118,320,046.20",-
MANUFACTURE,2021-08-05,6750.92,6795.34,6683.35,6720.7,0.00 %,"154,487,205.30",-
MANUFACTURE,2021-08-04,6805.79,6881.27,6764.41,6789.32,0.00 %,"210,301,738.30",-
MANUFACTURE,2021-08-03,6676.12,6796.53,6676.12,6764.41,0.00 %,"232,205,039.00",-
MANUFACTURE,2021-08-02,6686.08,6820.73,6665.69,6722.62,0.00 %,"178,851,477.60",-
MANUFACTURE,2021-08-01,6642.14,6740.87,6601.52,6686.08,0.00 %,"240,015,560.80",-
MANUFACTURE,2021-07-29,6732.33,6750.58,6603.78,6648.22,0.00 %,"375,288,882.30",-
MANUFACTURE,2021-07-28,6766.37,6893.07,6653.44,6703.31,0.00 %,"263,533,304.80",-
MANUFACTURE,2021-07-27,6431.85,6759.52,6396.09,6740.62,0.00 %,"470,852,091.80",-
MANUFACTURE,2021-07-26,6394.3,6481.03,6374.74,6435.43,0.00 %,"388,376,142.70",-
MANUFACTURE,2021-07-25,6280.7,6364.31,6279.92,6352.56,0.00 %,"187,367,231.00",-
MANUFACTURE,2021-07-22,6331.37,6346.48,6272.82,6280.71,0.00 %,"164,478,546.10",-
MANUFACTURE,2021-07-20,6333.7,6362.29,6288.35,6302.36,0.00 %,"160,876,433.90",-
MANUFACTURE,2021-07-19,6281.46,6372.35,6250.7,6288.35,0.00 %,"227,938,839.70",-
MANUFACTURE,2021-07-18,6116.61,6263.3,6087.64,6245.69,0.00 %,"272,860,678.40",-
MANUFACTURE,2021-07-15,6067.04,6128.57,6067.04,6087.64,0.00 %,"162,337,232.00",-
MANUFACTURE,2021-07-14,6126.92,6126.93,6073.27,6093.51,0.00 %,"216,836,748.00",-
MANUFACTURE,2021-07-13,6103.24,6168.26,6083.9,6108.33,0.00 %,"140,535,320.00",-
MANUFACTURE,2021-07-12,6221.79,6274.84,6086.56,6103.24,0.00 %,"273,509,629.00",-
MANUFACTURE,2021-07-11,6356.52,6356.52,6163.27,6221.79,0.00 %,"203,714,964.00",-
MANUFACTURE,2021-07-08,6100.77,6151.5,6041.3,6125.38,0.00 %,"206,663,435.00",-
MANUFACTURE,2021-07-07,6247.67,6281.3,6069.94,6101.49,0.00 %,"268,912,842.00",-
MANUFACTURE,2021-07-06,6205.41,6314.92,6135.94,6234.58,0.00 %,"461,022,495.00",-
MANUFACTURE,2021-07-05,5939.85,6277.07,5939.86,6171.43,0.00 %,"474,793,541.00",-
MANUFACTURE,2021-07-04,5694.11,5986.5,5934.71,5939.69,0.00 %,"158,581,577.00",-
MANUFACTURE,2021-07-01,5976.05,6018.35,5933.26,5964.11,0.00 %,"135,587,452.00",-
MANUFACTURE,2021-06-30,5835.7,5963.53,5835.7,5961.75,0.00 %,"135,925,802.00",-
MANUFACTURE,2021-06-29,5941.42,5981.27,5898.08,5906.44,0.00 %,"131,496,827.00",-
MANUFACTURE,2021-06-28,6030.08,6084.5,5933.12,5941.42,0.00 %,"113,384,095.00",-
MANUFACTURE,2021-06-27,5925.25,6025.85,5916.07,5953.9,0.00 %,"176,852,906.00",-
MANUFACTURE,2021-06-24,6098.89,6098.89,5904.39,5925.25,0.00 %,"133,368,231.00",-
MANUFACTURE,2021-06-23,6105.77,6125.7,5947.55,5968.29,0.00 %,"208,490,551.00",-
MANUFACTURE,2021-06-22,5784.05,6088.02,5784.05,6075.24,0.00 %,"231,057,000.00",-
MANUFACTURE,2021-06-21,6085.83,6140.25,5912.83,5912.83,0.00 %,"334,208,000.00",-
MANUFACTURE,2021-06-20,6260.35,6302.79,6028.58,6084.02,0.00 %,"369,962,000.00",-
MANUFACTURE,2021-06-17,6249.3,6301.45,6197.0,6233.52,0.00 %,"298,340,000.00",-
MANUFACTURE,2021-06-16,6329.48,6433.57,6157.92,6245.36,0.00 %,"708,836,388.00",-
MANUFACTURE,2021-06-15,6519.23,6622.26,6383.9,6449.59,0.00 %,"611,550,106.00",-
MANUFACTURE,2021-06-14,6091.87,6444.21,6091.87,6376.67,0.00 %,"606,594,310.00",-
MANUFACTURE,2021-06-13,6174.53,6245.01,6156.45,6235.16,0.00 %,-,-
MANUFACTURE,2021-06-10,6337.77,6337.77,6135.36,6168.8,0.00 %,-,-
MANUFACTURE,2021-06-09,6052.74,6274.12,6009.37,6207.48,0.00 %,-,-
MANUFACTURE,2021-06-08,5985.62,5986.52,5869.45,5970.01,0.00 %,-,-
MANUFACTURE,2021-06-07,5861.92,5892.06,5830.99,5840.72,0.00 %,-,-
MANUFACTURE,2021-06-06,5908.04,5935.15,5854.73,5854.77,0.00 %,-,-
MANUFACTURE,2021-06-03,5917.61,6002.94,5894.59,5922.04,0.00 %,-,-
MANUFACTURE,2021-06-02,5721.37,5864.15,5714.12,5850.8,0.00 %,-,-
MANUFACTURE,2021-06-01,5787.28,5795.0,5704.77,5714.46,0.00 %,-,-
MANUFACTURE,2021-05-31,5872.53,5893.51,5741.22,5751.01,0.00 %,-,-
MANUFACTURE,2021-05-30,5903.06,5938.47,5836.99,5845.14,0.00 %,-,-
MANUFACTURE,2021-05-27,5774.58,5922.21,5772.91,5850.45,0.00 %,-,-
MANUFACTURE,2021-05-25,5795.02,5900.22,5795.02,5817.86,0.00 %,-,-
MANUFACTURE,2021-05-24,5892.0,5927.91,5837.65,5840.37,0.00 %,-,-
MANUFACTURE,2021-05-23,5880.86,5913.82,5782.01,5888.19,0.00 %,-,-
MANUFACTURE,2021-05-20,5937.67,5975.35,5879.72,5880.7,0.00 %,-,-
MANUFACTURE,2021-05-19,6023.92,6097.06,5926.23,5937.58,0.00 %,-,-
MANUFACTURE,2021-05-18,6009.25,6061.49,6003.97,6003.97,0.00 %,-,-
MANUFACTURE,2021-05-17,6047.45,6133.67,5993.56,6003.88,0.00 %,-,-
MANUFACTURE,2021-05-16,5975.92,6075.75,5938.54,6047.45,0.00 %,-,-
MANUFACTURE,2021-05-13,6126.65,6126.65,5979.02,5984.1,0.00 %,-,-
MANUFACTURE,2021-05-12,5999.22,6050.61,5917.88,6002.24,0.00 %,-,-
MANUFACTURE,2021-05-11,5761.87,5945.93,5756.43,5901.57,0.00 %,-,-
MANUFACTURE,2021-05-10,5652.66,5792.71,5635.49,5769.13,0.00 %,-,-
MANUFACTURE,2021-05-09,5750.39,5750.39,5624.3,5629.77,0.00 %,-,-
MANUFACTURE,2021-05-06,5947.91,5947.91,5700.63,5725.76,0.00 %,-,-
MANUFACTURE,2021-05-05,5859.68,5870.41,5762.65,5763.58,0.00 %,-,-
MANUFACTURE,2021-05-04,5842.42,5861.54,5769.02,5830.65,0.00 %,-,-
MANUFACTURE,2021-05-03,5902.77,5941.47,5818.99,5824.38,0.00 %,-,-
MANUFACTURE,2021-05-02,5922.07,5922.07,5725.22,5888.46,0.00 %,-,-
MANUFACTURE,2021-04-29,5751.98,5751.98,5608.69,5735.95,0.00 %,-,-
MANUFACTURE,2021-04-28,5572.62,5678.13,5516.12,5632.27,0.00 %,-,-
MANUFACTURE,2021-04-27,5322.26,5607.3,5322.26,5561.29,0.00 %,-,-
MANUFACTURE,2021-04-26,5337.76,5456.0,5286.34,5317.61,0.00 %,-,-
MANUFACTURE,2021-04-25,5572.11,5572.11,5382.02,5413.16,0.00 %,-,-
MANUFACTURE,2021-04-22,5476.69,5551.97,5450.1,5549.37,0.00 %,-,-
MANUFACTURE,2021-04-21,5550.03,5585.11,5495.24,5502.09,0.00 %,-,-
MANUFACTURE,2021-04-20,5575.04,5614.04,5534.87,5584.49,0.00 %,-,-
MANUFACTURE,2021-04-19,5620.32,5663.82,5555.73,5578.62,0.00 %,-,-
MANUFACTURE,2021-04-18,5772.27,5774.06,5597.69,5620.31,0.00 %,-,-
MANUFACTURE,2021-04-15,5665.57,5772.68,5610.57,5685.26,0.00 %,-,-
MANUFACTURE,2021-04-13,5794.1,5794.1,5624.57,5641.99,0.00 %,-,-
MANUFACTURE,2021-04-12,5651.26,5673.21,5616.74,5663.5,0.00 %,-,-
MANUFACTURE,2021-04-08,5655.06,5702.01,5610.43,5649.44,0.00 %,-,-
MANUFACTURE,2021-04-07,5790.6,5823.58,5676.78,5678.21,0.00 %,-,-
MANUFACTURE,2021-04-06,5587.37,5770.28,5542.15,5758.76,0.00 %,-,-
MANUFACTURE,2021-04-05,5702.81,5702.81,5543.27,5574.85,0.00 %,-,-
MANUFACTURE,2021-04-04,5550.62,5581.55,5525.54,5550.06,0.00 %,-,-
MANUFACTURE,2021-04-01,5674.18,5674.18,5520.12,5558.13,0.00 %,-,-
MANUFACTURE,2021-03-31,5640.55,5640.55,5519.54,5545.39,0.00 %,-,-
MANUFACTURE,2021-03-30,5531.94,5555.85,5501.89,5513.58,0.00 %,-,-
MANUFACTURE,2021-03-29,5533.98,5608.17,5503.29,5513.8,0.00 %,-,-
MANUFACTURE,2021-03-25,5561.65,5643.43,5525.01,5533.98,0.00 %,-,-
MANUFACTURE,2021-03-24,5537.67,5626.58,5537.67,5583.97,0.00 %,-,-
MANUFACTURE,2021-03-23,5571.77,5585.99,5477.7,5529.44,0.00 %,-,-
MANUFACTURE,2021-03-22,5719.23,5730.35,5566.25,5571.77,0.00 %,-,-
MANUFACTURE,2021-03-21,5546.24,5726.03,5546.24,5700.99,0.00 %,-,-
MANUFACTURE,2021-03-18,5393.18,5577.73,5387.85,5528.1,0.00 %,-,-
MANUFACTURE,2021-03-17,5307.8,5393.7,5262.8,5365.97,0.00 %,-,-
MANUFACTURE,2021-03-16,5244.65,5330.71,5225.18,5267.9,0.00 %,-,-
MANUFACTURE,2021-03-15,5261.94,5337.36,5185.61,5244.65,0.00 %,-,-
MANUFACTURE,2021-03-14,5314.06,5314.06,5184.45,5234.45,0.00 %,-,-
MANUFACTURE,2021-03-10,5274.95,5330.8,5171.5,5330.8,0.00 %,-,-
MANUFACTURE,2021-03-09,5323.78,5325.83,5207.53,5235.04,0.00 %,-,-
MANUFACTURE,2021-03-07,5445.43,5456.36,5314.0,5323.78,0.00 %,-,-
MANUFACTURE,2021-03-04,5215.4,5432.86,5215.4,5406.08,0.00 %,-,-
MANUFACTURE,2021-03-03,5315.37,5326.1,5141.41,5215.4,0.00 %,-,-
MANUFACTURE,2021-03-02,5486.12,5488.59,5271.85,5302.98,0.00 %,-,-
MANUFACTURE,2021-03-01,5298.09,5514.55,5285.93,5453.47,0.00 %,-,-
MANUFACTURE,2021-02-28,5710.33,5710.33,5373.92,5385.16,0.00 %,-,-
MANUFACTURE,2021-02-25,5712.94,5802.01,5547.33,5583.36,0.00 %,-,-
MANUFACTURE,2021-02-24,5704.6,5707.23,5601.69,5655.62,0.00 %,-,-
MANUFACTURE,2021-02-23,5735.66,5735.66,5519.97,5607.02,0.00 %,-,-
MANUFACTURE,2021-02-22,5759.35,5815.91,5688.51,5703.02,0.00 %,-,-
MANUFACTURE,2021-02-21,5754.91,5826.01,5719.81,5759.35,0.00 %,-,-
MANUFACTURE,2021-02-18,5863.54,5863.54,5695.67,5754.91,0.00 %,-,-
MANUFACTURE,2021-02-17,5821.16,5839.1,5732.07,5734.75,0.00 %,-,-
MANUFACTURE,2021-02-16,5990.25,6007.06,5785.92,5821.16,0.00 %,-,-
MANUFACTURE,2021-02-15,5874.12,5954.27,5832.68,5932.2,0.00 %,-,-
MANUFACTURE,2021-02-14,5817.21,5844.08,5692.49,5772.54,0.00 %,-,-
MANUFACTURE,2021-02-11,5845.14,5986.68,5789.33,5817.21,0.00 %,-,-
MANUFACTURE,2021-02-10,5981.09,6018.69,5891.91,5927.05,0.00 %,-,-
MANUFACTURE,2021-02-09,6092.58,6092.58,5993.5,5993.5,0.00 %,-,-
MANUFACTURE,2021-02-08,6185.46,6272.45,6085.28,6092.43,0.00 %,-,-
MANUFACTURE,2021-02-07,6234.45,6274.78,6117.46,6167.32,0.00 %,-,-
MANUFACTURE,2021-02-04,6030.56,6182.93,5989.96,6125.61,0.00 %,-,-
MANUFACTURE,2021-02-03,6163.0,6209.99,6029.14,6041.54,0.00 %,-,-
MANUFACTURE,2021-02-02,6226.86,6226.86,6110.73,6143.04,0.00 %,-,-
MANUFACTURE,2021-02-01,5994.65,6119.53,5989.53,6081.75,0.00 %,-,-
MANUFACTURE,2021-01-31,6112.21,6197.86,5946.03,5961.38,0.00 %,-,-
MANUFACTURE,2021-01-28,5999.88,6188.04,5931.26,6094.33,0.00 %,-,-
MANUFACTURE,2021-01-27,5955.63,6000.55,5927.33,5927.33,0.00 %,-,-
MANUFACTURE,2021-01-26,6002.95,6087.54,5949.78,5961.08,0.00 %,-,-
MANUFACTURE,2021-01-25,6049.47,6089.38,5963.77,6002.95,0.00 %,-,-
MANUFACTURE,2021-01-24,6057.74,6128.54,6009.11,6020.85,0.00 %,-,-
MANUFACTURE,2021-01-21,5957.67,6009.3,5944.8,5969.29,0.00 %,-,-
MANUFACTURE,2021-01-20,6048.72,6049.12,5943.16,5943.16,0.00 %,-,-
MANUFACTURE,2021-01-19,6088.77,6088.77,5941.81,6006.1,0.00 %,-,-
MANUFACTURE,2021-01-18,6141.74,6154.26,6014.94,6045.24,0.00 %,-,-
MANUFACTURE,2021-01-17,6010.3,6066.12,5976.65,6023.84,0.00 %,-,-
BANKING,2026-01-14,1370.15,1375.45,1366.23,1369.44,-0.08 %,"310,281,754.50",-
BANKING,2026-01-13,1371.63,1395.81,1367.58,1370.56,-0.14 %,"319,946,778.20",-
BANKING,2026-01-12,1380.8,1384.57,1370.92,1372.5,-0.25 %,"408,879,595.80",-
BANKING,2026-01-08,1370.17,1376.68,1367.52,1375.98,0.31 %,"350,365,563.70",-
BANKING,2026-01-07,1374.03,1377.87,1368.25,1371.75,-0.25 %,"342,993,212.20",-
BANKING,2026-01-06,1369.15,1383.27,1368.88,1375.14,0.44 %,"635,791,966.80",-
BANKING,2026-01-05,1360.36,1369.28,1358.56,1369.15,0.68 %,"398,168,793.90",-
BANKING,2026-01-04,1361.67,1368.53,1354.57,1359.93,-0.14 %,"494,480,047.10",-
BANKING,2026-01-01,1371.11,1375.07,1357.22,1361.87,-0.64 %,"290,129,474.90",-
BANKING,2025-12-31,1364.78,1375.69,1364.12,1370.63,0.25 %,"372,435,372.70",-
BANKING,2025-12-29,1382.56,1385.11,1364.87,1367.16,-0.39 %,"325,623,957.40",-
BANKING,2025-12-28,1350.69,1373.53,1350.6,1372.47,1.67 %,"470,561,655.90",-
BANKING,2025-12-24,1342.12,1349.94,1337.0,1349.94,0.53 %,"300,676,926.50",-
BANKING,2025-12-23,1342.53,1345.63,1335.14,1342.84,0.10 %,"255,975,896.50",-
BANKING,2025-12-22,1350.29,1350.67,1336.29,1341.46,-0.36 %,"262,286,081.00",-
BANKING,2025-12-21,1354.96,1354.96,1343.83,1346.24,-0.47 %,"263,502,289.30",-
BANKING,2025-12-18,1357.97,1360.46,1347.48,1352.65,-0.22 %,"286,506,369.20",-
BANKING,2025-12-17,1355.02,1357.85,1351.59,1355.67,0.31 %,"238,118,575.10",-
BANKING,2025-12-16,1346.05,1353.15,1344.69,1351.42,0.35 %,"215,062,003.20",-
BANKING,2025-12-15,1338.22,1346.68,1330.27,1346.68,0.73 %,"549,350,046.60",-
BANKING,2025-12-14,1337.03,1344.33,1330.53,1336.95,0.05 %,"353,146,039.30",-
BANKING,2025-12-11,1334.09,1336.57,1328.65,1336.3,0.16 %,"241,330,063.60",-
BANKING,2025-12-10,1333.29,1341.25,1331.46,1334.17,-0.05 %,"213,807,903.60",-
BANKING,2025-12-09,1338.59,1341.12,1332.69,1334.87,-0.15 %,"338,327,544.00",-
BANKING,2025-12-08,1344.34,1349.04,1336.0,1336.84,-0.67 %,"264,542,126.70",-
BANKING,2025-12-07,1350.33,1353.88,1340.36,1345.87,-0.61 %,"307,715,771.20",-
BANKING,2025-12-03,1366.17,1370.85,1349.92,1354.09,-0.72 %,"304,792,486.70",-
BANKING,2025-12-02,1370.28,1370.28,1360.55,1363.97,-0.59 %,"273,688,891.50",-
BANKING,2025-12-01,1379.73,1383.45,1364.28,1372.0,-0.69 %,"435,519,601.10",-
BANKING,2025-11-30,1396.16,1402.96,1377.53,1381.49,-1.08 %,"554,251,075.00",-
BANKING,2025-11-27,1377.91,1398.62,1369.86,1396.58,1.50 %,"661,734,370.60",-
BANKING,2025-11-26,1367.82,1380.21,1362.19,1375.97,0.66 %,"376,766,843.20",-
BANKING,2025-11-25,1366.23,1370.64,1355.11,1366.9,0.20 %,"308,138,614.20",-
BANKING,2025-11-24,1343.34,1364.47,1343.06,1364.11,1.41 %,"355,731,155.00",-
BANKING,2025-11-23,1328.43,1345.97,1327.25,1345.15,1.37 %,"336,015,235.00",-
BANKING,2025-11-20,1331.4,1334.4,1323.37,1327.01,-0.33 %,"257,454,569.90",-
BANKING,2025-11-19,1334.44,1340.16,1326.13,1331.4,-0.15 %,"211,862,146.80",-
BANKING,2025-11-18,1329.65,1341.88,1328.46,1333.36,0.31 %,"265,544,891.70",-
BANKING,2025-11-17,1329.66,1334.66,1325.13,1329.21,0.14 %,"329,832,910.20",-
BANKING,2025-11-16,1331.52,1334.24,1321.79,1327.4,-0.31 %,"217,177,710.00",-
BANKING,2025-11-13,1327.62,1338.11,1322.71,1331.51,0.13 %,"275,491,970.20",-
BANKING,2025-11-12,1340.73,1341.01,1327.89,1329.81,-0.67 %,"281,098,421.60",-
BANKING,2025-11-11,1337.88,1345.88,1330.65,1338.82,0.07 %,"323,201,487.00",-
BANKING,2025-11-10,1348.22,1354.21,1335.05,1337.88,-0.61 %,"369,853,946.00",-
BANKING,2025-11-09,1363.04,1363.04,1344.4,1346.04,-1.30 %,"384,687,350.10",-
BANKING,2025-11-06,1371.46,1377.49,1360.28,1363.76,-0.43 %,"397,937,243.10",-
BANKING,2025-11-05,1362.0,1375.24,1356.1,1369.69,0.56 %,"331,005,429.50",-
BANKING,2025-11-04,1370.44,1374.03,1359.33,1362.0,-0.67 %,"339,869,818.00",-
BANKING,2025-11-03,1373.62,1383.33,1367.49,1371.13,-0.22 %,"283,083,746.00",-
BANKING,2025-11-02,1384.78,1385.42,1363.53,1374.2,0.29 %,"419,650,252.70",-
BANKING,2025-10-30,1367.9,1372.32,1355.97,1370.18,0.34 %,"380,613,760.10",-
BANKING,2025-10-29,1370.31,1381.19,1361.36,1365.58,-0.35 %,"430,975,866.00",-
BANKING,2025-10-28,1343.39,1370.91,1343.38,1370.34,1.92 %,"305,735,821.40",-
BANKING,2025-10-26,1348.48,1351.31,1330.77,1344.52,-0.36 %,"187,790,720.10",-
BANKING,2025-10-19,1337.98,1354.95,1334.36,1349.36,0.87 %,"318,304,553.60",-
BANKING,2025-10-16,1337.37,1350.74,1331.27,1337.71,0.03 %,"306,992,979.50",-
BANKING,2025-10-15,1345.72,1353.17,1335.87,1337.36,-0.55 %,"263,751,009.60",-
BANKING,2025-10-14,1355.92,1365.17,1342.46,1344.71,-0.83 %,"266,105,580.90",-
BANKING,2025-10-13,1372.1,1372.1,1336.83,1355.92,0.29 %,"413,063,693.30",-
BANKING,2025-10-12,1384.99,1385.46,1346.34,1352.06,-2.31 %,"653,268,066.80",-
BANKING,2025-10-09,1390.77,1437.95,1380.24,1383.97,1.07 %,"565,867,348.70",-
BANKING,2025-10-08,1392.12,1392.12,1356.66,1369.29,-1.48 %,"513,237,582.40",-
BANKING,2025-10-07,1408.5,1411.16,1382.94,1389.88,-1.32 %,"484,845,464.60",-
BANKING,2025-09-28,1400.09,1408.49,1397.75,1408.49,0.84 %,"224,862,097.00",-
BANKING,2025-09-25,1396.0,1399.67,1389.36,1396.75,0.12 %,"246,205,357.10",-
BANKING,2025-09-24,1405.88,1415.27,1391.05,1395.01,-0.74 %,"359,107,916.50",-
BANKING,2025-09-23,1391.21,1406.46,1389.21,1405.37,1.39 %,"420,596,307.40",-
BANKING,2025-09-21,1308.53,1391.24,1308.52,1386.13,4.53 %,"1,008,474,922.90",-
BANKING,2025-09-18,1379.84,1379.84,1319.82,1326.12,-5.53 %,"86,358,080.10",-
BANKING,2025-09-08,1418.19,1420.5,1398.6,1403.7,-1.12 %,"499,098,567.60",-
BANKING,2025-09-07,1423.04,1427.03,1417.29,1419.66,-0.65 %,"664,114,712.50",-
BANKING,2025-09-04,1434.26,1440.5,1420.52,1429.01,-0.32 %,"511,413,814.90",-
BANKING,2025-09-03,1441.87,1446.83,1432.94,1433.54,-0.55 %,"457,950,331.80",-
BANKING,2025-09-02,1474.11,1474.11,1440.23,1441.49,-0.50 %,"647,229,063.10",-
BANKING,2025-09-01,1453.63,1455.05,1423.76,1448.72,1.50 %,"1,113,825,777.30",-
BANKING,2025-08-31,1441.92,1447.14,1423.97,1427.31,-0.89 %,"609,009,672.10",-
BANKING,2025-08-28,1452.54,1457.85,1438.55,1440.07,-0.87 %,"551,386,023.47",-
BANKING,2025-08-27,1454.25,1454.59,1432.66,1452.73,1.39 %,"533,838,545.10",-
BANKING,2025-08-26,1433.15,1440.73,1428.1,1432.87,0.14 %,"371,265,608.00",-
BANKING,2025-08-25,1421.94,1434.34,1413.75,1430.85,0.59 %,"431,081,618.90",-
BANKING,2025-08-24,1435.23,1439.39,1420.86,1422.48,-0.89 %,"497,521,018.20",-
BANKING,2025-08-21,1435.83,1442.27,1431.33,1435.22,-0.12 %,"585,366,653.20",-
BANKING,2025-08-20,1439.49,1446.04,1434.86,1436.91,-0.19 %,"432,406,228.70",-
BANKING,2025-08-19,1435.74,1447.79,1435.47,1439.65,0.40 %,"434,554,276.80",-
BANKING,2025-08-18,1430.24,1439.47,1427.04,1433.87,0.18 %,"574,933,074.70",-
BANKING,2025-08-17,1447.65,1452.86,1431.01,1431.34,-1.04 %,"768,726,215.10",-
BANKING,2025-08-14,1454.28,1459.57,1445.22,1446.35,-0.56 %,"899,995,844.60",-
BANKING,2025-08-13,1467.19,1470.39,1453.71,1454.45,-0.70 %,"655,093,948.90",-
BANKING,2025-08-12,1484.97,1484.97,1464.02,1464.64,-0.94 %,"630,011,358.38",-
BANKING,2025-08-11,1490.13,1511.1,1478.01,1478.6,-0.42 %,"1,048,432,900.10",-
BANKING,2025-08-07,1484.08,1492.9,1478.86,1484.79,0.43 %,"716,012,931.60",-
BANKING,2025-08-06,1495.3,1495.3,1476.42,1478.43,-0.48 %,"519,935,352.92",-
BANKING,2025-08-05,1505.32,1524.31,1483.51,1485.53,-1.05 %,"921,283,268.80",-
BANKING,2025-08-04,1476.1,1513.92,1468.26,1501.26,1.67 %,"1,097,933,468.80",-
BANKING,2025-08-03,1514.43,1514.43,1475.41,1476.66,-2.28 %,"1,089,527,349.70",-
BANKING,2025-07-31,1537.0,1538.01,1508.61,1511.05,-1.45 %,"1,258,780,047.10",-
BANKING,2025-07-30,1566.61,1576.33,1530.15,1533.25,-1.56 %,"1,350,543,478.10",-
BANKING,2025-07-29,1547.32,1572.06,1542.75,1557.47,1.33 %,"2,567,760,263.00",-
BANKING,2025-07-28,1539.74,1542.4,1508.09,1537.06,0.02 %,"1,687,569,599.20",-
BANKING,2025-07-27,1548.5,1561.43,1533.72,1536.82,-0.72 %,"1,937,696,052.70",-
BANKING,2025-07-24,1560.44,1563.05,1539.8,1547.96,-0.61 %,"1,320,697,920.50",-
BANKING,2025-07-23,1554.12,1568.65,1543.49,1557.52,-0.25 %,"1,763,287,302.30",-
BANKING,2025-07-22,1530.6,1563.36,1530.6,1561.48,2.11 %,"2,317,334,237.70",-
BANKING,2025-07-21,1523.08,1540.35,1508.29,1529.22,0.48 %,"1,495,251,702.60",-
BANKING,2025-07-20,1545.71,1561.43,1517.67,1521.91,-1.39 %,"2,576,748,469.40",-
BANKING,2025-07-17,1523.33,1548.71,1522.41,1543.33,1.76 %,"2,346,840,284.10",-
BANKING,2025-07-16,1494.54,1527.86,1493.67,1516.6,1.59 %,"2,750,403,725.00",-
BANKING,2025-07-15,1467.24,1495.76,1456.9,1492.84,1.81 %,"1,757,937,892.30",-
BANKING,2025-07-14,1505.85,1505.94,1463.5,1466.28,-2.46 %,"1,778,781,507.20",-
BANKING,2025-07-13,1479.37,1515.87,1479.37,1503.31,3.38 %,"2,832,706,643.20",-
BANKING,2025-07-10,1414.83,1462.14,1414.82,1454.21,3.03 %,"2,117,977,024.30",-
BANKING,2025-07-09,1387.26,1414.69,1387.25,1411.48,1.69 %,"752,943,123.30",-
BANKING,2025-07-08,1394.43,1398.42,1381.26,1388.04,-0.37 %,"458,208,057.20",-
BANKING,2025-07-07,1414.11,1414.11,1391.68,1393.24,-0.79 %,"764,068,999.50",-
BANKING,2025-07-06,1408.18,1412.5,1394.17,1404.35,0.12 %,"684,934,971.60",-
BANKING,2025-07-03,1409.0,1413.23,1386.15,1402.71,0.31 %,"735,575,564.50",-
BANKING,2025-07-02,1383.99,1398.95,1377.6,1398.33,1.36 %,"715,352,981.30",-
BANKING,2025-07-01,1367.0,1381.88,1359.89,1379.56,1.09 %,"501,012,802.60",-
BANKING,2025-06-30,1369.02,1369.66,1355.73,1364.64,0.38 %,"426,483,453.40",-
BANKING,2025-06-29,1332.26,1361.79,1329.67,1359.45,2.01 %,"437,663,562.70",-
BANKING,2025-06-26,1334.3,1338.39,1330.65,1332.69,-0.12 %,"239,717,377.20",-
BANKING,2025-06-25,1335.6,1342.16,1331.92,1334.29,-0.10 %,"261,378,372.80",-
BANKING,2025-06-24,1331.27,1349.06,1331.27,1335.59,0.45 %,"356,897,276.80",-
BANKING,2025-06-23,1331.61,1334.48,1323.27,1329.66,0.16 %,"266,162,446.00",-
BANKING,2025-06-22,1339.53,1342.52,1326.99,1327.6,-0.86 %,"432,831,099.10",-
BANKING,2025-06-19,1348.4,1352.2,1338.86,1339.1,-0.50 %,"425,989,951.20",-
BANKING,2025-06-18,1348.39,1352.68,1344.82,1345.86,-0.12 %,"338,680,883.60",-
BANKING,2025-06-17,1352.96,1360.17,1345.57,1347.49,-0.45 %,"333,780,329.90",-
BANKING,2025-06-16,1346.31,1358.37,1343.81,1353.61,0.49 %,"490,568,351.30",-
BANKING,2025-06-15,1346.17,1359.08,1345.1,1347.04,-0.45 %,"413,616,104.80",-
BANKING,2025-06-12,1361.28,1367.73,1350.37,1353.08,-0.63 %,"456,155,376.10",-
BANKING,2025-06-11,1368.67,1377.91,1356.04,1361.64,-0.51 %,"664,026,771.00",-
BANKING,2025-06-10,1353.69,1371.08,1353.03,1368.66,0.93 %,"523,166,261.00",-
BANKING,2025-06-09,1348.94,1358.79,1348.61,1355.99,0.44 %,"316,565,323.50",-
BANKING,2025-06-08,1361.35,1367.71,1348.08,1350.06,-1.05 %,"470,138,753.70",-
BANKING,2025-06-05,1370.08,1382.16,1363.25,1364.42,-0.44 %,"513,081,173.30",-
BANKING,2025-06-04,1375.25,1381.72,1364.65,1370.44,-0.60 %,"451,155,546.40",-
BANKING,2025-06-03,1414.08,1414.08,1376.45,1378.65,-2.34 %,"798,661,003.50",-
BANKING,2025-06-02,1437.94,1445.54,1406.49,1411.74,-0.60 %,"1,090,533,842.40",-
BANKING,2025-05-28,1395.89,1424.21,1386.1,1420.24,1.88 %,"1,129,108,002.30",-
BANKING,2025-05-27,1387.03,1397.0,1369.44,1393.97,0.40 %,"639,763,727.00",-
BANKING,2025-05-26,1410.19,1438.03,1378.09,1388.39,0.18 %,"1,069,251,726.40",-
BANKING,2025-05-25,1402.88,1407.85,1369.3,1385.91,-0.67 %,"999,364,096.80",-
BANKING,2025-05-22,1346.81,1399.11,1344.62,1395.24,3.82 %,"1,729,096,128.20",-
BANKING,2025-05-21,1360.43,1409.73,1343.37,1343.88,0.25 %,"768,576,209.50",-
BANKING,2025-05-20,1315.24,1344.41,1306.55,1340.48,1.92 %,"433,098,365.30",-
BANKING,2025-05-19,1298.77,1317.77,1298.77,1315.24,1.18 %,"365,152,218.80",-
BANKING,2025-05-18,1301.83,1307.71,1296.54,1299.94,-0.14 %,"348,931,419.90",-
BANKING,2025-05-15,1308.2,1309.5,1299.78,1301.82,-0.30 %,"286,374,289.60",-
BANKING,2025-05-14,1314.07,1317.62,1304.65,1305.78,-0.49 %,"233,670,715.60",-
BANKING,2025-05-13,1315.28,1330.42,1311.71,1312.22,-0.31 %,"285,736,711.66",-
BANKING,2025-05-11,1323.76,1333.02,1315.61,1316.24,-0.55 %,"274,146,172.90",-
BANKING,2025-05-08,1335.61,1342.66,1317.9,1323.55,-0.83 %,"336,076,248.60",-
BANKING,2025-05-07,1295.02,1337.66,1289.59,1334.59,2.98 %,"480,026,218.50",-
BANKING,2025-05-06,1300.59,1307.9,1294.68,1296.0,-0.35 %,"257,971,567.30",-
BANKING,2025-05-05,1306.14,1308.72,1297.69,1300.58,-0.39 %,"281,417,252.00",-
BANKING,2025-05-04,1305.94,1318.26,1304.42,1305.65,0.11 %,"405,308,190.72",-
BANKING,2025-04-30,1317.78,1317.78,1301.92,1304.21,-0.70 %,"420,327,500.84",-
BANKING,2025-04-29,1325.35,1330.54,1313.05,1313.45,-0.57 %,"343,997,618.90",-
BANKING,2025-04-28,1331.07,1334.42,1321.03,1321.03,-0.65 %,"380,432,758.80",-
BANKING,2025-04-27,1335.52,1340.89,1328.66,1329.71,-0.39 %,"603,536,124.00",-
BANKING,2025-04-24,1334.46,1342.66,1324.43,1334.96,0.04 %,"381,710,771.00",-
BANKING,2025-04-23,1350.21,1351.12,1328.54,1334.49,-1.23 %,"579,067,656.40",-
BANKING,2025-04-22,1360.9,1363.79,1349.65,1351.17,-0.74 %,"346,072,970.90",-
BANKING,2025-04-21,1375.51,1375.5,1359.65,1361.23,-0.86 %,"482,477,086.30",-
BANKING,2025-04-20,1390.18,1395.67,1369.04,1372.98,-0.71 %,"627,321,045.40",-
BANKING,2025-04-17,1368.31,1386.56,1365.87,1382.75,1.14 %,"416,753,414.00",-
BANKING,2025-04-16,1382.96,1382.95,1362.11,1367.12,0.40 %,"304,666,590.30",-
BANKING,2025-04-15,1378.84,1378.84,1356.46,1361.68,0.48 %,"307,825,278.60",-
BANKING,2025-04-13,1363.91,1365.33,1352.93,1355.12,-0.21 %,"363,022,922.00",-
BANKING,2025-04-10,1359.67,1373.44,1356.68,1358.03,-0.09 %,"562,474,278.10",-
BANKING,2025-04-09,1379.73,1381.19,1356.48,1359.31,-0.04 %,"225,289,341.90",-
BANKING,2025-04-08,1363.7,1368.11,1343.69,1359.83,-0.31 %,"351,552,546.20",-
BANKING,2025-04-07,1377.88,1388.6,1362.0,1364.0,-0.98 %,"263,337,762.30",-
BANKING,2025-04-03,1364.3,1401.54,1361.88,1377.43,0.96 %,"635,737,763.70",-
BANKING,2025-04-02,1380.57,1380.56,1353.25,1364.29,0.51 %,"342,934,892.60",-
BANKING,2025-04-01,1367.48,1372.09,1351.75,1357.32,-0.74 %,"290,301,346.70",-
BANKING,2025-03-30,1354.98,1380.07,1354.52,1367.47,0.83 %,"408,924,601.20",-
BANKING,2025-03-27,1370.75,1370.74,1342.36,1356.27,0.91 %,"305,156,534.80",-
BANKING,2025-03-26,1327.89,1345.81,1326.48,1344.09,1.15 %,"313,950,534.90",-
BANKING,2025-03-25,1360.28,1360.28,1326.81,1328.8,-1.42 %,"417,117,076.20",-
BANKING,2025-03-24,1335.99,1350.84,1325.45,1347.97,0.72 %,"386,660,522.90",-
BANKING,2025-03-23,1359.53,1364.81,1337.5,1338.34,-1.56 %,"400,121,785.71",-
BANKING,2025-03-20,1366.11,1368.7,1358.72,1359.53,-0.48 %,"325,284,038.40",-
BANKING,2025-03-19,1373.82,1378.59,1365.48,1366.1,-0.56 %,"324,701,846.50",-
BANKING,2025-03-18,1392.47,1394.25,1369.4,1373.82,-0.15 %,"233,300,189.50",-
BANKING,2025-03-17,1378.79,1391.42,1369.85,1375.83,-0.21 %,"285,763,130.50",-
BANKING,2025-03-16,1392.21,1392.72,1370.44,1378.79,-0.80 %,"334,068,649.00",-
BANKING,2025-03-12,1381.28,1397.1,1381.14,1389.97,0.53 %,"292,418,832.30",-
BANKING,2025-03-11,1392.35,1400.24,1379.17,1382.62,-0.70 %,"359,267,090.30",-
BANKING,2025-03-10,1397.4,1411.29,1385.51,1392.35,-0.44 %,"391,325,886.40",-
BANKING,2025-03-09,1419.86,1421.89,1395.72,1398.51,-1.37 %,"431,794,724.30",-
BANKING,2025-03-06,1417.89,1424.64,1411.39,1417.9,0.03 %,"394,806,680.60",-
BANKING,2025-03-05,1432.37,1439.9,1411.62,1417.46,-1.04 %,"574,207,882.50",-
BANKING,2025-03-04,1440.45,1453.93,1428.38,1432.36,-1.06 %,"835,561,329.40",-
BANKING,2025-03-03,1472.14,1485.86,1444.74,1447.69,-1.36 %,"961,480,569.10",-
BANKING,2025-03-02,1447.06,1467.64,1440.02,1467.64,2.54 %,"1,094,292,458.60",-
BANKING,2025-02-27,1410.15,1459.76,1409.8,1431.34,3.32 %,"1,187,792,316.60",-
BANKING,2025-02-25,1384.72,1398.26,1382.11,1385.34,0.03 %,"418,148,015.60",-
BANKING,2025-02-24,1375.99,1403.0,1375.98,1384.98,0.09 %,"504,602,601.20",-
BANKING,2025-02-23,1368.11,1395.99,1353.85,1383.75,0.04 %,"716,573,118.50",-
BANKING,2025-02-20,1385.19,1399.28,1379.7,1383.26,-0.56 %,"385,129,809.50",-
BANKING,2025-02-18,1403.12,1409.12,1384.69,1390.98,0.22 %,"692,547,618.80",-
BANKING,2025-02-17,1362.64,1395.23,1360.75,1387.87,2.17 %,"687,579,419.40",-
BANKING,2025-02-16,1345.21,1359.89,1344.0,1358.42,0.98 %,"390,762,582.80",-
BANKING,2025-02-13,1351.36,1353.34,1342.98,1345.21,-0.23 %,"280,041,742.30",-
BANKING,2025-02-12,1348.54,1357.84,1343.42,1348.32,-0.06 %,"324,226,087.90",-
BANKING,2025-02-11,1350.48,1359.59,1347.13,1349.11,-0.21 %,"296,319,965.50",-
BANKING,2025-02-10,1348.5,1362.16,1346.67,1351.91,-0.18 %,"318,082,694.20",-
BANKING,2025-02-09,1351.7,1370.11,1349.71,1354.3,-0.36 %,"355,541,851.50",-
BANKING,2025-02-06,1364.5,1374.09,1355.79,1359.14,-0.35 %,"337,092,398.80",-
BANKING,2025-02-05,1367.54,1372.48,1361.06,1363.89,-0.27 %,"327,524,336.50",-
BANKING,2025-02-04,1378.96,1389.61,1364.62,1367.54,-0.57 %,"397,584,798.70",-
BANKING,2025-02-03,1370.64,1400.63,1369.73,1375.4,0.54 %,"623,503,424.50",-
BANKING,2025-02-02,1335.56,1367.98,1335.55,1367.97,2.53 %,"609,093,883.20",-
BANKING,2025-01-28,1331.2,1338.73,1326.19,1334.22,0.23 %,"425,872,669.00",-
BANKING,2025-01-27,1335.92,1345.18,1327.63,1331.22,-0.56 %,"314,126,015.00",-
BANKING,2025-01-26,1348.88,1356.0,1335.71,1338.71,-0.89 %,"307,456,396.00",-
BANKING,2025-01-23,1359.79,1374.39,1347.15,1350.74,-0.62 %,"325,991,062.70",-
BANKING,2025-01-22,1341.62,1366.4,1337.06,1359.15,1.33 %,"515,709,116.20",-
BANKING,2025-01-21,1346.59,1351.15,1337.03,1341.32,-0.36 %,"357,514,393.10",-
BANKING,2025-01-20,1352.98,1365.8,1345.03,1346.11,-0.21 %,"623,767,267.70",-
BANKING,2025-01-19,1348.35,1349.55,1335.88,1348.91,0.18 %,"323,085,719.40",-
BANKING,2025-01-16,1358.1,1362.08,1341.41,1346.54,-0.75 %,"351,908,111.90",-
BANKING,2025-01-15,1366.35,1367.26,1354.02,1356.71,-0.81 %,"292,955,453.70",-
BANKING,2025-01-13,1376.16,1376.15,1360.93,1367.8,-0.35 %,"447,360,069.59",-
BANKING,2025-01-12,1395.87,1395.86,1368.71,1372.62,-0.87 %,"186,877,621.50",-
BANKING,2025-01-09,1392.84,1393.27,1379.47,1384.6,-0.43 %,"410,562,327.60",-
BANKING,2025-01-08,1409.89,1410.98,1387.0,1390.61,-0.26 %,"396,906,478.10",-
BANKING,2025-01-07,1407.55,1408.21,1388.5,1394.28,-0.22 %,"314,572,550.20",-
BANKING,2025-01-06,1385.38,1399.0,1380.27,1397.3,1.10 %,"465,866,535.00",-
BANKING,2025-01-05,1388.21,1390.87,1378.54,1382.14,-0.55 %,"427,110,145.30",-
BANKING,2025-01-02,1396.38,1396.38,1383.13,1389.85,-0.15 %,"315,380,285.60",-
BANKING,2025-01-01,1402.28,1403.1,1390.91,1391.9,-0.74 %,"344,254,481.10",-
BANKING,2024-12-31,1423.84,1424.73,1386.67,1402.33,-0.93 %,"763,306,697.40",-
BANKING,2024-12-29,1435.7,1440.13,1412.93,1415.43,-0.87 %,"721,335,069.90",-
BANKING,2024-12-26,1405.28,1441.01,1391.22,1427.91,1.82 %,"1,229,555,332.20",-
BANKING,2024-12-24,1394.13,1409.39,1386.97,1402.44,0.76 %,"389,007,534.90",-
BANKING,2024-12-23,1378.61,1391.83,1373.76,1391.83,0.85 %,"379,445,361.45",-
BANKING,2024-12-22,1374.73,1401.97,1374.73,1380.11,-0.88 %,"377,853,780.65",-
BANKING,2024-12-19,1402.32,1407.85,1390.32,1392.31,-0.82 %,"389,769,697.20",-
BANKING,2024-12-18,1408.96,1419.28,1399.17,1403.83,-0.36 %,"304,681,277.80",-
BANKING,2024-12-17,1408.85,1421.8,1395.95,1408.96,0.17 %,"308,713,012.90",-
BANKING,2024-12-16,1427.83,1429.27,1402.44,1406.5,-1.49 %,"385,584,028.80",-
BANKING,2024-12-12,1478.35,1478.35,1422.63,1427.83,-1.72 %,"423,913,157.60",-
BANKING,2024-12-11,1407.74,1452.83,1397.38,1452.83,3.43 %,"519,868,152.50",-
BANKING,2024-12-10,1406.63,1418.98,1398.83,1404.63,-0.16 %,"413,473,229.80",-
BANKING,2024-12-09,1412.07,1423.16,1399.01,1406.85,-0.47 %,"363,401,581.20",-
BANKING,2024-12-08,1440.26,1440.26,1407.18,1413.44,-1.86 %,"641,337,132.90",-
BANKING,2024-12-05,1455.51,1457.35,1436.6,1440.26,-0.97 %,"429,346,747.30",-
BANKING,2024-12-04,1480.39,1480.38,1452.76,1454.41,-0.34 %,"468,149,933.10",-
BANKING,2024-12-03,1479.01,1481.37,1452.0,1459.44,-0.20 %,"572,554,265.60",-
BANKING,2024-12-02,1487.57,1487.95,1457.63,1462.33,-0.57 %,"568,819,374.90",-
BANKING,2024-12-01,1509.77,1509.77,1467.28,1470.66,-1.48 %,"591,533,651.00",-
BANKING,2024-11-28,1505.89,1509.77,1490.58,1492.68,-0.87 %,"482,420,738.10",-
BANKING,2024-11-27,1503.84,1511.53,1498.65,1505.82,0.32 %,"554,905,135.80",-
BANKING,2024-11-26,1501.51,1507.8,1480.9,1501.05,1.20 %,"602,294,824.30",-
BANKING,2024-11-25,1503.53,1503.52,1472.15,1483.24,0.12 %,"427,905,730.30",-
BANKING,2024-11-24,1503.38,1507.71,1479.13,1481.49,-0.55 %,"562,422,870.40",-
BANKING,2024-11-21,1504.05,1512.67,1487.56,1489.63,-0.91 %,"640,286,171.80",-
BANKING,2024-11-20,1509.83,1513.36,1494.76,1503.3,-0.26 %,"519,063,247.21",-
BANKING,2024-11-19,1525.22,1529.2,1503.6,1507.28,-1.12 %,"751,035,134.70",-
BANKING,2024-11-17,1526.78,1544.68,1521.91,1524.32,-0.22 %,"747,156,216.70",-
BANKING,2024-11-14,1527.46,1537.21,1515.78,1527.65,0.45 %,"780,950,619.05",-
BANKING,2024-11-13,1541.94,1547.32,1519.76,1520.87,-1.38 %,"462,218,050.80",-
BANKING,2024-11-12,1550.5,1562.89,1538.36,1542.13,-0.35 %,"748,989,147.20",-
BANKING,2024-11-11,1534.67,1561.01,1533.19,1547.6,1.05 %,"1,116,447,638.90",-
BANKING,2024-11-10,1509.94,1531.57,1507.47,1531.57,1.62 %,"711,415,433.80",-
BANKING,2024-11-06,1507.68,1516.24,1503.8,1507.12,-0.16 %,"400,204,264.80",-
BANKING,2024-11-05,1523.31,1527.03,1508.73,1509.59,-0.82 %,"358,323,839.90",-
BANKING,2024-10-30,1533.17,1542.22,1519.04,1522.0,-0.72 %,"704,957,947.60",-
BANKING,2024-10-29,1513.11,1533.77,1511.8,1533.1,1.61 %,"593,861,996.40",-
BANKING,2024-10-28,1506.56,1513.38,1500.68,1508.81,0.35 %,"468,570,715.80",-
BANKING,2024-10-27,1525.57,1525.56,1498.66,1503.62,-1.30 %,"736,488,868.30",-
BANKING,2024-10-24,1540.01,1547.5,1511.41,1523.46,-1.03 %,"716,835,097.30",-
BANKING,2024-10-23,1579.98,1592.23,1534.39,1539.25,-1.70 %,"1,484,410,699.00",-
BANKING,2024-10-22,1557.2,1575.87,1546.41,1565.87,0.69 %,"776,267,060.20",-
BANKING,2024-10-21,1595.71,1597.01,1554.36,1555.17,-2.30 %,"933,398,309.10",-
BANKING,2024-10-20,1598.28,1626.41,1569.93,1591.79,-1.02 %,"1,565,557,096.53",-
BANKING,2024-10-17,1605.38,1632.61,1595.92,1608.24,0.40 %,"1,503,769,818.90",-
BANKING,2024-10-16,1573.12,1602.68,1573.11,1601.81,1.98 %,"944,510,484.04",-
BANKING,2024-10-15,1546.12,1572.27,1545.35,1570.64,1.59 %,"464,070,201.50",-
BANKING,2024-10-09,1542.66,1546.71,1529.73,1546.03,0.05 %,"703,193,651.24",-
BANKING,2024-10-08,1553.82,1565.32,1539.5,1545.27,-0.37 %,"719,870,601.80",-
BANKING,2024-10-07,1523.76,1561.02,1523.75,1550.99,1.91 %,"1,068,953,191.99",-
BANKING,2024-10-06,1489.42,1522.35,1482.02,1521.94,2.20 %,"760,083,310.40",-
BANKING,2024-10-02,1504.18,1514.27,1483.63,1489.11,-0.72 %,"836,445,678.00",-
BANKING,2024-10-01,1444.59,1499.85,1444.59,1499.85,3.83 %,"848,254,979.90",-
BANKING,2024-09-30,1428.69,1447.3,1424.0,1444.59,1.18 %,"380,863,736.00",-
BANKING,2024-09-29,1437.38,1440.35,1414.95,1427.69,-0.74 %,"391,874,008.70",-
BANKING,2024-09-26,1454.84,1467.33,1432.64,1438.36,-1.15 %,"422,607,712.50",-
BANKING,2024-09-25,1430.1,1455.27,1412.49,1455.14,1.81 %,"610,612,105.20",-
BANKING,2024-09-24,1459.31,1467.35,1424.89,1429.3,-2.00 %,"637,660,801.80",-
BANKING,2024-09-23,1505.91,1505.91,1452.55,1458.54,-1.27 %,"631,645,665.00",-
BANKING,2024-09-22,1482.83,1507.92,1463.13,1477.33,1.02 %,"559,616,908.00",-
BANKING,2024-09-18,1451.59,1475.63,1433.61,1462.42,0.77 %,"709,047,875.50",-
BANKING,2024-09-16,1468.23,1473.89,1445.66,1451.25,-1.60 %,"693,482,816.40",-
BANKING,2024-09-15,1496.81,1527.29,1471.53,1474.81,-0.93 %,"930,756,828.70",-
BANKING,2024-09-12,1472.02,1488.71,1444.83,1488.69,2.66 %,"796,173,419.10",-
BANKING,2024-09-11,1466.93,1480.64,1446.62,1450.08,-0.94 %,"591,992,270.50",-
BANKING,2024-09-10,1470.28,1492.93,1455.44,1463.89,-0.11 %,"867,563,948.10",-
BANKING,2024-09-09,1501.28,1502.17,1457.51,1465.53,-2.29 %,"946,082,421.70",-
BANKING,2024-09-08,1531.56,1545.47,1497.86,1499.81,-1.58 %,"904,218,564.10",-
BANKING,2024-09-05,1537.11,1542.15,1503.24,1523.94,-0.70 %,"885,700,968.10",-
BANKING,2024-09-04,1615.88,1615.87,1530.89,1534.64,-3.17 %,"1,025,758,734.00",-
BANKING,2024-09-03,1604.07,1620.81,1579.03,1584.89,-0.66 %,"1,191,024,681.80",-
BANKING,2024-09-02,1522.0,1597.21,1507.68,1595.44,4.74 %,"1,524,323,189.10",-
BANKING,2024-09-01,1561.66,1573.52,1516.67,1523.24,-2.34 %,"1,125,817,630.50",-
BANKING,2024-08-29,1592.92,1603.04,1546.12,1559.76,-1.81 %,"1,245,430,167.40",-
BANKING,2024-08-28,1586.19,1625.07,1572.23,1588.59,0.93 %,"1,783,664,844.40",-
BANKING,2024-08-27,1658.15,1663.39,1568.87,1573.97,-4.92 %,"2,614,826,195.40",-
BANKING,2024-08-25,1718.88,1722.33,1648.74,1655.43,-3.31 %,"2,425,148,179.00",-
BANKING,2024-08-22,1710.76,1738.61,1707.31,1712.18,0.17 %,"2,202,756,681.60",-
BANKING,2024-08-21,1712.25,1723.56,1669.81,1709.25,0.60 %,"3,236,398,837.70",-
BANKING,2024-08-18,1703.72,1755.37,1681.73,1699.12,0.84 %,"4,962,083,169.00",-
BANKING,2024-08-15,1616.3,1702.34,1611.45,1684.93,5.65 %,"5,080,880,120.60",-
BANKING,2024-08-14,1589.05,1595.53,1557.21,1594.75,0.72 %,"1,788,573,581.15",-
BANKING,2024-08-13,1583.48,1604.08,1564.9,1583.34,0.45 %,"2,055,191,811.04",-
BANKING,2024-08-12,1537.38,1585.43,1537.01,1576.18,2.96 %,"2,601,937,559.40",-
BANKING,2024-08-11,1497.46,1530.9,1486.87,1530.9,3.57 %,"2,196,654,830.25",-
BANKING,2024-08-08,1496.49,1512.44,1475.61,1481.22,-0.56 %,"1,276,503,083.17",-
BANKING,2024-08-07,1443.73,1494.11,1431.22,1489.56,2.33 %,"1,632,042,710.60",-
BANKING,2024-08-06,1552.06,1554.25,1452.84,1455.71,-5.97 %,"2,833,310,244.30",-
BANKING,2024-08-05,1569.01,1599.78,1543.52,1548.08,-0.51 %,"3,117,718,633.20",-
BANKING,2024-08-01,1582.92,1591.24,1551.03,1555.94,-1.40 %,"1,990,009,503.60",-
BANKING,2024-07-31,1576.71,1597.54,1559.55,1578.02,1.05 %,"2,411,864,592.00",-
BANKING,2024-07-30,1585.15,1586.12,1502.91,1561.66,-0.77 %,"2,505,233,257.30",-
BANKING,2024-07-29,1604.17,1662.91,1569.17,1573.71,-0.04 %,"4,334,529,130.90",-
BANKING,2024-07-28,1461.05,1574.81,1461.04,1574.34,9.90 %,"3,962,874,692.70",-
BANKING,2024-07-25,1413.9,1434.64,1396.76,1432.58,1.35 %,"1,742,766,269.40",-
BANKING,2024-07-24,1435.46,1452.12,1402.11,1413.44,-1.22 %,"1,958,365,254.40",-
BANKING,2024-07-23,1399.35,1432.23,1374.74,1430.86,2.39 %,"1,843,392,041.30",-
BANKING,2024-07-22,1421.88,1427.6,1375.3,1397.44,-1.23 %,"2,136,009,482.20",-
BANKING,2024-07-21,1370.99,1417.25,1347.43,1414.87,3.87 %,"2,400,208,513.90",-
BANKING,2024-07-18,1290.97,1382.53,1277.59,1362.16,6.28 %,"2,263,504,994.80",-
BANKING,2024-07-17,1267.41,1282.06,1257.79,1281.67,2.09 %,"1,060,235,448.20",-
BANKING,2024-07-16,1225.08,1256.43,1208.29,1255.43,2.76 %,"675,951,674.80",-
BANKING,2024-07-15,1255.33,1261.33,1217.58,1221.73,-1.45 %,"924,280,284.50",-
BANKING,2024-07-14,1216.05,1256.28,1214.35,1239.67,3.74 %,"833,123,373.90",-
BANKING,2024-07-11,1180.07,1195.86,1173.88,1194.95,2.42 %,"675,802,857.00",-
BANKING,2024-07-10,1163.09,1166.68,1150.42,1166.68,1.69 %,"437,117,626.27",-
BANKING,2024-07-09,1146.09,1147.74,1132.85,1147.26,0.53 %,"312,088,175.30",-
BANKING,2024-07-08,1143.15,1150.64,1136.29,1141.17,-0.06 %,"263,100,255.70",-
BANKING,2024-07-07,1137.0,1145.98,1130.47,1141.86,0.66 %,"368,750,858.80",-
BANKING,2024-07-04,1129.2,1145.13,1126.6,1134.37,0.49 %,"330,935,904.00",-
BANKING,2024-07-03,1121.43,1128.84,1100.85,1128.84,0.63 %,"246,337,898.50",-
BANKING,2024-07-02,1109.09,1161.48,1109.09,1121.76,3.04 %,"411,041,689.90",-
BANKING,2024-07-01,1067.8,1088.68,1061.11,1088.68,2.04 %,"226,686,429.90",-
BANKING,2024-06-30,1075.6,1079.41,1065.74,1066.91,-0.71 %,"164,616,407.10",-
BANKING,2024-06-27,1075.88,1077.49,1069.99,1074.53,0.01 %,"140,321,331.20",-
BANKING,2024-06-26,1083.02,1085.54,1072.21,1074.43,-0.65 %,"203,428,691.10",-
BANKING,2024-06-25,1088.81,1094.28,1078.68,1081.49,-0.47 %,"196,496,975.20",-
BANKING,2024-06-24,1090.61,1097.71,1083.03,1086.56,-0.29 %,"167,267,007.70",-
BANKING,2024-06-23,1095.15,1098.09,1086.2,1089.76,-0.41 %,"149,752,140.40",-
BANKING,2024-06-20,1120.24,1121.02,1091.59,1094.23,-0.62 %,"169,301,760.40",-
BANKING,2024-06-19,1103.73,1105.66,1095.98,1101.03,0.15 %,"130,414,350.40",-
BANKING,2024-06-18,1115.74,1115.73,1097.35,1099.41,-1.16 %,"205,839,536.60",-
BANKING,2024-06-16,1125.27,1125.26,1108.89,1112.36,-0.85 %,"175,609,486.20",-
BANKING,2024-06-13,1129.08,1132.27,1115.19,1121.93,-0.43 %,"193,042,217.80",-
BANKING,2024-06-12,1119.91,1137.55,1119.28,1126.81,0.83 %,"255,845,555.80",-
BANKING,2024-06-11,1118.83,1120.3,1094.87,1117.5,1.73 %,"243,469,169.20",-
BANKING,2024-06-10,1119.28,1119.28,1091.88,1098.45,-0.02 %,"187,191,983.52",-
BANKING,2024-06-09,1128.41,1128.41,1096.94,1098.71,-0.97 %,"192,166,928.80",-
BANKING,2024-06-06,1119.0,1121.9,1107.52,1109.45,-0.69 %,"196,168,665.80",-
BANKING,2024-06-05,1127.7,1130.76,1113.63,1117.19,-0.66 %,"177,399,050.60",-
BANKING,2024-06-04,1129.33,1134.59,1121.05,1124.65,0.12 %,"161,661,879.20",-
BANKING,2024-06-03,1136.98,1146.98,1120.58,1123.33,-0.74 %,"179,954,303.40",-
BANKING,2024-06-02,1121.0,1132.62,1117.11,1131.72,1.11 %,"259,026,501.30",-
BANKING,2024-05-30,1142.45,1146.88,1115.47,1119.25,-1.73 %,"302,921,045.70",-
BANKING,2024-05-29,1187.19,1201.55,1138.12,1138.92,-2.94 %,"444,064,405.50",-
BANKING,2024-05-27,1183.92,1188.28,1162.59,1173.45,-0.74 %,"437,289,779.20",-
BANKING,2024-05-26,1196.21,1207.72,1172.73,1182.23,-0.88 %,"738,466,086.00",-
BANKING,2024-05-22,1141.44,1199.37,1140.25,1192.73,4.23 %,"1,072,427,189.80",-
BANKING,2024-05-21,1130.07,1144.29,1117.39,1144.28,1.78 %,"455,082,986.50",-
BANKING,2024-05-20,1084.77,1147.29,1084.77,1124.29,4.19 %,"780,477,711.20",-
BANKING,2024-05-19,1069.25,1082.93,1059.0,1079.09,2.63 %,"379,767,913.60",-
BANKING,2024-05-16,1068.02,1068.02,1046.06,1051.41,-0.22 %,"207,476,320.60",-
BANKING,2024-05-15,1060.08,1074.68,1051.88,1053.74,-0.55 %,"178,294,172.00",-
BANKING,2024-05-14,1060.65,1069.07,1051.21,1059.53,0.25 %,"198,200,487.50",-
BANKING,2024-05-13,1029.41,1063.26,1020.11,1056.87,3.21 %,"395,770,321.46",-
BANKING,2024-05-12,1029.08,1029.07,1014.95,1024.0,0.44 %,"166,760,268.80",-
BANKING,2024-05-09,1015.68,1020.35,1007.78,1019.54,0.47 %,"129,971,586.80",-
BANKING,2024-05-08,1018.29,1020.58,1010.05,1014.79,-0.26 %,"121,114,054.70",-
BANKING,2024-05-07,1019.16,1022.93,1014.78,1017.41,-0.08 %,"122,723,984.20",-
BANKING,2024-05-06,1030.68,1030.68,1016.2,1018.27,-0.63 %,"158,694,798.20",-
BANKING,2024-05-05,1037.04,1038.1,1019.34,1024.76,-1.10 %,"165,337,268.10",-
BANKING,2024-05-02,1064.69,1064.69,1033.29,1036.19,-0.83 %,"186,035,987.00",-
BANKING,2024-04-30,1051.06,1051.06,1030.67,1044.82,1.11 %,"204,012,247.40",-
BANKING,2024-04-29,1045.64,1045.64,1025.68,1033.39,0.29 %,"175,602,886.20",-
BANKING,2024-04-28,1038.51,1038.51,1022.28,1030.36,0.25 %,"209,725,980.80",-
BANKING,2024-04-25,1032.07,1033.3,1024.62,1027.8,-0.20 %,"197,827,132.70",-
BANKING,2024-04-24,1028.55,1033.19,1023.31,1029.86,0.21 %,"203,018,985.40",-
BANKING,2024-04-22,1035.07,1041.7,1026.03,1027.67,-0.63 %,"180,433,137.20",-
BANKING,2024-04-21,1037.75,1040.79,1021.27,1034.19,-0.34 %,"241,415,945.70",-
BANKING,2024-04-18,1043.71,1046.51,1033.89,1037.75,-0.49 %,"157,509,116.40",-
BANKING,2024-04-16,1048.85,1048.85,1040.09,1042.82,-0.42 %,"140,012,124.70",-
BANKING,2024-04-15,1055.78,1057.58,1043.34,1047.21,-0.81 %,"180,036,178.10",-
BANKING,2024-04-14,1060.16,1064.99,1052.41,1055.77,-0.33 %,"167,732,918.80",-
BANKING,2024-04-10,1061.86,1067.57,1054.23,1059.23,-0.04 %,"178,878,473.30",-
BANKING,2024-04-09,1063.2,1069.81,1056.47,1059.66,0.33 %,"199,470,193.70",-
BANKING,2024-04-07,1051.69,1056.18,1041.12,1056.18,0.58 %,"244,819,858.00",-
BANKING,2024-04-04,1055.87,1056.17,1048.64,1050.06,-0.45 %,"164,823,936.80",-
BANKING,2024-04-03,1060.81,1062.39,1049.63,1054.8,-0.35 %,"178,347,769.50",-
BANKING,2024-04-02,1063.69,1067.18,1054.89,1058.51,-0.19 %,"138,131,478.70",-
BANKING,2024-04-01,1065.52,1065.52,1056.21,1060.51,-0.40 %,"165,524,259.70",-
BANKING,2024-03-31,1071.52,1081.26,1062.07,1064.82,-0.54 %,"162,063,900.30",-
BANKING,2024-03-28,1076.97,1077.3,1066.79,1070.6,-0.13 %,"137,882,073.20",-
BANKING,2024-03-27,1079.04,1080.72,1068.83,1071.97,-0.57 %,"155,422,606.10",-
BANKING,2024-03-26,1078.51,1081.53,1071.96,1078.09,0.05 %,"145,016,833.60",-
BANKING,2024-03-25,1090.85,1091.59,1076.6,1077.59,-1.23 %,"167,589,054.40",-
BANKING,2024-03-21,1099.08,1103.8,1088.69,1090.97,-0.67 %,"144,947,259.20",-
BANKING,2024-03-20,1107.07,1111.9,1095.19,1098.37,-0.18 %,"142,872,083.50",-
BANKING,2024-03-19,1108.1,1110.25,1098.3,1100.33,-0.79 %,"135,394,120.20",-
BANKING,2024-03-18,1114.63,1118.73,1098.08,1109.07,-0.03 %,"184,992,099.40",-
BANKING,2024-03-17,1118.31,1120.14,1104.71,1109.44,-0.63 %,"182,973,532.34",-
BANKING,2024-03-14,1131.36,1133.53,1114.2,1116.44,-1.15 %,"170,506,587.00",-
BANKING,2024-03-13,1140.41,1141.86,1120.7,1129.38,-0.10 %,"221,138,435.50",-
BANKING,2024-03-12,1104.27,1130.52,1102.37,1130.52,3.10 %,"255,767,078.00",-
BANKING,2024-03-10,1091.81,1101.81,1090.86,1096.5,0.75 %,"157,840,200.80",-
BANKING,2024-03-07,1087.37,1095.84,1084.06,1088.34,0.55 %,"141,218,340.10",-
BANKING,2024-03-06,1086.13,1094.67,1073.84,1082.37,-0.11 %,"178,211,928.50",-
BANKING,2024-03-05,1126.53,1127.83,1079.33,1083.51,-3.01 %,"234,753,234.60",-
BANKING,2024-03-04,1060.85,1117.14,1060.84,1117.14,5.94 %,"22,267,517.80",-
BANKING,2024-03-03,1062.83,1064.92,1048.05,1054.46,-0.62 %,"188,770,005.80",-
BANKING,2024-02-29,1070.71,1074.33,1060.2,1061.07,-0.89 %,"246,573,468.20",-
BANKING,2024-02-28,1078.96,1079.3,1069.24,1070.58,-0.69 %,"139,891,781.62",-
BANKING,2024-02-27,1073.82,1081.6,1067.56,1078.0,0.48 %,"163,421,160.50",-
BANKING,2024-02-26,1072.91,1079.68,1063.56,1072.86,0.20 %,"195,984,614.20",-
BANKING,2024-02-25,1089.53,1090.68,1070.35,1070.69,-1.64 %,"264,253,893.50",-
BANKING,2024-02-22,1096.58,1100.92,1086.15,1088.54,-0.97 %,"266,229,367.80",-
BANKING,2024-02-21,1103.2,1110.44,1097.22,1099.18,-0.27 %,"220,843,981.80",-
BANKING,2024-02-20,1107.44,1110.5,1101.23,1102.21,-0.43 %,"216,815,506.70",-
BANKING,2024-02-18,1111.82,1117.78,1105.09,1106.95,-0.66 %,"338,066,182.90",-
BANKING,2024-02-15,1120.0,1121.12,1110.63,1114.27,-0.57 %,"244,889,575.70",-
BANKING,2024-02-14,1121.61,1124.22,1117.01,1120.71,-0.14 %,"195,622,283.40",-
BANKING,2024-02-13,1133.92,1136.06,1119.94,1122.32,-1.10 %,"277,549,586.50",-
BANKING,2024-02-12,1135.34,1138.97,1128.82,1134.76,0.06 %,"287,511,850.50",-
BANKING,2024-02-11,1146.56,1149.17,1133.42,1134.11,-0.79 %,"281,977,144.30",-
BANKING,2024-02-08,1147.09,1147.08,1139.75,1143.13,-0.05 %,"194,215,594.08",-
BANKING,2024-02-07,1158.41,1160.4,1141.73,1143.69,0.26 %,"215,436,011.90",-
BANKING,2024-02-06,1139.56,1151.98,1138.51,1140.7,0.18 %,"208,892,744.10",-
BANKING,2024-02-05,1137.96,1145.08,1135.25,1138.6,0.14 %,"200,688,372.10",-
BANKING,2024-02-04,1140.69,1141.96,1134.04,1137.01,-0.24 %,"240,575,789.30",-
BANKING,2024-02-01,1157.63,1157.62,1138.75,1139.7,-1.22 %,"292,609,671.00",-
BANKING,2024-01-31,1159.15,1164.62,1151.78,1153.82,-0.59 %,"320,686,882.40",-
BANKING,2024-01-30,1160.62,1171.93,1158.22,1160.67,-0.17 %,"285,483,839.70",-
BANKING,2024-01-29,1165.73,1174.16,1160.64,1162.68,-0.06 %,"275,687,965.30",-
BANKING,2024-01-28,1165.21,1171.55,1159.82,1163.42,-0.09 %,"254,403,019.06",-
BANKING,2024-01-25,1163.65,1167.72,1158.57,1164.51,0.19 %,"307,531,540.70",-
BANKING,2024-01-24,1159.37,1171.42,1157.9,1162.25,0.10 %,"263,627,645.60",-
BANKING,2024-01-23,1166.07,1171.31,1159.51,1161.12,-0.42 %,"341,150,056.30",-
BANKING,2024-01-22,1178.54,1179.91,1161.89,1166.07,-1.11 %,"442,436,070.30",-
BANKING,2024-01-21,1207.81,1207.8,1177.3,1179.18,-2.42 %,"586,474,778.20",-
BANKING,2024-01-18,1216.42,1217.04,1201.5,1208.48,-0.62 %,"415,718,316.10",-
BANKING,2024-01-17,1214.28,1243.72,1211.89,1216.08,0.41 %,"693,835,789.60",-
BANKING,2024-01-16,1188.9,1211.48,1188.9,1211.15,2.04 %,"570,072,752.90",-
BANKING,2024-01-14,1181.98,1194.74,1180.9,1186.97,0.47 %,"299,533,960.80",-
BANKING,2024-01-11,1184.87,1190.85,1179.13,1181.41,-0.10 %,"251,139,859.50",-
BANKING,2024-01-10,1169.44,1197.61,1169.43,1182.62,1.13 %,"378,896,936.10",-
BANKING,2024-01-09,1163.98,1173.92,1162.13,1169.43,0.67 %,"328,366,417.40",-
BANKING,2024-01-08,1155.32,1164.38,1154.99,1161.64,0.60 %,"340,882,596.80",-
BANKING,2024-01-07,1175.91,1180.42,1154.34,1154.74,-1.81 %,"397,319,238.30",-
BANKING,2024-01-04,1182.25,1188.35,1174.33,1176.07,-0.55 %,"275,117,344.60",-
BANKING,2024-01-03,1178.93,1182.75,1171.64,1182.58,0.36 %,"245,814,805.60",-
BANKING,2024-01-02,1191.59,1193.94,1174.84,1178.34,-1.15 %,"285,623,262.70",-
BANKING,2024-01-01,1192.86,1204.61,1189.57,1192.1,0.01 %,"287,879,823.40",-
BANKING,2023-12-28,1197.96,1201.2,1190.17,1191.94,-0.50 %,"269,608,800.70",-
BANKING,2023-12-27,1209.79,1220.16,1192.91,1197.96,-0.88 %,"349,055,072.70",-
BANKING,2023-12-24,1227.95,1230.69,1208.11,1208.65,-1.55 %,"386,779,618.90",-
BANKING,2023-12-21,1252.76,1254.01,1226.22,1227.66,-1.87 %,"461,734,485.30",-
BANKING,2023-12-20,1247.66,1261.82,1245.3,1251.1,0.62 %,"576,811,676.90",-
BANKING,2023-12-19,1216.54,1244.13,1212.81,1243.33,2.46 %,"601,765,469.90",-
BANKING,2023-12-18,1190.01,1218.41,1188.25,1213.44,2.06 %,"648,017,563.20",-
BANKING,2023-12-17,1186.48,1189.98,1158.36,1188.98,-0.68 %,"422,632,400.40",-
BANKING,2023-12-14,1198.85,1202.79,1192.45,1197.1,-0.03 %,"275,848,771.80",-
BANKING,2023-12-13,1193.87,1208.15,1193.02,1197.45,0.60 %,"374,665,931.55",-
BANKING,2023-12-12,1189.99,1196.87,1186.1,1192.57,0.22 %,"336,660,464.50",-
BANKING,2023-12-11,1220.51,1221.82,1180.79,1189.99,-1.26 %,"472,983,588.80",-
BANKING,2023-12-10,1146.23,1206.06,1146.22,1205.22,5.68 %,"33,519,319.20",-
BANKING,2023-12-07,1133.47,1143.38,1128.78,1140.42,0.61 %,"122,402,479.70",-
BANKING,2023-12-06,1134.51,1136.35,1128.54,1133.47,-0.09 %,"121,563,726.90",-
BANKING,2023-12-05,1137.26,1141.11,1131.45,1134.51,-0.24 %,"113,695,453.10",-
BANKING,2023-12-04,1141.62,1145.82,1136.25,1137.25,-0.63 %,"123,101,384.50",-
BANKING,2023-12-03,1149.09,1153.26,1138.09,1144.41,-0.49 %,"122,209,318.90",-
BANKING,2023-11-30,1158.73,1161.35,1144.58,1150.04,-0.92 %,"142,669,149.90",-
BANKING,2023-11-29,1167.75,1172.8,1157.71,1160.7,-0.76 %,"103,739,866.30",-
BANKING,2023-11-28,1175.76,1180.01,1167.0,1169.57,-0.53 %,"139,814,942.80",-
BANKING,2023-11-27,1186.2,1194.68,1171.07,1175.76,-0.84 %,"155,796,717.80",-
BANKING,2023-11-26,1162.2,1186.26,1151.3,1185.74,1.87 %,"238,867,530.00",-
BANKING,2023-11-23,1167.34,1167.33,1146.86,1163.95,-0.72 %,"253,762,814.20",-
BANKING,2023-11-22,1170.5,1172.46,1158.52,1172.44,0.29 %,"129,579,823.90",-
BANKING,2023-11-21,1175.33,1178.75,1164.24,1169.04,-0.54 %,"118,093,713.30",-
BANKING,2023-11-20,1175.83,1186.77,1172.57,1175.33,0.21 %,"130,898,970.40",-
BANKING,2023-11-09,1177.4,1177.64,1168.31,1172.91,-0.22 %,"109,028,370.10",-
BANKING,2023-11-08,1170.04,1179.59,1167.38,1175.47,0.26 %,"98,768,973.00",-
BANKING,2023-11-07,1170.06,1180.32,1167.96,1172.47,0.21 %,"189,838,639.30",-
BANKING,2023-11-06,1163.68,1177.65,1161.16,1170.06,0.55 %,"165,853,348.60",-
BANKING,2023-11-05,1180.25,1180.27,1161.26,1163.67,-1.51 %,"273,335,684.80",-
BANKING,2023-11-02,1192.0,1193.64,1180.12,1181.49,-0.88 %,"131,521,262.50",-
BANKING,2023-11-01,1192.24,1197.29,1187.27,1191.99,-0.02 %,"116,108,515.60",-
BANKING,2023-10-31,1200.51,1202.57,1190.44,1192.24,-0.74 %,"106,887,637.00",-
BANKING,2023-10-30,1202.12,1202.12,1188.66,1201.15,0.05 %,"122,025,705.60",-
BANKING,2023-10-29,1217.62,1219.14,1195.74,1200.57,-1.40 %,"111,161,524.80",-
BANKING,2023-10-19,1217.31,1224.02,1205.92,1217.61,0.10 %,"169,006,142.30",-
BANKING,2023-10-18,1187.14,1218.75,1187.14,1216.41,2.47 %,"157,285,293.80",-
BANKING,2023-10-17,1174.18,1193.79,1174.17,1187.14,1.10 %,"186,636,297.70",-
BANKING,2023-10-16,1183.28,1187.74,1172.29,1174.17,-0.77 %,"191,665,761.10",-
BANKING,2023-10-12,1191.35,1194.21,1180.23,1183.28,-0.75 %,"360,709,332.90",-
BANKING,2023-10-11,1191.3,1200.34,1188.83,1192.25,0.08 %,"180,255,815.20",-
BANKING,2023-10-10,1200.9,1205.11,1190.58,1191.29,-0.80 %,"190,286,110.60",-
BANKING,2023-10-09,1209.96,1212.03,1198.98,1200.9,-0.74 %,"198,161,297.94",-
BANKING,2023-10-08,1232.7,1232.7,1209.55,1209.85,-1.41 %,"315,111,234.40",-
BANKING,2023-10-05,1231.99,1233.24,1225.2,1227.15,-0.41 %,"201,844,268.20",-
BANKING,2023-10-04,1232.9,1237.62,1227.34,1232.17,-0.01 %,"202,505,811.70",-
BANKING,2023-10-03,1239.84,1244.63,1229.81,1232.25,-0.61 %,"246,097,674.80",-
BANKING,2023-10-02,1239.1,1245.48,1229.61,1239.84,0.02 %,"450,850,640.60",-
BANKING,2023-10-01,1254.0,1255.88,1235.93,1239.63,-1.08 %,"349,435,016.90",-
BANKING,2023-09-27,1261.48,1267.91,1248.83,1253.14,-0.58 %,"273,706,185.50",-
BANKING,2023-09-26,1258.57,1274.47,1256.84,1260.45,0.17 %,"289,726,904.20",-
BANKING,2023-09-25,1265.19,1268.8,1254.44,1258.34,-0.36 %,"233,686,197.70",-
BANKING,2023-09-24,1268.65,1274.12,1258.96,1262.88,-0.45 %,"424,316,559.20",-
BANKING,2023-09-21,1261.66,1282.58,1260.63,1268.65,0.88 %,"484,374,453.30",-
BANKING,2023-09-19,1254.6,1259.96,1249.05,1257.63,0.33 %,"207,473,397.30",-
BANKING,2023-09-18,1259.18,1259.17,1246.33,1253.53,-0.40 %,"209,279,338.60",-
BANKING,2023-09-17,1282.7,1284.57,1254.98,1258.57,-1.43 %,"681,101,020.40",-
BANKING,2023-09-13,1264.29,1277.28,1262.47,1276.8,0.99 %,"359,769,837.00",-
BANKING,2023-09-12,1270.78,1281.09,1260.65,1264.28,-0.43 %,"295,460,182.00",-
BANKING,2023-09-11,1245.31,1270.29,1245.31,1269.76,1.96 %,"359,604,112.30",-
BANKING,2023-09-10,1238.3,1248.67,1237.63,1245.31,0.65 %,"253,026,107.20",-
BANKING,2023-09-07,1249.82,1250.94,1236.33,1237.27,-1.08 %,"244,746,617.00",-
BANKING,2023-09-05,1253.45,1262.28,1248.67,1250.77,-0.23 %,"176,614,761.80",-
BANKING,2023-09-04,1251.71,1262.21,1243.73,1253.69,0.16 %,"228,680,027.40",-
BANKING,2023-09-03,1263.22,1265.12,1250.81,1251.7,-0.88 %,"259,113,387.80",-
BANKING,2023-08-30,1267.41,1274.49,1261.19,1262.8,-0.07 %,"360,996,197.20",-
BANKING,2023-08-29,1265.12,1270.13,1259.97,1263.64,-0.17 %,"187,744,561.70",-
BANKING,2023-08-28,1260.17,1272.78,1260.05,1265.84,0.53 %,"237,040,930.60",-
BANKING,2023-08-27,1269.67,1270.18,1258.54,1259.22,-0.82 %,"227,979,942.60",-
BANKING,2023-08-24,1280.44,1284.98,1267.69,1269.6,-0.75 %,"283,471,902.70",-
BANKING,2023-08-23,1272.37,1283.79,1270.34,1280.89,0.75 %,"241,320,093.00",-
BANKING,2023-08-22,1268.24,1274.57,1261.52,1271.35,0.38 %,"213,061,619.30",-
BANKING,2023-08-21,1270.5,1274.81,1263.77,1266.58,-0.31 %,"247,208,745.70",-
BANKING,2023-08-20,1274.11,1279.38,1265.45,1270.5,-0.28 %,"273,602,369.50",-
BANKING,2023-08-17,1271.5,1281.6,1270.77,1274.1,0.25 %,"235,319,918.10",-
BANKING,2023-08-16,1280.34,1280.77,1264.84,1270.92,-0.73 %,"289,090,478.40",-
BANKING,2023-08-15,1293.7,1296.25,1277.68,1280.33,-0.93 %,"340,638,067.30",-
BANKING,2023-08-14,1281.64,1300.79,1281.64,1292.3,0.53 %,"487,418,727.60",-
BANKING,2023-08-13,1272.84,1293.11,1269.27,1285.43,1.07 %,"476,402,307.10",-
BANKING,2023-08-10,1270.51,1279.0,1263.87,1271.81,-0.02 %,"333,304,166.20",-
BANKING,2023-08-09,1259.86,1272.63,1247.02,1272.05,0.97 %,"329,569,461.70",-
BANKING,2023-08-08,1274.79,1276.17,1255.39,1259.86,-1.04 %,"334,128,663.00",-
BANKING,2023-08-07,1285.04,1287.13,1265.23,1273.12,-0.95 %,"517,078,028.50",-
BANKING,2023-08-06,1319.22,1327.8,1280.42,1285.32,-1.71 %,"1,099,022,516.70",-
BANKING,2023-08-03,1302.27,1318.3,1301.21,1307.66,0.46 %,"393,872,281.70",-
BANKING,2023-08-02,1291.79,1302.57,1287.93,1301.63,0.81 %,"341,724,781.70",-
BANKING,2023-08-01,1303.53,1316.14,1287.57,1291.12,-0.94 %,"338,752,428.10",-
BANKING,2023-07-31,1288.58,1313.83,1286.13,1303.35,0.75 %,"413,110,384.50",-
BANKING,2023-07-30,1303.03,1314.8,1287.18,1293.66,-0.61 %,"508,444,550.60",-
BANKING,2023-07-27,1312.41,1326.79,1300.19,1301.64,-1.00 %,"463,939,429.10",-
BANKING,2023-07-26,1317.86,1333.9,1305.21,1314.77,-0.05 %,"477,025,468.30",-
BANKING,2023-07-25,1352.63,1357.0,1314.16,1315.38,-2.75 %,"662,896,441.23",-
BANKING,2023-07-24,1378.63,1394.8,1347.41,1352.63,-2.01 %,"1,347,224,885.90",-
BANKING,2023-07-23,1317.61,1381.27,1315.13,1380.31,4.99 %,"1,152,808,980.10",-
BANKING,2023-07-20,1313.8,1327.0,1306.52,1314.74,0.10 %,"662,625,555.40",-
BANKING,2023-07-19,1284.53,1317.25,1276.52,1313.48,2.31 %,"873,346,796.50",-
BANKING,2023-07-18,1270.9,1294.21,1271.9,1283.82,1.08 %,"613,688,355.40",-
BANKING,2023-07-17,1234.8,1270.44,1234.15,1270.08,2.86 %,"432,898,984.30",-
BANKING,2023-07-16,1218.55,1236.23,1218.55,1234.8,1.33 %,"315,582,129.20",-
BANKING,2023-07-13,1208.22,1232.72,1208.22,1218.55,0.31 %,"336,828,495.70",-
BANKING,2023-07-12,1206.01,1217.01,1204.81,1214.77,0.73 %,"277,344,800.60",-
BANKING,2023-07-11,1208.8,1213.65,1202.25,1206.0,-0.23 %,"310,748,481.50",-
BANKING,2023-07-10,1209.4,1221.31,1204.97,1208.79,-0.02 %,"399,079,686.50",-
BANKING,2023-07-09,1197.74,1219.57,1197.74,1209.0,0.68 %,"408,970,075.50",-
BANKING,2023-07-06,1204.48,1212.37,1197.68,1200.86,-0.30 %,"390,586,371.90",-
BANKING,2023-07-05,1210.32,1225.1,1202.22,1204.47,-0.90 %,"393,254,738.90",-
BANKING,2023-07-04,1212.86,1226.91,1209.48,1215.46,0.09 %,"307,934,409.80",-
BANKING,2023-07-03,1225.41,1228.55,1212.28,1214.4,-1.02 %,"339,843,128.15",-
BANKING,2023-07-02,1257.81,1262.34,1224.37,1226.95,-2.38 %,"460,790,658.75",-
BANKING,2023-06-28,1281.12,1302.51,1252.88,1256.83,-1.54 %,"570,695,101.90",-
BANKING,2023-06-27,1229.86,1276.6,1229.86,1276.49,3.93 %,"780,072,668.70",-
BANKING,2023-06-26,1219.85,1237.99,1219.85,1228.25,0.69 %,"600,758,313.30",-
BANKING,2023-06-25,1207.11,1223.19,1201.51,1219.85,1.06 %,"586,960,772.98",-
BANKING,2023-06-22,1214.05,1221.25,1202.81,1207.11,-0.57 %,"280,089,837.00",-
BANKING,2023-06-21,1224.98,1229.81,1212.05,1214.04,-0.83 %,"382,825,654.90",-
BANKING,2023-06-20,1224.54,1239.71,1221.4,1224.17,-0.04 %,"279,545,063.30",-
BANKING,2023-06-19,1233.63,1240.02,1223.29,1224.61,-0.67 %,"310,868,623.90",-
BANKING,2023-06-18,1235.44,1239.02,1228.69,1232.93,-0.29 %,"374,339,680.80",-
BANKING,2023-06-15,1242.73,1245.23,1231.39,1236.48,-0.19 %,"315,465,969.20",-
BANKING,2023-06-14,1222.45,1251.97,1221.2,1238.87,1.29 %,"570,511,477.40",-
BANKING,2023-06-13,1215.45,1228.8,1209.15,1223.13,0.63 %,"375,659,332.90",-
BANKING,2023-06-12,1212.74,1226.97,1212.43,1215.45,0.25 %,"248,192,708.10",-
BANKING,2023-06-11,1204.17,1215.92,1203.43,1212.44,0.74 %,"318,029,903.80",-
BANKING,2023-06-08,1208.53,1210.84,1200.99,1203.55,-0.26 %,"224,137,905.40",-
BANKING,2023-06-07,1210.28,1215.94,1204.9,1206.69,-0.22 %,"217,644,182.30",-
BANKING,2023-06-06,1207.51,1212.66,1201.12,1209.3,0.15 %,"203,429,264.60",-
BANKING,2023-06-05,1219.63,1229.55,1206.34,1207.5,-0.75 %,"198,006,655.70",-
BANKING,2023-06-04,1199.31,1233.11,1195.9,1216.66,1.45 %,"238,180,370.10",-
BANKING,2023-06-01,1193.11,1207.87,1185.59,1199.31,0.58 %,"265,026,491.10",-
BANKING,2023-05-31,1208.97,1214.6,1189.29,1192.36,-1.54 %,"392,338,988.20",-
BANKING,2023-05-30,1240.7,1240.7,1209.68,1211.03,-2.42 %,"339,090,122.80",-
BANKING,2023-05-28,1247.6,1261.5,1239.15,1241.04,-0.42 %,"374,258,742.00",-
BANKING,2023-05-24,1245.06,1259.14,1236.74,1246.25,0.17 %,"228,318,332.80",-
BANKING,2023-05-23,1222.84,1246.13,1222.84,1244.11,1.74 %,"345,218,179.00",-
BANKING,2023-05-22,1223.13,1226.39,1214.69,1222.83,-0.02 %,"202,060,844.70",-
BANKING,2023-05-21,1222.47,1237.14,1221.23,1223.12,0.05 %,"231,111,727.00",-
BANKING,2023-05-18,1210.53,1227.92,1209.92,1222.46,1.10 %,"285,844,342.20",-
BANKING,2023-05-17,1200.47,1213.42,1200.39,1209.14,0.72 %,"182,996,830.30",-
BANKING,2023-05-16,1201.8,1205.13,1196.66,1200.47,-0.11 %,"183,368,999.30",-
BANKING,2023-05-15,1205.5,1207.8,1197.35,1201.79,-0.31 %,"186,202,404.60",-
BANKING,2023-05-14,1213.85,1224.24,1200.58,1205.5,-0.71 %,"238,398,893.72",-
BANKING,2023-05-11,1211.96,1215.15,1207.87,1214.17,0.05 %,"120,598,037.50",-
BANKING,2023-05-10,1217.93,1224.28,1212.65,1213.54,-0.22 %,"152,701,678.70",-
BANKING,2023-05-09,1208.67,1224.05,1207.39,1216.17,0.30 %,"135,024,237.70",-
BANKING,2023-05-08,1219.95,1225.23,1208.69,1212.59,-0.53 %,"159,157,208.70",-
BANKING,2023-05-07,1229.48,1232.29,1217.78,1219.09,-0.74 %,"144,574,231.40",-
BANKING,2023-05-04,1224.03,1238.38,1216.77,1228.2,0.34 %,"158,804,203.70",-
BANKING,2023-05-03,1226.39,1228.96,1219.5,1224.03,-0.16 %,"131,523,388.00",-
BANKING,2023-05-02,1227.57,1237.23,1219.72,1226.01,-0.09 %,"163,260,834.90",-
BANKING,2023-04-30,1236.56,1239.54,1224.96,1227.08,-0.77 %,"224,452,631.60",-
BANKING,2023-04-27,1235.03,1241.2,1225.79,1236.56,0.24 %,"187,925,527.00",-
BANKING,2023-04-26,1243.23,1248.77,1231.5,1233.58,-0.62 %,"185,913,664.30",-
BANKING,2023-04-25,1227.63,1241.24,1226.75,1241.24,0.99 %,"168,502,387.50",-
BANKING,2023-04-24,1229.23,1232.85,1220.62,1229.07,-0.01 %,"150,980,374.40",-
BANKING,2023-04-23,1245.95,1248.92,1226.9,1229.23,-1.34 %,"198,191,860.90",-
BANKING,2023-04-20,1248.02,1261.76,1241.43,1245.94,-0.42 %,"294,772,931.80",-
BANKING,2023-04-19,1237.77,1259.92,1237.77,1251.24,0.76 %,"185,175,211.40",-
BANKING,2023-04-18,1237.61,1247.57,1233.13,1241.8,-0.00 %,"169,315,019.80",-
BANKING,2023-04-17,1254.99,1263.04,1240.09,1241.82,-1.05 %,"199,087,184.70",-
BANKING,2023-04-16,1254.84,1268.36,1245.21,1254.99,0.01 %,"176,697,086.70",-
BANKING,2023-04-13,1284.48,1292.37,1251.14,1254.84,-1.56 %,"307,294,554.50",-
BANKING,2023-04-12,1207.56,1276.02,1207.56,1274.74,5.46 %,"377,331,739.40",-
BANKING,2023-04-11,1194.46,1210.64,1192.16,1208.71,1.41 %,"207,402,126.40",-
BANKING,2023-04-10,1187.81,1196.5,1184.5,1191.94,0.35 %,"184,017,098.30",-
BANKING,2023-04-09,1203.73,1204.5,1184.69,1187.81,-1.26 %,"268,597,977.80",-
BANKING,2023-04-06,1203.53,1217.28,1198.63,1202.92,0.04 %,"185,851,596.80",-
BANKING,2023-04-05,1194.33,1203.67,1190.67,1202.38,0.65 %,"169,424,196.30",-
BANKING,2023-04-04,1202.4,1205.3,1190.08,1194.56,-0.48 %,"214,325,157.40",-
BANKING,2023-04-03,1209.31,1214.18,1195.84,1200.37,-0.74 %,"210,921,010.40",-
BANKING,2023-04-02,1224.17,1237.39,1207.58,1209.31,-1.08 %,"226,310,319.90",-
BANKING,2023-03-30,1228.53,1237.39,1219.02,1222.53,-0.42 %,"145,205,907.80",-
BANKING,2023-03-29,1230.2,1230.82,1218.14,1227.68,-0.01 %,"171,687,692.80",-
BANKING,2023-03-28,1224.06,1240.88,1224.06,1227.82,0.31 %,"218,647,325.10",-
BANKING,2023-03-27,1219.97,1226.95,1205.79,1224.06,0.26 %,"257,163,567.70",-
BANKING,2023-03-26,1238.75,1238.75,1216.73,1220.92,-1.42 %,"284,814,894.10",-
BANKING,2023-03-23,1246.5,1251.84,1225.64,1238.48,-0.64 %,"514,076,531.50",-
BANKING,2023-03-22,1255.0,1263.64,1243.44,1246.5,-0.61 %,"261,166,392.60",-
BANKING,2023-03-20,1247.41,1258.33,1246.71,1254.11,0.54 %,"237,384,295.30",-
BANKING,2023-03-19,1253.18,1258.76,1244.07,1247.41,-0.54 %,"223,714,807.70",-
BANKING,2023-03-16,1259.08,1259.97,1243.16,1254.13,-0.39 %,"244,945,999.90",-
BANKING,2023-03-15,1270.31,1273.29,1251.46,1259.08,-0.78 %,"304,315,010.90",-
BANKING,2023-03-14,1272.26,1279.6,1262.83,1269.02,-0.31 %,"312,593,567.40",-
BANKING,2023-03-13,1288.87,1292.65,1268.54,1272.96,-1.57 %,"289,105,194.30",-
BANKING,2023-03-12,1315.37,1322.09,1290.47,1293.32,-1.68 %,"226,961,765.40",-
BANKING,2023-03-09,1291.83,1316.6,1290.81,1315.37,1.82 %,"221,920,136.20",-
BANKING,2023-03-07,1285.08,1297.41,1283.38,1291.83,0.53 %,"181,973,963.30",-
BANKING,2023-03-05,1297.16,1303.98,1282.43,1285.08,-0.93 %,"203,214,183.10",-
BANKING,2023-03-02,1309.52,1311.47,1296.11,1297.16,-0.94 %,"210,470,893.10",-
BANKING,2023-03-01,1317.15,1322.1,1307.81,1309.52,-0.58 %,"186,557,115.80",-
BANKING,2023-02-28,1321.37,1330.0,1315.46,1317.15,-0.34 %,"160,210,412.10",-
BANKING,2023-02-27,1322.94,1335.45,1309.78,1321.68,0.83 %,"250,461,914.00",-
BANKING,2023-02-26,1334.69,1334.69,1303.52,1322.94,-0.87 %,"314,820,335.10",-
BANKING,2023-02-23,1357.87,1357.87,1328.07,1334.51,-1.78 %,"459,032,025.80",-
BANKING,2023-02-22,1343.2,1361.79,1338.45,1358.73,1.25 %,"270,055,626.80",-
BANKING,2023-02-20,1353.04,1353.59,1335.72,1341.9,-0.75 %,"325,926,197.20",-
BANKING,2023-02-16,1358.79,1363.85,1350.68,1352.01,-0.64 %,"226,386,676.30",-
BANKING,2023-02-15,1367.89,1373.87,1357.73,1360.66,-0.50 %,"275,779,261.90",-
BANKING,2023-02-14,1379.04,1379.04,1364.48,1367.51,-0.76 %,"265,664,799.40",-
BANKING,2023-02-12,1407.72,1407.72,1375.21,1377.99,-1.99 %,"345,780,016.60",-
BANKING,2023-02-09,1401.64,1406.93,1390.88,1405.96,0.31 %,"343,847,767.70",-
BANKING,2023-02-08,1403.61,1420.66,1397.22,1401.64,-0.03 %,"552,177,373.90",-
BANKING,2023-02-07,1370.34,1403.07,1368.41,1402.05,2.31 %,"446,118,208.40",-
BANKING,2023-02-06,1364.62,1370.35,1359.08,1370.34,0.41 %,"267,839,004.60",-
BANKING,2023-02-05,1365.47,1374.48,1360.72,1364.79,0.12 %,"326,382,901.20",-
BANKING,2023-02-02,1368.08,1377.84,1360.27,1363.13,-0.40 %,"366,913,508.50",-
BANKING,2023-02-01,1369.24,1372.91,1361.76,1368.56,0.10 %,"305,267,628.60",-
BANKING,2023-01-31,1379.15,1380.05,1365.59,1367.14,-0.79 %,"304,233,464.20",-
BANKING,2023-01-30,1388.87,1392.49,1376.37,1378.07,-1.13 %,"338,384,576.13",-
BANKING,2023-01-29,1402.25,1406.49,1391.97,1393.86,-0.52 %,"316,692,325.10",-
BANKING,2023-01-26,1408.3,1414.48,1398.69,1401.14,-0.43 %,"302,357,049.70",-
BANKING,2023-01-25,1417.15,1422.95,1406.69,1407.2,-0.53 %,"378,897,109.40",-
BANKING,2023-01-24,1417.87,1425.27,1406.72,1414.66,-0.15 %,"436,799,617.50",-
BANKING,2023-01-23,1411.17,1434.17,1410.83,1416.81,1.08 %,"953,966,103.50",-
BANKING,2023-01-19,1393.85,1410.05,1387.65,1401.64,0.66 %,"453,548,346.70",-
BANKING,2023-01-18,1404.65,1411.03,1389.58,1392.42,-0.71 %,"378,760,940.10",-
BANKING,2023-01-17,1410.38,1412.13,1395.57,1402.37,-0.32 %,"338,016,582.40",-
BANKING,2023-01-12,1432.73,1450.14,1403.0,1406.82,-1.06 %,"540,693,944.90",-
BANKING,2023-01-10,1414.88,1466.84,1414.88,1421.86,0.65 %,"1,155,282,863.60",-
BANKING,2023-01-09,1389.53,1413.4,1377.58,1412.67,2.11 %,"819,088,015.90",-
BANKING,2023-01-08,1389.35,1397.06,1382.71,1383.45,-0.88 %,"604,582,007.30",-
BANKING,2023-01-05,1404.07,1415.71,1390.48,1395.7,-0.34 %,"623,137,967.50",-
BANKING,2023-01-04,1388.98,1400.95,1382.34,1400.44,1.23 %,"431,676,138.90",-
BANKING,2023-01-03,1388.47,1396.47,1378.6,1383.45,-0.24 %,"430,209,361.80",-
BANKING,2023-01-02,1377.66,1394.18,1368.54,1386.83,1.04 %,"560,448,121.70",-
BANKING,2023-01-01,1372.73,1397.45,1365.71,1372.53,0.49 %,"693,571,945.80",-
BANKING,2022-12-29,1341.31,1367.09,1334.51,1365.78,1.82 %,"512,229,193.70",-
BANKING,2022-12-28,1359.46,1360.21,1339.29,1341.31,-0.99 %,"414,235,428.00",-
BANKING,2022-12-27,1323.06,1365.74,1323.06,1354.75,2.66 %,"858,574,635.00",-
BANKING,2022-12-26,1281.23,1319.72,1280.67,1319.68,3.35 %,"396,823,643.30",-
BANKING,2022-12-22,1274.49,1277.83,1270.25,1276.87,0.11 %,"283,561,628.70",-
BANKING,2022-12-21,1274.9,1284.76,1270.2,1275.49,0.27 %,"267,126,091.70",-
BANKING,2022-12-20,1266.58,1278.28,1266.31,1272.11,0.54 %,"207,463,894.20",-
BANKING,2022-12-19,1265.8,1271.03,1262.23,1265.24,-0.04 %,"231,265,751.90",-
BANKING,2022-12-18,1284.68,1285.13,1262.57,1265.8,-1.52 %,"329,714,063.00",-
BANKING,2022-12-15,1290.67,1293.06,1282.45,1285.38,-0.41 %,"189,755,866.90",-
BANKING,2022-12-14,1294.63,1302.69,1289.17,1290.67,-0.31 %,"180,067,494.60",-
BANKING,2022-12-13,1299.54,1303.39,1289.57,1294.66,-0.38 %,"235,354,798.20",-
BANKING,2022-12-12,1305.9,1305.9,1282.29,1299.54,-0.58 %,"443,473,346.80",-
BANKING,2022-12-11,1335.72,1337.46,1304.89,1307.13,-2.30 %,"277,838,055.80",-
BANKING,2022-12-07,1355.62,1356.96,1336.35,1337.93,-1.29 %,"231,164,104.20",-
BANKING,2022-12-06,1363.89,1364.13,1346.31,1355.35,-0.39 %,"217,951,183.10",-
BANKING,2022-12-05,1372.04,1375.46,1357.96,1360.66,-0.71 %,"258,288,724.30",-
BANKING,2022-12-04,1379.74,1386.46,1368.1,1370.44,-0.67 %,"401,123,213.20",-
BANKING,2022-12-01,1361.42,1382.56,1359.01,1379.74,0.99 %,"324,564,053.60",-
BANKING,2022-11-30,1366.57,1368.92,1360.24,1366.26,-0.02 %,"190,845,433.70",-
BANKING,2022-11-29,1369.13,1373.14,1355.65,1366.57,-0.07 %,"214,711,770.00",-
BANKING,2022-11-28,1380.82,1388.27,1366.34,1367.55,-0.73 %,"327,451,078.90",-
BANKING,2022-11-27,1358.21,1377.6,1356.25,1377.6,1.42 %,"330,189,053.90",-
BANKING,2022-11-24,1352.89,1358.3,1346.1,1358.3,0.44 %,"165,909,275.00",-
BANKING,2022-11-23,1359.78,1361.63,1347.7,1352.35,-0.50 %,"314,116,540.90",-
BANKING,2022-11-22,1359.14,1372.92,1355.13,1359.18,0.09 %,"315,493,313.80",-
BANKING,2022-11-17,1345.65,1358.04,1345.65,1357.92,0.91 %,"140,390,500.50",-
BANKING,2022-11-16,1337.12,1345.7,1335.72,1345.65,0.61 %,"105,441,783.10",-
BANKING,2022-11-15,1336.38,1346.31,1335.98,1337.48,0.08 %,"105,698,240.20",-
BANKING,2022-11-14,1331.79,1337.3,1328.0,1336.38,0.35 %,"112,481,644.10",-
BANKING,2022-11-13,1336.0,1342.79,1329.78,1331.78,-0.40 %,"96,358,471.50",-
BANKING,2022-11-10,1347.72,1355.97,1334.79,1337.08,-0.68 %,"144,661,115.60",-
BANKING,2022-11-09,1359.23,1372.06,1344.49,1346.3,-1.03 %,"174,932,756.70",-
BANKING,2022-11-08,1364.32,1365.62,1357.59,1360.34,-0.29 %,"166,932,240.00",-
BANKING,2022-11-07,1370.36,1374.78,1362.27,1364.31,-0.29 %,"232,493,957.90",-
BANKING,2022-11-06,1359.3,1368.96,1352.3,1368.26,0.84 %,"257,694,457.00",-
BANKING,2022-11-03,1369.4,1369.4,1354.8,1356.88,-0.83 %,"206,765,550.00",-
BANKING,2022-11-02,1373.19,1379.93,1360.77,1368.24,-0.19 %,"260,074,528.20",-
BANKING,2022-11-01,1343.24,1376.44,1338.21,1370.85,2.20 %,"307,970,317.90",-
BANKING,2022-10-31,1324.85,1342.61,1324.85,1341.38,0.00 %,"275,346,727.40",-
BANKING,2022-10-23,1310.98,1321.89,1309.89,1321.22,0.84 %,"180,258,581.50",-
BANKING,2022-10-20,1310.26,1312.52,1302.88,1310.17,-0.01 %,"111,681,680.90",-
BANKING,2022-10-19,1312.0,1314.5,1305.25,1310.26,-0.21 %,"110,490,596.60",-
BANKING,2022-10-17,1312.59,1317.26,1306.43,1313.06,0.12 %,"144,227,614.90",-
BANKING,2022-10-16,1307.72,1311.79,1299.28,1311.54,0.25 %,"186,279,837.30",-
BANKING,2022-10-13,1307.35,1315.73,1300.01,1308.29,0.07 %,"181,042,610.50",-
BANKING,2022-10-12,1302.08,1309.06,1299.29,1307.35,0.32 %,"123,536,915.70",-
BANKING,2022-10-11,1312.96,1312.95,1300.66,1303.12,-0.74 %,"106,233,637.25",-
BANKING,2022-10-10,1331.61,1334.2,1308.88,1312.83,-1.14 %,"125,610,497.20",-
BANKING,2022-10-09,1302.37,1328.4,1302.2,1327.93,1.96 %,"125,178,058.80",-
BANKING,2022-09-29,1287.99,1302.36,1285.68,1302.36,1.03 %,"99,612,786.50",-
BANKING,2022-09-28,1285.47,1293.4,1285.47,1289.02,0.28 %,"77,378,339.10",-
BANKING,2022-09-27,1272.06,1289.3,1271.69,1285.47,0.99 %,"94,865,273.90",-
BANKING,2022-09-25,1280.78,1281.82,1265.97,1272.91,-0.64 %,"431,205,910.90",-
BANKING,2022-09-22,1281.31,1287.92,1275.71,1281.08,-0.02 %,"101,456,371.10",-
BANKING,2022-09-21,1274.79,1289.01,1274.54,1281.31,0.53 %,"127,442,003.30",-
BANKING,2022-09-20,1293.65,1295.57,1273.14,1274.57,-1.55 %,"201,678,728.82",-
BANKING,2022-09-18,1306.0,1308.36,1290.45,1294.61,-0.94 %,"413,682,300.50",-
BANKING,2022-09-16,1312.66,1312.66,1294.85,1306.94,-0.52 %,"112,804,536.20",-
BANKING,2022-09-15,1338.13,1343.26,1311.01,1313.81,-1.82 %,"403,765,132.30",-
BANKING,2022-09-14,1315.16,1338.78,1315.15,1338.13,1.86 %,"193,172,000.40",-
BANKING,2022-09-13,1302.41,1315.79,1302.41,1313.67,0.86 %,"153,383,781.50",-
BANKING,2022-09-12,1307.58,1310.85,1297.77,1302.41,-0.39 %,"134,863,688.70",-
BANKING,2022-09-11,1310.07,1316.89,1305.93,1307.57,-0.25 %,"122,511,281.40",-
BANKING,2022-09-08,1314.04,1316.08,1307.49,1310.91,-0.31 %,"151,220,470.50",-
BANKING,2022-09-07,1319.37,1322.88,1311.78,1314.97,-0.41 %,"121,098,936.80",-
BANKING,2022-09-06,1327.19,1329.41,1318.23,1320.35,-0.52 %,"149,460,895.30",-
BANKING,2022-09-05,1328.01,1335.38,1325.86,1327.19,-0.10 %,"132,732,106.00",-
BANKING,2022-09-04,1327.04,1336.02,1324.04,1328.58,0.12 %,"160,484,956.40",-
BANKING,2022-09-02,1327.81,1337.22,1324.64,1327.03,-0.13 %,"109,411,936.70",-
BANKING,2022-09-01,1330.92,1331.88,1323.89,1328.8,-0.16 %,"139,042,530.80",-
BANKING,2022-08-31,1337.13,1341.01,1329.69,1330.99,-0.53 %,"135,352,911.30",-
BANKING,2022-08-30,1338.82,1347.59,1335.81,1338.06,-0.06 %,"157,113,498.90",-
BANKING,2022-08-29,1337.94,1340.99,1330.01,1338.82,-0.01 %,"155,512,337.50",-
BANKING,2022-08-28,1349.93,1349.92,1336.0,1338.96,-0.78 %,"216,143,160.30",-
BANKING,2022-08-26,1360.3,1360.3,1347.68,1349.46,0.00 %,"105,898,877.14",-
BANKING,2022-08-25,1364.3,1369.58,1357.68,1359.16,0.00 %,"158,458,239.30",-
BANKING,2022-08-24,1361.1,1375.85,1359.98,1364.05,0.00 %,"202,404,549.00",-
BANKING,2022-08-23,1355.65,1362.5,1354.04,1361.47,0.00 %,"178,591,219.40",-
BANKING,2022-08-22,1358.7,1362.08,1351.28,1356.49,0.00 %,"221,766,174.00",-
BANKING,2022-08-21,1356.67,1368.14,1355.78,1357.97,0.00 %,"203,214,242.90",-
BANKING,2022-08-18,1349.84,1359.73,1349.62,1356.66,0.00 %,"196,340,795.00",-
BANKING,2022-08-17,1352.48,1357.92,1347.3,1348.73,0.00 %,"171,412,930.50",-
BANKING,2022-08-16,1358.8,1368.65,1351.11,1352.48,0.00 %,"221,053,184.00",-
BANKING,2022-08-15,1338.34,1355.98,1335.19,1355.9,0.00 %,"240,510,422.20",-
BANKING,2022-08-14,1349.46,1351.98,1337.47,1339.27,0.00 %,"211,275,890.10",-
BANKING,2022-08-11,1353.06,1359.76,1346.97,1348.23,0.00 %,"211,200,053.00",-
BANKING,2022-08-10,1357.31,1360.05,1345.74,1351.26,0.00 %,"279,411,096.10",-
BANKING,2022-08-09,1375.7,1378.59,1355.78,1356.57,0.00 %,"329,021,369.10",-
BANKING,2022-08-08,1383.84,1390.31,1371.6,1374.61,0.00 %,"354,441,854.40",-
BANKING,2022-08-07,1375.76,1389.53,1372.66,1380.46,0.00 %,"358,275,399.80",-
BANKING,2022-08-05,1404.16,1404.16,1377.45,1380.23,0.00 %,"310,867,444.40",-
BANKING,2022-08-04,1427.92,1430.51,1400.39,1402.39,0.00 %,"368,742,857.20",-
BANKING,2022-08-03,1436.63,1444.54,1420.56,1422.45,0.00 %,"538,920,271.20",-
BANKING,2022-08-02,1438.62,1442.42,1423.99,1432.35,0.00 %,"265,307,808.80",-
BANKING,2022-08-01,1434.7,1452.26,1426.74,1438.61,0.00 %,"570,494,200.50",-
BANKING,2022-07-31,1392.68,1432.91,1392.67,1432.91,0.00 %,"601,848,775.10",-
BANKING,2022-07-29,1389.37,1397.85,1384.19,1392.28,0.00 %,"187,251,419.10",-
BANKING,2022-07-28,1388.51,1396.03,1382.9,1389.0,0.00 %,"433,404,519.50",-
BANKING,2022-07-27,1387.42,1393.92,1376.9,1387.34,0.00 %,"264,865,260.30",-
BANKING,2022-07-26,1411.97,1412.24,1384.67,1386.42,0.00 %,"387,139,787.20",-
BANKING,2022-07-25,1392.03,1412.11,1391.53,1411.7,0.00 %,"493,910,785.70",-
BANKING,2022-07-24,1371.58,1390.19,1371.52,1390.19,0.00 %,"400,895,355.00",-
BANKING,2022-07-22,1382.5,1383.54,1366.02,1367.31,0.00 %,"202,697,002.20",-
BANKING,2022-07-21,1383.42,1393.43,1375.42,1382.48,0.00 %,"341,129,515.10",-
BANKING,2022-07-20,1379.65,1384.59,1373.65,1379.78,0.00 %,"232,993,767.10",-
BANKING,2022-07-19,1373.78,1388.31,1372.62,1380.33,0.00 %,"405,364,325.20",-
BANKING,2022-07-18,1371.79,1374.09,1363.78,1373.78,0.00 %,"199,302,030.10",-
BANKING,2022-07-17,1365.06,1371.93,1352.82,1371.78,0.00 %,"225,646,414.70",-
BANKING,2022-07-15,1345.88,1363.85,1343.27,1363.39,0.00 %,"318,060,786.40",-
BANKING,2022-07-14,1336.57,1357.0,1335.82,1344.85,0.00 %,"721,585,524.30",-
BANKING,2022-07-13,1313.16,1335.78,1313.16,1335.6,0.00 %,"550,662,230.60",-
BANKING,2022-07-12,1308.26,1319.98,1302.72,1309.18,0.00 %,"319,042,469.90",-
BANKING,2022-07-11,1347.31,1347.3,1306.29,1308.25,0.00 %,"421,307,383.00",-
BANKING,2022-07-08,1363.03,1363.03,1343.4,1345.46,0.00 %,"211,894,385.40",-
BANKING,2022-07-07,1372.87,1387.92,1356.92,1360.61,0.00 %,"320,851,266.00",-
BANKING,2022-07-06,1375.95,1379.03,1352.58,1370.06,0.00 %,"356,962,523.10",-
BANKING,2022-07-05,1387.7,1391.25,1366.87,1369.91,0.00 %,"293,443,520.20",-
BANKING,2022-07-04,1395.21,1412.98,1383.85,1387.08,0.00 %,"590,882,010.90",-
BANKING,2022-07-03,1372.23,1389.05,1366.44,1389.05,0.00 %,"322,771,056.80",-
BANKING,2022-07-01,1382.34,1392.62,1369.82,1372.22,0.00 %,"233,137,184.30",-
BANKING,2022-06-30,1352.07,1382.08,1352.07,1380.54,0.00 %,"318,234,429.00",-
BANKING,2022-06-29,1342.06,1352.31,1337.39,1351.38,0.00 %,"177,932,059.80",-
BANKING,2022-06-28,1343.95,1343.94,1326.69,1340.89,0.00 %,"137,479,752.39",-
BANKING,2022-06-27,1360.65,1373.35,1339.37,1340.6,0.00 %,"284,160,130.80",-
BANKING,2022-06-26,1318.46,1352.98,1318.34,1352.98,0.00 %,"473,069,500.80",-
BANKING,2022-06-24,1315.12,1325.48,1292.17,1317.48,0.00 %,"285,199,895.60",-
BANKING,2022-06-23,1334.19,1334.19,1310.0,1315.11,0.00 %,"452,279,603.86",-
BANKING,2022-06-22,1353.21,1357.89,1334.67,1336.4,0.00 %,"227,345,188.20",-
BANKING,2022-06-21,1335.0,1355.71,1329.78,1352.11,0.00 %,"237,421,161.70",-
BANKING,2022-06-20,1357.16,1357.16,1331.83,1335.58,0.00 %,"325,254,112.60",-
BANKING,2022-06-19,1369.89,1373.82,1355.17,1356.53,0.00 %,"325,603,308.20",-
BANKING,2022-06-17,1375.0,1384.63,1368.25,1369.13,0.00 %,"297,109,567.00",-
BANKING,2022-06-16,1368.6,1383.5,1355.51,1374.21,0.00 %,"344,888,506.60",-
BANKING,2022-06-15,1390.17,1390.53,1357.78,1367.83,0.00 %,"326,474,944.30",-
BANKING,2022-06-14,1397.85,1399.04,1380.57,1385.39,0.00 %,"236,303,422.90",-
BANKING,2022-06-13,1410.0,1413.05,1395.4,1397.85,0.00 %,"390,655,606.40",-
BANKING,2022-06-10,1419.31,1424.24,1395.71,1408.91,0.00 %,"271,094,240.00",-
BANKING,2022-06-09,1422.12,1441.52,1411.62,1413.18,0.00 %,"326,684,982.23",-
BANKING,2022-06-08,1388.51,1428.54,1385.5,1419.07,0.00 %,"408,493,298.60",-
BANKING,2022-06-07,1427.27,1427.27,1387.78,1389.57,0.00 %,"376,588,258.70",-
BANKING,2022-06-06,1447.5,1456.44,1421.78,1427.0,0.00 %,"322,199,546.32",-
BANKING,2022-06-03,1474.9,1482.58,1445.61,1447.5,0.00 %,"363,472,556.30",-
BANKING,2022-06-02,1482.77,1490.77,1469.61,1472.19,0.00 %,"267,663,177.10",-
BANKING,2022-06-01,1488.35,1495.4,1476.46,1483.31,0.00 %,"308,623,714.00",-
BANKING,2022-05-31,1515.63,1515.63,1484.05,1488.35,0.00 %,"292,453,035.90",-
BANKING,2022-05-30,1555.77,1556.95,1517.36,1517.36,0.00 %,"274,427,242.60",-
BANKING,2022-05-27,1559.39,1563.89,1542.89,1548.87,0.00 %,"306,324,243.70",-
BANKING,2022-05-26,1552.11,1555.06,1537.72,1555.06,0.00 %,"243,929,788.00",-
BANKING,2022-05-25,1536.38,1544.42,1531.85,1539.93,0.00 %,"159,564,742.80",-
BANKING,2022-05-24,1529.64,1537.08,1521.77,1531.74,0.00 %,"171,871,802.70",-
BANKING,2022-05-23,1554.56,1562.11,1523.06,1525.82,0.00 %,"250,764,448.90",-
BANKING,2022-05-20,1551.1,1552.39,1541.05,1543.48,0.00 %,"140,606,702.10",-
BANKING,2022-05-19,1556.86,1564.11,1547.93,1550.29,0.00 %,"180,959,381.70",-
BANKING,2022-05-18,1553.2,1556.85,1543.3,1556.85,0.00 %,"146,965,855.40",-
BANKING,2022-05-17,1591.16,1591.8,1552.47,1553.2,0.00 %,"187,775,199.10",-
BANKING,2022-05-12,1595.16,1608.17,1586.31,1591.15,0.00 %,"266,909,221.20",-
BANKING,2022-05-11,1569.51,1593.05,1569.51,1592.88,0.00 %,"244,875,665.40",-
BANKING,2022-05-10,1546.96,1569.51,1546.96,1569.51,0.00 %,"189,384,165.50",-
BANKING,2022-05-09,1543.01,1557.34,1537.73,1546.96,0.00 %,"258,117,480.20",-
BANKING,2022-05-08,1534.29,1538.3,1516.48,1532.19,0.00 %,"234,921,640.00",-
BANKING,2022-05-05,1550.71,1552.82,1528.56,1534.73,0.00 %,"348,153,172.10",-
BANKING,2022-05-04,1568.68,1568.67,1546.1,1550.71,0.00 %,"195,471,397.10",-
BANKING,2022-05-02,1581.25,1581.25,1561.97,1563.94,-1.03 %,"235,743,522.79",-
BANKING,2022-04-28,1593.25,1596.86,1578.06,1580.2,0.00 %,"281,836,387.00",-
BANKING,2022-04-27,1589.7,1590.04,1574.21,1586.58,0.00 %,"171,035,374.20",-
BANKING,2022-04-26,1594.57,1603.3,1582.57,1589.43,0.00 %,"209,176,672.60",-
BANKING,2022-04-25,1613.18,1621.68,1592.98,1594.56,0.00 %,"290,301,460.40",-
BANKING,2022-04-24,1578.37,1615.11,1573.37,1611.07,0.00 %,"319,019,384.80",-
BANKING,2022-04-21,1585.07,1588.29,1554.48,1568.95,0.00 %,"314,821,564.00",-
BANKING,2022-04-20,1597.91,1598.4,1570.96,1573.52,0.00 %,"326,170,460.10",-
BANKING,2022-04-19,1585.24,1589.56,1561.08,1584.94,0.00 %,"252,674,118.40",-
BANKING,2022-04-18,1596.29,1597.06,1576.96,1578.91,0.00 %,"263,749,908.50",-
BANKING,2022-04-17,1615.56,1623.2,1592.62,1595.45,0.00 %,"239,155,601.90",-
BANKING,2022-04-13,1588.01,1604.46,1579.47,1604.35,0.00 %,"265,081,098.90",-
BANKING,2022-04-12,1605.16,1606.08,1583.33,1586.8,0.00 %,"279,578,364.40",-
BANKING,2022-04-11,1615.79,1638.67,1595.47,1599.74,0.00 %,"393,711,461.40",-
BANKING,2022-04-07,1593.13,1617.41,1593.1,1611.97,0.00 %,"457,708,919.80",-
BANKING,2022-04-06,1611.33,1612.49,1590.78,1593.1,0.00 %,"347,675,855.70",-
BANKING,2022-04-05,1643.73,1644.27,1602.9,1611.32,0.00 %,"497,799,018.40",-
BANKING,2022-04-04,1644.15,1645.07,1627.54,1630.12,0.00 %,"290,759,874.70",-
BANKING,2022-04-03,1642.12,1646.28,1631.7,1634.28,0.00 %,"219,671,580.00",-
BANKING,2022-03-31,1649.03,1660.08,1640.82,1642.66,0.00 %,"325,937,588.60",-
BANKING,2022-03-30,1641.37,1650.67,1636.57,1649.02,0.00 %,"318,845,527.16",-
BANKING,2022-03-29,1650.74,1658.68,1641.91,1645.19,0.00 %,"328,051,437.70",-
BANKING,2022-03-28,1659.19,1661.83,1646.53,1650.73,0.00 %,"296,750,423.86",-
BANKING,2022-03-27,1680.21,1687.46,1656.88,1659.18,0.00 %,"419,905,964.80",-
BANKING,2022-03-24,1692.17,1692.28,1677.67,1680.2,0.00 %,"312,866,126.20",-
BANKING,2022-03-23,1703.58,1706.01,1687.29,1693.09,0.00 %,"333,986,727.70",-
BANKING,2022-03-22,1695.42,1709.06,1694.98,1702.22,0.00 %,"296,201,900.90",-
BANKING,2022-03-21,1690.82,1697.36,1678.16,1695.42,0.00 %,"341,158,479.40",-
BANKING,2022-03-20,1698.49,1706.23,1684.79,1689.5,0.00 %,"316,118,171.00",-
BANKING,2022-03-16,1709.33,1714.75,1695.68,1697.53,0.00 %,"314,639,874.80",-
BANKING,2022-03-15,1722.29,1723.77,1703.15,1709.33,0.00 %,"399,426,774.80",-
BANKING,2022-03-14,1727.47,1734.21,1712.16,1720.39,0.00 %,"181,937,943.00",-
BANKING,2022-03-13,1667.53,1719.9,1667.52,1719.68,0.00 %,"579,448,538.70",-
BANKING,2022-03-10,1643.91,1665.09,1639.8,1664.96,0.00 %,"467,855,406.00",-
BANKING,2022-03-09,1662.68,1667.68,1644.92,1646.93,0.00 %,"357,495,471.40",-
BANKING,2022-03-07,1652.09,1670.71,1652.09,1661.28,0.00 %,"463,629,638.50",-
BANKING,2022-03-06,1644.58,1668.32,1644.58,1654.88,0.00 %,"346,704,155.50",-
BANKING,2022-03-02,1677.15,1677.15,1648.27,1651.61,0.00 %,"584,411,076.50",-
BANKING,2022-02-28,1695.11,1712.67,1677.19,1678.45,0.00 %,"431,326,447.40",-
BANKING,2022-02-27,1702.0,1709.19,1687.7,1693.78,0.00 %,"390,635,354.90",-
BANKING,2022-02-24,1732.57,1733.18,1700.8,1705.11,0.00 %,"486,410,976.50",-
BANKING,2022-02-23,1743.2,1748.56,1732.02,1734.97,0.00 %,"271,951,319.40",-
BANKING,2022-02-22,1736.46,1749.57,1736.46,1744.66,0.00 %,"359,459,604.60",-
BANKING,2022-02-21,1720.19,1736.46,1719.77,1736.46,0.00 %,"346,808,807.20",-
BANKING,2022-02-20,1730.65,1731.83,1706.43,1720.18,0.00 %,"394,856,553.00",-
BANKING,2022-02-17,1746.01,1752.75,1743.2,1745.93,0.00 %,"279,629,516.30",-
BANKING,2022-02-16,1757.66,1762.69,1743.72,1746.0,0.00 %,"287,130,309.50",-
BANKING,2022-02-15,1743.06,1752.33,1733.59,1751.29,0.00 %,"399,646,991.60",-
BANKING,2022-02-14,1739.37,1756.61,1732.93,1736.72,0.00 %,"409,630,000.60",-
BANKING,2022-02-13,1766.96,1767.59,1734.55,1739.94,0.00 %,"821,726,435.55",-
BANKING,2022-02-10,1792.84,1799.39,1779.46,1782.6,0.00 %,"413,252,171.63",-
BANKING,2022-02-09,1805.82,1807.71,1789.97,1793.39,0.00 %,"423,875,745.60",-
BANKING,2022-02-08,1829.92,1859.86,1801.71,1805.82,0.00 %,"526,616,296.00",-
BANKING,2022-02-07,1815.91,1823.19,1810.85,1812.12,0.00 %,"422,792,004.00",-
BANKING,2022-02-06,1834.92,1836.0,1813.09,1815.9,0.00 %,"459,938,364.10",-
BANKING,2022-02-03,1843.19,1858.97,1832.08,1834.91,0.00 %,"688,124,353.60",-
BANKING,2022-02-01,1835.27,1844.08,1823.45,1841.1,0.00 %,"534,043,952.60",-
BANKING,2022-01-31,1862.86,1867.43,1834.29,1835.8,0.00 %,"403,098,399.30",-
BANKING,2022-01-30,1820.45,1864.7,1820.44,1855.32,0.00 %,"618,611,316.80",-
BANKING,2022-01-27,1811.57,1825.44,1807.57,1808.33,0.00 %,"420,167,162.80",-
BANKING,2022-01-26,1833.39,1836.69,1809.6,1812.66,0.00 %,"569,500,555.30",-
BANKING,2022-01-25,1846.51,1856.64,1811.89,1835.41,0.00 %,"785,217,786.40",-
BANKING,2022-01-24,1900.5,1900.5,1831.55,1839.02,0.00 %,"1,409,118,787.30",-
BANKING,2022-01-23,1918.13,1928.11,1885.57,1893.29,0.00 %,"1,249,066,370.40",-
BANKING,2022-01-20,1912.14,1915.03,1896.0,1909.96,0.00 %,"740,761,760.80",-
BANKING,2022-01-19,1943.86,1943.86,1904.4,1910.97,0.00 %,"956,204,561.00",-
BANKING,2022-01-18,1902.94,1950.26,1897.69,1925.06,0.00 %,"1,672,255,136.30",-
BANKING,2022-01-17,1896.75,1914.74,1881.56,1902.68,0.00 %,"1,018,292,241.90",-
BANKING,2022-01-16,1849.68,1883.23,1849.03,1883.09,0.00 %,"1,377,442,333.70",-
BANKING,2022-01-13,1833.41,1844.18,1827.79,1843.38,0.00 %,"718,621,437.00",-
BANKING,2022-01-12,1862.34,1864.87,1832.03,1833.51,0.00 %,"1,109,359,204.20",-
BANKING,2022-01-11,1857.01,1859.25,1840.71,1855.68,0.00 %,"756,227,563.90",-
BANKING,2022-01-10,1873.81,1880.53,1842.77,1852.03,0.00 %,"1,173,274,662.80",-
BANKING,2022-01-09,1840.36,1873.06,1840.35,1867.32,0.00 %,"1,477,828,915.90",-
BANKING,2022-01-06,1793.76,1832.96,1785.25,1832.29,0.00 %,"838,643,562.80",-
BANKING,2022-01-05,1833.49,1840.34,1793.2,1797.22,0.00 %,"783,351,215.10",-
BANKING,2022-01-04,1761.46,1825.13,1748.16,1825.13,0.00 %,"1,132,630,006.90",-
BANKING,2022-01-03,1744.2,1768.14,1742.86,1761.46,0.00 %,"970,214,818.10",-
BANKING,2022-01-02,1718.18,1736.35,1702.58,1736.06,0.00 %,"936,044,696.60",-
BANKING,2021-12-29,1701.37,1709.71,1696.68,1702.12,0.00 %,"1,072,725,033.60",-
BANKING,2021-12-28,1711.11,1711.11,1691.6,1701.37,0.00 %,"616,405,204.90",-
BANKING,2021-12-27,1739.74,1748.23,1708.09,1710.1,0.00 %,"981,320,558.65",-
BANKING,2021-12-26,1725.62,1744.64,1725.02,1737.21,0.00 %,"962,169,200.20",-
BANKING,2021-12-23,1728.23,1728.22,1704.08,1716.62,0.00 %,"583,705,230.60",-
BANKING,2021-12-22,1688.87,1717.49,1685.32,1712.7,0.00 %,"643,250,276.30",-
BANKING,2021-12-21,1642.65,1676.28,1642.03,1675.56,0.00 %,"623,772,328.30",-
BANKING,2021-12-20,1667.2,1668.31,1634.2,1642.65,0.00 %,"559,760,371.10",-
BANKING,2021-12-16,1657.68,1661.71,1641.92,1650.51,0.00 %,"478,532,340.90",-
BANKING,2021-12-15,1668.45,1708.06,1639.97,1656.19,0.00 %,"686,047,639.90",-
BANKING,2021-12-14,1596.98,1665.47,1596.97,1665.47,0.00 %,"300,025,026.80",-
BANKING,2021-12-13,1627.78,1627.77,1580.04,1596.97,0.00 %,"741,652,269.30",-
BANKING,2021-12-12,1675.27,1679.31,1628.48,1631.09,0.00 %,"592,114,698.50",-
BANKING,2021-12-09,1677.84,1684.44,1658.83,1675.48,0.00 %,"462,596,879.01",-
BANKING,2021-12-08,1702.16,1704.45,1672.11,1677.84,0.00 %,"446,501,745.20",-
BANKING,2021-12-07,1720.17,1739.99,1703.05,1703.97,0.00 %,"559,653,069.80",-
BANKING,2021-12-06,1700.68,1719.02,1657.95,1717.52,0.00 %,"800,774,277.00",-
BANKING,2021-12-05,1744.66,1745.7,1699.91,1704.52,0.00 %,"775,786,029.40",-
BANKING,2021-12-02,1763.64,1770.4,1741.21,1745.25,0.00 %,"638,492,734.06",-
BANKING,2021-12-01,1761.38,1772.27,1761.16,1763.02,0.00 %,"434,220,962.20",-
BANKING,2021-11-30,1767.0,1773.56,1747.93,1761.38,0.00 %,"593,234,244.50",-
BANKING,2021-11-29,1776.34,1789.12,1763.56,1767.94,0.00 %,"553,711,212.60",-
BANKING,2021-11-28,1812.6,1813.79,1777.13,1778.83,0.00 %,"782,993,241.80",-
BANKING,2021-11-25,1803.35,1822.94,1798.57,1813.79,0.00 %,"843,687,589.50",-
BANKING,2021-11-24,1810.72,1812.7,1790.31,1804.02,0.00 %,"559,831,769.60",-
BANKING,2021-11-23,1826.52,1827.9,1807.04,1811.13,0.00 %,"575,873,210.60",-
BANKING,2021-11-22,1824.21,1833.88,1823.06,1826.53,0.00 %,"513,558,613.40",-
BANKING,2021-11-21,1831.68,1836.47,1820.3,1823.63,0.00 %,"511,492,864.00",-
BANKING,2021-11-18,1857.52,1858.34,1825.97,1828.73,0.00 %,"690,314,371.50",-
BANKING,2021-11-17,1857.67,1863.5,1849.04,1850.79,0.00 %,"872,609,802.20",-
BANKING,2021-11-16,1814.32,1846.49,1812.84,1846.07,0.00 %,"772,020,449.40",-
BANKING,2021-11-15,1810.73,1831.2,1810.31,1811.69,0.00 %,"560,198,452.20",-
BANKING,2021-11-14,1822.93,1823.39,1806.38,1810.73,0.00 %,"608,043,041.80",-
BANKING,2021-11-11,1846.07,1847.72,1817.7,1818.16,0.00 %,"971,077,171.10",-
BANKING,2021-11-09,1883.39,1886.55,1840.44,1847.24,0.00 %,"1,231,126,095.80",-
BANKING,2021-11-08,1905.96,1910.15,1882.12,1883.18,0.00 %,"731,582,111.10",-
BANKING,2021-11-03,1907.69,1926.16,1899.91,1903.14,0.00 %,"1,870,022,614.90",-
BANKING,2021-11-02,1900.16,1900.34,1883.61,1894.81,0.00 %,"826,320,677.20",-
BANKING,2021-11-01,1903.91,1909.85,1880.44,1895.04,0.00 %,"1,499,108,443.00",-
BANKING,2021-10-31,1899.15,1904.11,1886.97,1890.35,0.00 %,"1,752,413,779.60",-
BANKING,2021-10-28,1902.0,1903.86,1890.16,1893.3,0.00 %,"988,409,364.90",-
BANKING,2021-10-27,1887.58,1917.0,1869.81,1901.56,0.00 %,"1,430,294,116.10",-
BANKING,2021-10-26,1848.29,1890.54,1842.95,1888.29,0.00 %,"1,372,857,511.00",-
BANKING,2021-10-25,1812.5,1843.46,1808.66,1843.28,0.00 %,"800,900,421.30",-
BANKING,2021-10-24,1798.58,1806.94,1786.03,1805.88,0.00 %,"719,003,904.00",-
BANKING,2021-10-21,1808.03,1818.02,1791.98,1799.75,0.00 %,"985,963,495.00",-
BANKING,2021-10-20,1786.58,1836.15,1786.36,1806.4,0.00 %,"690,702,818.00",-
BANKING,2021-10-19,1822.23,1826.05,1759.15,1773.78,0.00 %,"921,321,247.90",-
BANKING,2021-10-18,1863.21,1863.52,1818.49,1825.08,0.00 %,"800,326,258.40",-
BANKING,2021-10-17,1863.38,1873.96,1846.61,1862.19,0.00 %,"446,272,774.20",-
BANKING,2021-10-11,1875.07,1876.08,1843.96,1855.95,0.00 %,"917,989,498.30",-
BANKING,2021-10-10,1882.27,1903.79,1867.04,1872.2,0.00 %,"989,932,367.82",-
BANKING,2021-10-06,1856.37,1886.35,1856.38,1878.54,0.00 %,"1,007,714,124.70",-
BANKING,2021-10-05,1836.26,1858.67,1835.26,1855.32,0.00 %,"610,349,058.30",-
BANKING,2021-10-04,1840.4,1852.5,1821.92,1836.58,0.00 %,"854,170,881.00",-
BANKING,2021-10-03,1869.98,1879.84,1837.71,1840.45,0.00 %,"887,477,725.20",-
BANKING,2021-09-30,1892.75,1903.44,1864.17,1869.4,0.00 %,"988,347,411.20",-
BANKING,2021-09-29,1872.54,1890.1,1842.16,1890.01,0.00 %,"1,196,364,536.10",-
BANKING,2021-09-28,1905.82,1907.34,1858.16,1869.71,0.00 %,"1,442,374,606.70",-
BANKING,2021-09-27,1951.41,1952.36,1896.67,1905.74,0.00 %,"1,099,440,271.50",-
BANKING,2021-09-26,1992.72,2008.51,1946.66,1949.82,0.00 %,"1,916,476,548.10",-
BANKING,2021-09-23,1942.11,1997.61,1942.11,1968.12,0.00 %,"2,959,227,961.10",-
BANKING,2021-09-22,1861.38,1921.43,1861.39,1920.76,0.00 %,"1,198,337,088.50",-
BANKING,2021-09-21,1849.14,1889.82,1811.16,1859.83,0.00 %,"1,475,266,461.80",-
BANKING,2021-09-20,1911.82,1915.33,1855.46,1856.1,0.00 %,"1,609,465,206.00",-
BANKING,2021-09-16,1950.54,1950.96,1899.2,1907.55,0.00 %,"1,622,366,691.93",-
BANKING,2021-09-15,1970.1,1973.67,1945.71,1948.69,0.00 %,"784,650,051.50",-
BANKING,2021-09-14,1975.84,1986.75,1962.17,1969.35,0.00 %,"1,036,858,034.00",-
BANKING,2021-09-13,1961.42,1993.64,1958.75,1973.45,0.00 %,"1,550,710,838.90",-
BANKING,2021-09-12,1937.6,1958.79,1931.74,1956.38,0.00 %,"1,098,565,552.50",-
BANKING,2021-09-09,1935.27,1952.97,1928.11,1932.23,0.00 %,"884,711,723.60",-
BANKING,2021-09-08,1966.79,1966.8,1926.4,1934.4,0.00 %,"1,084,312,872.10",-
BANKING,2021-09-07,2005.2,2011.92,1958.81,1965.63,0.00 %,"1,188,740,769.90",-
BANKING,2021-09-06,1920.04,1999.59,1912.74,1998.8,0.00 %,"1,863,308,475.30",-
BANKING,2021-09-05,1964.1,1965.46,1895.33,1920.6,0.00 %,"2,088,480,809.80",-
BANKING,2021-09-02,1980.13,1991.98,1958.79,1964.29,0.00 %,"1,565,448,300.00",-
BANKING,2021-09-01,1972.71,1998.82,1967.6,1980.54,0.00 %,"1,706,618,344.40",-
BANKING,2021-08-31,1994.19,1996.9,1967.08,1972.2,0.00 %,"2,107,969,908.70",-
BANKING,2021-08-29,2026.21,2039.02,1990.87,1995.18,0.00 %,"2,170,484,859.90",-
BANKING,2021-08-26,2036.38,2048.28,2021.6,2025.07,0.00 %,"1,883,978,284.10",-
BANKING,2021-08-25,2064.03,2064.06,2029.1,2032.34,0.00 %,"1,729,293,117.80",-
BANKING,2021-08-24,2088.68,2096.81,2060.09,2061.82,0.00 %,"2,084,552,967.20",-
BANKING,2021-08-19,2104.26,2113.21,2080.18,2081.63,0.00 %,"2,200,321,167.00",-
BANKING,2021-08-18,2086.45,2118.31,2064.65,2101.18,0.00 %,"2,681,349,147.90",-
BANKING,2021-08-17,2109.12,2113.55,2081.89,2083.84,0.00 %,"2,710,459,076.95",-
BANKING,2021-08-16,2135.38,2141.43,2102.83,2107.02,0.00 %,"3,057,772,340.30",-
BANKING,2021-08-15,2116.24,2147.54,2097.92,2117.86,0.00 %,"4,316,722,994.60",-
BANKING,2021-08-12,2119.95,2132.16,2115.31,2125.1,0.00 %,"2,243,807,514.60",-
BANKING,2021-08-11,2135.58,2156.13,2112.89,2115.96,0.00 %,"2,028,960,055.10",-
BANKING,2021-08-10,2097.17,2147.81,2088.28,2130.13,0.00 %,"2,595,005,419.70",-
BANKING,2021-08-09,2103.61,2108.59,2089.22,2090.72,0.00 %,"1,370,471,936.70",-
BANKING,2021-08-08,2109.76,2116.35,2097.57,2102.77,0.00 %,"1,671,761,307.79",-
BANKING,2021-08-05,2104.15,2110.19,2098.05,2102.8,0.00 %,"1,612,410,368.30",-
BANKING,2021-08-04,2107.52,2111.24,2099.86,2102.81,0.00 %,"1,597,999,745.30",-
BANKING,2021-08-03,2099.68,2108.74,2091.53,2098.41,0.00 %,"1,356,347,924.90",-
BANKING,2021-08-02,2095.64,2103.58,2093.48,2096.07,0.00 %,"1,458,009,844.95",-
BANKING,2021-08-01,2103.07,2117.2,2091.5,2094.1,0.00 %,"1,694,924,942.10",-
BANKING,2021-07-29,2114.55,2114.93,2097.1,2099.82,0.00 %,"1,651,675,667.70",-
BANKING,2021-07-28,2131.03,2143.63,2105.51,2110.03,0.00 %,"1,879,834,477.20",-
BANKING,2021-07-27,2081.23,2137.68,2065.24,2128.35,0.00 %,"3,871,889,234.10",-
BANKING,2021-07-26,2191.0,2192.05,2126.17,2131.97,0.00 %,"4,579,272,713.00",-
BANKING,2021-07-25,2124.14,2176.04,2124.04,2175.19,0.00 %,"5,631,601,139.30",-
BANKING,2021-07-22,2068.81,2113.3,2068.57,2103.0,0.00 %,"4,015,012,692.30",-
BANKING,2021-07-20,2079.07,2081.77,2048.61,2067.31,0.00 %,"2,024,999,632.90",-
BANKING,2021-07-19,2079.75,2108.95,2060.4,2068.23,0.00 %,"3,918,407,600.80",-
BANKING,2021-07-18,1972.18,2058.01,1969.34,2057.38,0.00 %,"3,862,875,347.90",-
BANKING,2021-07-15,1965.6,1968.97,1959.64,1964.81,0.00 %,"1,436,999,122.00",-
BANKING,2021-07-14,1965.06,1968.15,1952.77,1957.96,0.00 %,"1,037,968,059.00",-
BANKING,2021-07-13,1945.86,1970.96,1934.98,1964.19,0.00 %,"1,643,617,642.00",-
BANKING,2021-07-12,1987.41,1991.83,1940.64,1949.95,0.00 %,"2,277,288,965.00",-
BANKING,2021-07-11,1929.2,1972.79,1929.2,1972.57,0.00 %,"2,121,323,894.00",-
BANKING,2021-07-08,1925.69,1928.95,1908.15,1927.44,0.00 %,"1,458,628,209.00",-
BANKING,2021-07-07,1913.62,1922.55,1907.78,1909.63,0.00 %,"879,493,326.00",-
BANKING,2021-07-06,1906.12,1916.69,1903.15,1913.34,0.00 %,"982,592,964.00",-
BANKING,2021-07-05,1930.24,1930.25,1907.12,1909.67,0.00 %,"932,281,806.00",-
BANKING,2021-07-04,1923.05,1931.64,1913.72,1916.45,0.00 %,"945,211,979.00",-
BANKING,2021-07-01,1916.49,1935.14,1916.49,1923.05,0.00 %,"1,202,951,440.00",-
BANKING,2021-06-30,1925.72,1940.25,1901.74,1919.92,0.00 %,"1,048,718,900.00",-
BANKING,2021-06-29,1953.41,1959.51,1921.45,1924.0,0.00 %,"1,192,800,579.00",-
BANKING,2021-06-28,1964.4,1966.05,1945.79,1950.44,0.00 %,"2,099,306,501.00",-
BANKING,2021-06-27,1908.43,1958.51,1902.36,1943.49,0.00 %,"2,317,225,946.00",-
BANKING,2021-06-24,1916.44,1918.51,1897.8,1905.23,0.00 %,"1,377,103,840.00",-
BANKING,2021-06-23,1965.86,1965.86,1910.42,1912.65,0.00 %,"1,430,703,874.00",-
BANKING,2021-06-22,1895.41,1945.43,1891.31,1945.43,0.00 %,"2,081,580,000.00",-
BANKING,2021-06-21,1962.13,1962.13,1900.74,1901.69,0.00 %,"2,304,940,000.00",-
BANKING,2021-06-20,1979.9,1979.9,1923.59,1935.34,0.00 %,"2,569,030,000.00",-
BANKING,2021-06-17,1993.06,1993.66,1966.79,1970.74,0.00 %,"1,967,910,000.00",-
BANKING,2021-06-16,1994.69,2017.05,1970.19,1981.47,0.00 %,"2,761,072,269.00",-
BANKING,2021-06-15,2020.86,2027.15,1988.64,1990.81,0.00 %,"3,803,715,072.00",-
BANKING,2021-06-14,1949.1,2018.11,1949.1,1997.61,0.00 %,"4,801,140,638.00",-
BANKING,2021-06-13,1951.32,1951.32,1927.75,1944.78,0.00 %,-,-
BANKING,2021-06-10,1966.4,1966.4,1934.13,1936.7,0.00 %,-,-
BANKING,2021-06-09,1996.21,1996.21,1950.59,1954.47,0.00 %,-,-
BANKING,2021-06-08,1948.76,1978.98,1943.39,1965.82,0.00 %,-,-
BANKING,2021-06-07,1999.1,1999.1,1936.19,1945.72,0.00 %,-,-
BANKING,2021-06-06,1960.34,2002.2,1960.34,1977.46,0.00 %,-,-
BANKING,2021-06-03,1854.35,1919.86,1854.35,1907.46,0.00 %,-,-
BANKING,2021-06-02,1874.48,1874.48,1844.96,1857.2,0.00 %,-,-
BANKING,2021-06-01,1863.92,1865.77,1838.51,1848.4,0.00 %,-,-
BANKING,2021-05-31,1883.29,1895.9,1857.31,1857.85,0.00 %,-,-
BANKING,2021-05-30,1863.52,1891.28,1856.54,1876.99,0.00 %,-,-
BANKING,2021-05-27,1838.5,1869.5,1830.15,1857.05,0.00 %,-,-
BANKING,2021-05-25,1890.19,1895.47,1860.44,1863.52,0.00 %,-,-
BANKING,2021-05-24,1901.54,1910.06,1876.93,1889.09,0.00 %,-,-
BANKING,2021-05-23,1852.12,1885.01,1819.14,1885.01,0.00 %,-,-
BANKING,2021-05-20,1848.77,1857.75,1838.95,1851.72,0.00 %,-,-
BANKING,2021-05-19,1839.55,1855.85,1830.26,1834.38,0.00 %,-,-
BANKING,2021-05-18,1841.38,1841.38,1819.22,1826.78,0.00 %,-,-
BANKING,2021-05-17,1821.95,1834.06,1819.15,1821.88,0.00 %,-,-
BANKING,2021-05-16,1789.09,1812.64,1789.09,1812.64,0.00 %,-,-
BANKING,2021-05-13,1807.04,1810.17,1781.77,1785.21,0.00 %,-,-
BANKING,2021-05-12,1792.66,1794.03,1778.68,1781.77,0.00 %,-,-
BANKING,2021-05-11,1779.54,1792.38,1778.22,1785.19,0.00 %,-,-
BANKING,2021-05-10,1777.24,1784.56,1772.88,1781.81,0.00 %,-,-
BANKING,2021-05-09,1796.51,1796.51,1768.17,1778.43,0.00 %,-,-
BANKING,2021-05-06,1778.96,1780.9,1764.56,1778.71,0.00 %,-,-
BANKING,2021-05-05,1790.8,1790.84,1771.43,1771.61,0.00 %,-,-
BANKING,2021-05-04,1791.55,1792.03,1773.4,1776.6,0.00 %,-,-
BANKING,2021-05-03,1803.47,1809.38,1780.3,1784.24,0.00 %,-,-
BANKING,2021-05-02,1782.41,1795.43,1776.21,1794.02,0.00 %,-,-
BANKING,2021-04-29,1778.34,1778.34,1765.69,1774.16,0.00 %,-,-
BANKING,2021-04-28,1794.33,1798.1,1763.54,1766.61,0.00 %,-,-
BANKING,2021-04-27,1727.24,1780.69,1727.24,1780.69,0.00 %,-,-
BANKING,2021-04-26,1783.15,1783.15,1734.21,1735.57,0.00 %,-,-
BANKING,2021-04-25,1839.07,1839.07,1768.53,1776.3,0.00 %,-,-
BANKING,2021-04-22,1819.28,1821.46,1794.02,1818.95,0.00 %,-,-
BANKING,2021-04-21,1847.2,1847.2,1805.4,1809.72,0.00 %,-,-
BANKING,2021-04-20,1846.5,1851.86,1824.64,1834.65,0.00 %,-,-
BANKING,2021-04-19,1885.11,1885.11,1831.02,1836.02,0.00 %,-,-
BANKING,2021-04-18,1930.18,1930.18,1870.86,1870.86,0.00 %,-,-
BANKING,2021-04-15,1904.86,1924.39,1896.43,1904.16,0.00 %,-,-
BANKING,2021-04-13,1839.25,1881.12,1839.22,1881.12,0.00 %,-,-
BANKING,2021-04-12,1824.03,1839.08,1823.93,1838.76,0.00 %,-,-
BANKING,2021-04-08,1814.01,1828.86,1809.17,1820.95,0.00 %,-,-
BANKING,2021-04-07,1831.67,1831.67,1813.76,1819.06,0.00 %,-,-
BANKING,2021-04-06,1820.71,1820.71,1804.1,1813.83,0.00 %,-,-
BANKING,2021-04-05,1845.43,1845.43,1812.71,1814.42,0.00 %,-,-
BANKING,2021-04-04,1831.98,1831.98,1818.84,1826.2,0.00 %,-,-
BANKING,2021-04-01,1818.7,1824.72,1802.87,1811.54,0.00 %,-,-
BANKING,2021-03-31,1768.56,1806.88,1767.6,1806.11,0.00 %,-,-
BANKING,2021-03-30,1762.37,1765.25,1754.74,1765.25,0.00 %,-,-
BANKING,2021-03-29,1766.99,1768.79,1753.16,1756.57,0.00 %,-,-
BANKING,2021-03-25,1792.61,1792.83,1760.07,1763.5,0.00 %,-,-
BANKING,2021-03-24,1767.78,1783.16,1767.78,1783.16,0.00 %,-,-
BANKING,2021-03-23,1777.1,1777.69,1751.71,1760.61,0.00 %,-,-
BANKING,2021-03-22,1801.06,1806.66,1766.32,1767.29,0.00 %,-,-
BANKING,2021-03-21,1784.11,1788.76,1766.11,1788.76,0.00 %,-,-
BANKING,2021-03-18,1765.1,1768.47,1739.54,1762.24,0.00 %,-,-
BANKING,2021-03-17,1724.58,1736.13,1713.8,1736.13,0.00 %,-,-
BANKING,2021-03-16,1714.16,1732.72,1705.25,1716.98,0.00 %,-,-
BANKING,2021-03-15,1737.87,1744.11,1707.03,1713.31,0.00 %,-,-
BANKING,2021-03-14,1769.32,1772.29,1722.6,1730.72,0.00 %,-,-
BANKING,2021-03-10,1793.66,1793.66,1760.16,1763.05,0.00 %,-,-
BANKING,2021-03-09,1802.59,1805.01,1769.22,1773.94,0.00 %,-,-
BANKING,2021-03-07,1816.7,1818.83,1785.64,1795.72,0.00 %,-,-
BANKING,2021-03-04,1769.74,1808.13,1769.84,1808.13,0.00 %,-,-
BANKING,2021-03-03,1771.74,1771.25,1732.24,1756.09,0.00 %,-,-
BANKING,2021-03-02,1822.46,1827.85,1762.72,1773.52,0.00 %,-,-
BANKING,2021-03-01,1806.46,1825.27,1772.06,1819.07,0.00 %,-,-
BANKING,2021-02-28,1847.28,1847.28,1792.25,1792.25,0.00 %,-,-
BANKING,2021-02-25,1910.72,1911.94,1841.56,1846.83,0.00 %,-,-
BANKING,2021-02-24,1884.08,1918.51,1868.28,1884.32,0.00 %,-,-
BANKING,2021-02-23,1881.41,1881.41,1819.93,1869.27,0.00 %,-,-
BANKING,2021-02-22,1939.16,1939.6,1875.17,1876.98,0.00 %,-,-
BANKING,2021-02-21,1968.01,1968.58,1914.16,1929.53,0.00 %,-,-
BANKING,2021-02-18,1942.01,1943.14,1915.25,1936.66,0.00 %,-,-
BANKING,2021-02-17,1910.32,1913.29,1882.12,1913.29,0.00 %,-,-
BANKING,2021-02-16,1863.05,1901.66,1859.58,1883.52,0.00 %,-,-
BANKING,2021-02-15,1798.89,1845.1,1805.82,1845.1,0.00 %,-,-
BANKING,2021-02-14,1810.96,1818.37,1781.99,1787.78,0.00 %,-,-
BANKING,2021-02-11,1806.27,1834.01,1801.74,1808.64,0.00 %,-,-
BANKING,2021-02-10,1782.17,1800.54,1751.78,1797.85,0.00 %,-,-
BANKING,2021-02-09,1783.65,1811.0,1765.35,1769.86,0.00 %,-,-
BANKING,2021-02-08,1721.53,1779.27,1721.53,1779.27,0.00 %,-,-
BANKING,2021-02-07,1721.28,1727.89,1713.29,1716.74,0.00 %,-,-
BANKING,2021-02-04,1742.97,1742.97,1712.13,1720.44,0.00 %,-,-
BANKING,2021-02-03,1724.35,1762.64,1722.74,1727.44,0.00 %,-,-
BANKING,2021-02-02,1704.95,1723.37,1699.96,1723.37,0.00 %,-,-
BANKING,2021-02-01,1662.62,1704.97,1662.62,1689.66,0.00 %,-,-
BANKING,2021-01-31,1701.17,1701.77,1667.25,1669.62,0.00 %,-,-
BANKING,2021-01-28,1759.94,1759.94,1705.27,1711.63,0.00 %,-,-
BANKING,2021-01-27,1760.23,1764.81,1750.04,1752.71,0.00 %,-,-
BANKING,2021-01-26,1778.05,1780.8,1759.68,1762.83,0.00 %,-,-
BANKING,2021-01-25,1767.61,1769.64,1732.55,1769.64,0.00 %,-,-
BANKING,2021-01-24,1738.09,1756.42,1736.56,1745.42,0.00 %,-,-
BANKING,2021-01-21,1747.96,1748.29,1720.76,1724.06,0.00 %,-,-
BANKING,2021-01-20,1755.69,1755.69,1721.91,1727.89,0.00 %,-,-
BANKING,2021-01-19,1765.43,1765.43,1717.44,1730.32,0.00 %,-,-
BANKING,2021-01-18,1746.54,1747.98,1733.85,1738.37,0.00 %,-,-
BANKING,2021-01-17,1741.16,1748.16,1728.01,1735.57,0.00 %,-,-
NONLIFEINSU,2026-01-14,10923.83,10963.93,10871.3,10949.02,0.39 %,"90,220,363.70",-
NONLIFEINSU,2026-01-13,10915.57,10959.36,10872.92,10906.59,0.08 %,"79,788,773.00",-
NONLIFEINSU,2026-01-12,10914.03,10958.35,10870.02,10898.34,-0.14 %,"75,882,994.80",-
NONLIFEINSU,2026-01-08,10884.72,10918.56,10848.21,10914.03,0.27 %,"54,723,072.60",-
NONLIFEINSU,2026-01-07,10950.43,10984.4,10863.06,10884.72,-0.60 %,"74,264,632.20",-
NONLIFEINSU,2026-01-06,10954.29,11054.81,10934.2,10950.42,0.07 %,"81,816,914.40",-
NONLIFEINSU,2026-01-05,10879.21,10942.25,10833.53,10942.25,0.58 %,"135,560,985.70",-
NONLIFEINSU,2026-01-04,10952.48,10963.64,10815.83,10879.21,-0.86 %,"72,744,974.70",-
NONLIFEINSU,2026-01-01,10996.16,11021.25,10913.84,10973.65,-0.19 %,"137,349,097.90",-
NONLIFEINSU,2025-12-31,10944.24,11031.95,10929.36,10994.86,0.38 %,"86,144,224.70",-
NONLIFEINSU,2025-12-29,10997.88,11059.71,10912.13,10953.56,-0.23 %,"121,771,754.30",-
NONLIFEINSU,2025-12-28,10794.83,10981.09,10787.18,10978.68,1.70 %,"116,229,937.80",-
NONLIFEINSU,2025-12-24,10701.32,10798.97,10646.43,10794.83,0.87 %,"63,961,439.60",-
NONLIFEINSU,2025-12-23,10718.78,10723.19,10621.16,10701.32,-0.16 %,"50,729,595.80",-
NONLIFEINSU,2025-12-22,10766.04,10766.04,10655.15,10718.77,-0.45 %,"49,835,080.60",-
NONLIFEINSU,2025-12-21,10863.37,10863.36,10721.26,10767.72,-0.80 %,"81,766,208.20",-
NONLIFEINSU,2025-12-18,10857.36,10860.66,10770.02,10854.91,0.22 %,"85,003,247.60",-
NONLIFEINSU,2025-12-17,10884.89,10943.77,10768.28,10830.81,-0.37 %,"64,582,803.60",-
NONLIFEINSU,2025-12-16,10789.96,10876.3,10743.77,10871.22,0.88 %,"34,408,901.30",-
NONLIFEINSU,2025-12-15,10766.07,10799.21,10723.53,10776.29,0.09 %,"58,945,140.10",-
NONLIFEINSU,2025-12-14,10823.27,10925.2,10739.68,10766.07,-0.34 %,"81,719,291.50",-
NONLIFEINSU,2025-12-11,10820.79,10846.16,10717.27,10802.52,-0.17 %,"57,985,976.50",-
NONLIFEINSU,2025-12-10,10859.39,10873.36,10748.09,10820.79,-0.36 %,"67,758,772.70",-
NONLIFEINSU,2025-12-09,10889.24,10920.48,10807.57,10859.38,-0.18 %,"63,307,742.10",-
NONLIFEINSU,2025-12-08,10872.52,10912.42,10802.63,10878.89,0.06 %,"80,090,666.90",-
NONLIFEINSU,2025-12-07,10984.72,10984.72,10797.11,10872.52,-0.93 %,"76,126,933.60",-
NONLIFEINSU,2025-12-03,11077.54,11082.8,10896.66,10974.64,-0.73 %,"103,758,092.10",-
NONLIFEINSU,2025-12-02,11026.01,11113.3,10989.23,11055.42,0.27 %,"79,995,900.30",-
NONLIFEINSU,2025-12-01,11026.7,11102.74,10920.96,11026.0,-0.01 %,"85,149,320.10",-
NONLIFEINSU,2025-11-30,11103.43,11233.98,11007.25,11026.69,-0.69 %,"165,384,058.80",-
NONLIFEINSU,2025-11-27,11092.21,11156.61,11035.31,11103.43,0.10 %,"90,721,270.00",-
NONLIFEINSU,2025-11-26,11129.71,11138.32,11029.86,11092.21,-0.34 %,"117,488,443.00",-
NONLIFEINSU,2025-11-25,11078.0,11129.71,10933.22,11129.71,0.65 %,"155,824,285.70",-
NONLIFEINSU,2025-11-24,10736.39,11057.58,10736.39,11057.54,2.99 %,"222,655,336.30",-
NONLIFEINSU,2025-11-23,10526.69,10753.74,10503.05,10736.39,1.99 %,"116,929,612.40",-
NONLIFEINSU,2025-11-20,10559.42,10575.14,10498.72,10526.69,-0.31 %,"59,990,261.80",-
NONLIFEINSU,2025-11-19,10620.75,10643.33,10517.01,10559.42,-0.58 %,"55,199,902.60",-
NONLIFEINSU,2025-11-18,10531.56,10653.54,10509.06,10620.75,0.85 %,"100,524,381.90",-
NONLIFEINSU,2025-11-17,10541.67,10559.07,10436.22,10531.55,-0.10 %,"68,397,745.80",-
NONLIFEINSU,2025-11-16,10593.72,10623.82,10456.56,10541.6,-0.49 %,"66,205,048.70",-
NONLIFEINSU,2025-11-13,10621.93,10630.43,10465.44,10593.72,-0.27 %,"53,992,907.20",-
NONLIFEINSU,2025-11-12,10681.29,10747.07,10526.37,10622.59,-0.55 %,"79,298,650.70",-
NONLIFEINSU,2025-11-11,10617.54,10681.28,10573.64,10681.28,0.50 %,"47,889,070.00",-
NONLIFEINSU,2025-11-10,10661.07,10695.44,10597.42,10627.65,-0.41 %,"59,842,258.80",-
NONLIFEINSU,2025-11-09,10816.34,10835.91,10616.11,10671.64,-1.34 %,"86,147,326.90",-
NONLIFEINSU,2025-11-06,10925.29,11032.33,10768.59,10816.33,-1.00 %,"129,320,608.90",-
NONLIFEINSU,2025-11-05,10911.65,10925.28,10759.96,10925.28,0.21 %,"70,742,716.20",-
NONLIFEINSU,2025-11-04,11031.95,11070.26,10815.28,10901.89,-1.21 %,"132,105,632.90",-
NONLIFEINSU,2025-11-03,11036.82,11203.18,10940.05,11035.69,-0.01 %,"124,849,991.70",-
NONLIFEINSU,2025-11-02,10878.32,11041.42,10808.86,11036.82,1.34 %,"207,423,962.50",-
NONLIFEINSU,2025-10-30,10703.0,10891.08,10566.19,10891.08,1.76 %,"125,774,930.80",-
NONLIFEINSU,2025-10-29,10700.49,10842.69,10616.83,10703.0,-0.20 %,"83,549,292.60",-
NONLIFEINSU,2025-10-28,10457.61,10765.72,10434.24,10724.24,2.55 %,"78,432,246.70",-
NONLIFEINSU,2025-10-26,10448.67,10475.95,10302.54,10457.6,0.09 %,"41,410,423.70",-
NONLIFEINSU,2025-10-19,10495.53,10495.53,10377.64,10448.66,-0.34 %,"79,040,472.50",-
NONLIFEINSU,2025-10-16,10530.33,10568.11,10386.99,10484.79,-0.53 %,"82,622,428.40",-
NONLIFEINSU,2025-10-15,10610.35,10610.35,10501.45,10540.9,-0.65 %,"118,942,382.80",-
NONLIFEINSU,2025-10-14,10718.35,10770.63,10557.64,10610.35,-1.10 %,"120,007,456.70",-
NONLIFEINSU,2025-10-13,10583.42,10734.98,10470.92,10728.81,1.44 %,"276,929,307.40",-
NONLIFEINSU,2025-10-12,10827.67,10836.26,10418.07,10576.39,-2.32 %,"577,151,429.40",-
NONLIFEINSU,2025-10-09,10802.76,11208.31,10757.05,10827.67,0.94 %,"122,164,250.50",-
NONLIFEINSU,2025-10-08,10953.5,11000.55,10574.33,10727.27,-2.07 %,"127,047,558.00",-
NONLIFEINSU,2025-10-07,11162.15,11172.83,10905.78,10953.49,-2.05 %,"96,396,749.00",-
NONLIFEINSU,2025-09-28,11145.97,11182.69,11072.68,11182.69,0.33 %,"64,229,992.90",-
NONLIFEINSU,2025-09-25,11170.63,11170.63,11009.36,11145.96,-0.40 %,"93,127,410.30",-
NONLIFEINSU,2025-09-24,11354.72,11379.09,11161.61,11190.41,-1.45 %,"73,405,746.90",-
NONLIFEINSU,2025-09-23,10972.46,11361.15,10947.71,11354.72,3.48 %,"166,673,917.10",-
NONLIFEINSU,2025-09-21,11314.85,11314.85,10483.46,10972.45,-4.03 %,"429,059,182.40",-
NONLIFEINSU,2025-09-18,11962.76,11962.76,11431.36,11432.68,-5.43 %,"7,800,539.40",-
NONLIFEINSU,2025-09-08,12231.77,12260.67,12063.49,12088.74,-1.26 %,"111,041,232.40",-
NONLIFEINSU,2025-09-07,12266.46,12328.16,12201.82,12243.59,-0.19 %,"150,477,619.00",-
NONLIFEINSU,2025-09-04,12254.97,12345.51,12210.42,12266.45,-0.11 %,"122,717,106.73",-
NONLIFEINSU,2025-09-03,12329.02,12401.84,12279.7,12279.72,-0.40 %,"106,996,276.60",-
NONLIFEINSU,2025-09-02,12413.5,12469.47,12315.94,12329.01,-0.71 %,"92,973,222.10",-
NONLIFEINSU,2025-09-01,12379.74,12457.38,12324.86,12416.93,0.30 %,"98,046,016.70",-
NONLIFEINSU,2025-08-31,12522.18,12561.44,12367.88,12379.73,-1.14 %,"150,187,004.60",-
NONLIFEINSU,2025-08-28,12519.74,12639.98,12459.18,12522.18,0.02 %,"322,422,064.10",-
NONLIFEINSU,2025-08-27,12300.1,12535.32,12297.26,12519.74,1.68 %,"149,098,666.40",-
NONLIFEINSU,2025-08-26,12325.16,12366.61,12285.92,12312.5,-0.10 %,"74,130,154.20",-
NONLIFEINSU,2025-08-25,12286.19,12342.43,12224.02,12325.16,0.32 %,"105,754,445.70",-
NONLIFEINSU,2025-08-24,12348.85,12409.12,12266.86,12286.19,-0.51 %,"112,570,290.60",-
NONLIFEINSU,2025-08-21,12316.95,12385.4,12304.2,12348.84,0.15 %,"121,784,110.20",-
NONLIFEINSU,2025-08-20,12373.51,12445.6,12322.1,12330.59,-0.58 %,"123,288,779.50",-
NONLIFEINSU,2025-08-19,12384.5,12519.07,12384.5,12402.79,0.12 %,"111,984,450.10",-
NONLIFEINSU,2025-08-18,12311.38,12436.36,12307.74,12388.13,0.38 %,"105,870,770.20",-
NONLIFEINSU,2025-08-17,12425.75,12482.35,12313.32,12340.68,-0.68 %,"142,029,315.60",-
NONLIFEINSU,2025-08-14,12441.54,12493.85,12402.06,12425.75,-0.22 %,"101,917,883.30",-
NONLIFEINSU,2025-08-13,12466.09,12557.24,12430.03,12453.58,-0.27 %,"104,851,216.50",-
NONLIFEINSU,2025-08-12,12568.4,12637.58,12475.04,12487.91,-0.82 %,"149,980,399.10",-
NONLIFEINSU,2025-08-11,12749.01,12828.32,12572.87,12590.79,-1.24 %,"154,177,779.20",-
NONLIFEINSU,2025-08-07,12686.13,12806.11,12682.96,12749.0,0.43 %,"119,197,817.30",-
NONLIFEINSU,2025-08-06,12741.09,12798.9,12665.0,12694.96,-0.36 %,"131,720,055.00",-
NONLIFEINSU,2025-08-05,12878.41,12983.67,12713.98,12741.08,-1.28 %,"166,204,930.80",-
NONLIFEINSU,2025-08-04,12931.78,13034.3,12824.18,12905.83,-0.51 %,"188,394,059.10",-
NONLIFEINSU,2025-08-03,13178.47,13198.3,12955.07,12972.18,-1.74 %,"218,627,602.80",-
NONLIFEINSU,2025-07-31,13327.55,13349.85,13129.36,13201.72,-0.71 %,"259,592,400.20",-
NONLIFEINSU,2025-07-30,13503.27,13571.22,13263.91,13295.96,-1.55 %,"264,170,999.58",-
NONLIFEINSU,2025-07-29,13406.52,13581.05,13404.21,13504.64,1.12 %,"364,803,223.00",-
NONLIFEINSU,2025-07-28,13450.73,13484.46,13262.14,13354.46,-0.72 %,"297,748,112.10",-
NONLIFEINSU,2025-07-27,13538.83,13676.57,13432.55,13450.72,-0.68 %,"495,146,945.20",-
NONLIFEINSU,2025-07-24,13646.3,13707.43,13515.97,13542.65,-0.57 %,"378,325,074.30",-
NONLIFEINSU,2025-07-23,13730.56,13746.88,13553.49,13620.87,-0.61 %,"424,977,484.70",-
NONLIFEINSU,2025-07-22,13380.07,13726.46,13368.66,13705.07,2.56 %,"545,674,367.70",-
NONLIFEINSU,2025-07-21,13194.81,13419.0,13121.67,13362.67,1.27 %,"509,519,753.90",-
NONLIFEINSU,2025-07-20,13069.6,13358.34,12996.18,13194.51,1.38 %,"595,232,936.80",-
NONLIFEINSU,2025-07-17,12736.14,13079.74,12736.14,13014.95,2.19 %,"425,569,962.80",-
NONLIFEINSU,2025-07-16,12531.77,12864.36,12474.86,12736.14,1.85 %,"301,741,990.80",-
NONLIFEINSU,2025-07-15,12409.11,12541.81,12388.11,12504.65,0.77 %,"379,427,991.60",-
NONLIFEINSU,2025-07-14,12562.58,12645.78,12403.21,12409.11,-1.06 %,"224,646,097.30",-
NONLIFEINSU,2025-07-13,12689.24,12847.5,12532.8,12541.43,-0.34 %,"289,620,209.80",-
NONLIFEINSU,2025-07-10,12585.08,12733.28,12537.98,12584.47,0.28 %,"278,178,871.50",-
NONLIFEINSU,2025-07-09,12505.8,12593.72,12491.51,12549.5,0.25 %,"233,164,790.30",-
NONLIFEINSU,2025-07-08,12578.18,12591.35,12469.04,12518.26,-0.38 %,"215,329,257.70",-
NONLIFEINSU,2025-07-07,12684.44,12739.53,12533.01,12565.71,-0.67 %,"259,653,048.00",-
NONLIFEINSU,2025-07-06,12736.68,12771.62,12560.54,12650.01,-0.51 %,"390,534,733.90",-
NONLIFEINSU,2025-07-03,12506.52,12766.77,12471.71,12715.38,2.24 %,"552,719,342.40",-
NONLIFEINSU,2025-07-02,12129.58,12455.9,12129.57,12436.19,2.51 %,"385,709,740.80",-
NONLIFEINSU,2025-07-01,12005.13,12148.79,12005.13,12131.24,1.05 %,"132,140,061.70",-
NONLIFEINSU,2025-06-30,11920.05,12039.38,11920.04,12005.13,0.62 %,"185,072,886.30",-
NONLIFEINSU,2025-06-29,11893.83,11950.97,11855.1,11931.68,0.42 %,"120,862,392.20",-
NONLIFEINSU,2025-06-26,11916.23,11981.69,11864.14,11881.64,-0.41 %,"128,648,111.50",-
NONLIFEINSU,2025-06-25,11918.26,11961.6,11902.39,11930.71,0.10 %,"108,119,290.50",-
NONLIFEINSU,2025-06-24,11968.76,12086.02,11908.37,11918.26,-0.32 %,"123,455,446.00",-
NONLIFEINSU,2025-06-23,11996.24,12066.03,11941.35,11956.14,-0.23 %,"145,244,226.90",-
NONLIFEINSU,2025-06-22,12042.09,12060.89,11978.11,11983.74,-0.48 %,"150,944,933.90",-
NONLIFEINSU,2025-06-19,12083.64,12145.13,12033.11,12042.08,-0.34 %,"178,256,660.00",-
NONLIFEINSU,2025-06-18,12159.53,12180.29,12077.85,12083.64,-0.62 %,"117,188,792.60",-
NONLIFEINSU,2025-06-17,12190.05,12211.41,12121.04,12159.53,-0.25 %,"102,912,646.90",-
NONLIFEINSU,2025-06-16,12160.7,12250.79,12120.29,12190.04,0.26 %,"173,458,686.20",-
NONLIFEINSU,2025-06-15,12166.26,12304.87,12124.59,12158.86,0.07 %,"208,962,228.80",-
NONLIFEINSU,2025-06-12,12199.04,12253.06,12129.73,12150.27,-0.49 %,"196,985,812.40",-
NONLIFEINSU,2025-06-11,12311.27,12347.26,12205.3,12209.82,-0.71 %,"183,103,198.60",-
NONLIFEINSU,2025-06-10,12170.84,12348.53,12170.84,12297.35,1.26 %,"172,210,923.60",-
NONLIFEINSU,2025-06-09,12129.25,12164.3,12089.23,12144.03,0.45 %,"188,507,512.80",-
NONLIFEINSU,2025-06-08,12206.35,12230.7,12087.62,12090.01,-0.95 %,"206,110,889.30",-
NONLIFEINSU,2025-06-05,12235.14,12302.02,12162.66,12206.35,-0.12 %,"198,837,434.10",-
NONLIFEINSU,2025-06-04,12326.32,12350.77,12214.0,12221.39,-0.68 %,"145,213,779.40",-
NONLIFEINSU,2025-06-03,12390.29,12435.07,12281.44,12305.36,-0.69 %,"169,882,204.10",-
NONLIFEINSU,2025-06-02,12444.18,12584.48,12383.29,12390.45,-0.17 %,"218,155,826.10",-
NONLIFEINSU,2025-05-28,12415.28,12446.66,12346.73,12411.32,-0.26 %,"178,834,070.70",-
NONLIFEINSU,2025-05-27,12499.03,12518.1,12434.06,12444.07,-0.56 %,"125,654,565.00",-
NONLIFEINSU,2025-05-26,12591.29,12872.91,12493.73,12514.05,-0.33 %,"202,224,653.10",-
NONLIFEINSU,2025-05-25,12584.12,12621.02,12505.06,12555.43,-0.10 %,"251,916,969.50",-
NONLIFEINSU,2025-05-22,12596.09,12665.95,12547.2,12568.39,0.00 %,"326,866,460.30",-
NONLIFEINSU,2025-05-21,12710.17,13010.32,12567.9,12567.9,-0.02 %,"251,432,970.10",-
NONLIFEINSU,2025-05-20,12354.63,12596.69,12294.98,12570.16,1.74 %,"251,365,642.10",-
NONLIFEINSU,2025-05-19,12220.22,12398.78,12206.48,12354.62,1.12 %,"275,243,855.30",-
NONLIFEINSU,2025-05-18,12309.28,12373.49,12205.24,12217.33,-0.88 %,"190,759,698.40",-
NONLIFEINSU,2025-05-15,12372.06,12452.58,12320.29,12326.41,-0.40 %,"213,329,086.40",-
NONLIFEINSU,2025-05-14,12551.32,12569.76,12371.03,12376.37,-1.39 %,"401,932,084.10",-
NONLIFEINSU,2025-05-13,12659.7,12829.35,12533.86,12551.2,-0.60 %,"615,502,204.40",-
NONLIFEINSU,2025-05-11,12662.6,12839.02,12608.2,12626.46,-0.15 %,"209,093,990.70",-
NONLIFEINSU,2025-05-08,12683.75,12799.43,12618.06,12645.13,-0.18 %,"161,118,686.00",-
NONLIFEINSU,2025-05-07,12373.37,12694.26,12346.3,12667.85,2.68 %,"143,556,859.30",-
NONLIFEINSU,2025-05-06,12280.62,12453.1,12272.43,12337.75,0.57 %,"102,748,022.20",-
NONLIFEINSU,2025-05-05,12272.16,12380.91,12250.21,12267.58,0.06 %,"97,109,030.70",-
NONLIFEINSU,2025-05-04,12231.7,12360.63,12231.7,12260.21,0.23 %,"107,973,264.40",-
NONLIFEINSU,2025-04-30,12245.38,12340.94,12213.19,12231.62,-0.19 %,"113,460,657.60",-
NONLIFEINSU,2025-04-29,12294.28,12381.45,12250.67,12254.3,-0.33 %,"105,284,312.90",-
NONLIFEINSU,2025-04-28,12297.53,12420.84,12283.49,12294.27,-0.03 %,"88,176,151.50",-
NONLIFEINSU,2025-04-27,12354.64,12459.81,12282.04,12297.72,-0.34 %,"147,359,721.00",-
NONLIFEINSU,2025-04-24,12374.19,12394.45,12243.83,12339.51,-0.28 %,"146,045,030.20",-
NONLIFEINSU,2025-04-23,12495.52,12518.22,12344.87,12374.18,-0.97 %,"141,206,945.60",-
NONLIFEINSU,2025-04-22,12560.4,12575.22,12446.48,12495.52,-0.41 %,"124,475,680.00",-
NONLIFEINSU,2025-04-21,12566.93,12599.92,12479.4,12547.23,-0.16 %,"117,996,829.30",-
NONLIFEINSU,2025-04-20,12595.35,12704.02,12513.19,12566.92,-0.23 %,"125,251,927.30",-
NONLIFEINSU,2025-04-17,12500.15,12615.28,12491.14,12595.35,0.97 %,"129,820,060.50",-
NONLIFEINSU,2025-04-16,12454.17,12509.22,12412.37,12474.94,0.55 %,"85,072,844.30",-
NONLIFEINSU,2025-04-15,12277.0,12515.56,12277.0,12406.17,1.08 %,"95,596,067.10",-
NONLIFEINSU,2025-04-13,12281.09,12314.52,12216.87,12274.14,0.09 %,"92,933,282.10",-
NONLIFEINSU,2025-04-10,12291.39,12336.25,12250.89,12263.71,-0.20 %,"85,542,698.20",-
NONLIFEINSU,2025-04-09,12208.22,12361.81,12208.21,12288.53,0.66 %,"125,898,033.50",-
NONLIFEINSU,2025-04-08,12191.54,12279.06,12048.71,12208.17,0.14 %,"145,565,877.40",-
NONLIFEINSU,2025-04-07,12342.5,12372.44,12170.83,12191.54,-1.22 %,"116,006,348.90",-
NONLIFEINSU,2025-04-03,12270.01,12424.97,12267.45,12342.5,0.59 %,"163,895,187.00",-
NONLIFEINSU,2025-04-02,12303.08,12383.83,12249.42,12270.01,-0.27 %,"104,605,007.40",-
NONLIFEINSU,2025-04-01,12350.52,12400.44,12212.69,12303.07,-0.38 %,"126,041,951.40",-
NONLIFEINSU,2025-03-30,12253.87,12491.8,12183.65,12350.52,0.79 %,"174,186,018.90",-
NONLIFEINSU,2025-03-27,12149.86,12278.89,12122.22,12253.86,0.86 %,"131,879,421.70",-
NONLIFEINSU,2025-03-26,11940.79,12165.3,11933.51,12149.85,1.75 %,"109,642,203.21",-
NONLIFEINSU,2025-03-25,12242.13,12242.13,11931.15,11940.78,-2.46 %,"168,607,218.10",-
NONLIFEINSU,2025-03-24,12162.28,12284.21,12071.63,12242.13,0.66 %,"130,008,301.80",-
NONLIFEINSU,2025-03-23,12467.45,12467.44,12157.92,12162.27,-2.16 %,"186,000,596.40",-
NONLIFEINSU,2025-03-20,12543.41,12557.2,12417.65,12430.7,-0.90 %,"134,456,940.60",-
NONLIFEINSU,2025-03-19,12592.9,12666.42,12489.44,12543.4,-0.51 %,"194,040,079.50",-
NONLIFEINSU,2025-03-18,12661.32,12729.04,12564.36,12607.96,-0.54 %,"134,204,243.30",-
NONLIFEINSU,2025-03-17,12664.48,12743.93,12593.48,12676.52,-0.02 %,"191,766,608.30",-
NONLIFEINSU,2025-03-16,12775.5,12761.46,12561.81,12679.68,-0.72 %,"222,972,818.10",-
NONLIFEINSU,2025-03-12,12693.47,12788.57,12659.03,12771.69,0.41 %,"194,425,542.00",-
NONLIFEINSU,2025-03-11,12847.68,12883.19,12664.25,12720.07,-0.99 %,"259,079,897.60",-
NONLIFEINSU,2025-03-10,12911.7,13045.34,12804.64,12847.68,-0.68 %,"520,395,988.20",-
NONLIFEINSU,2025-03-09,13118.65,13149.05,12903.03,12935.73,-1.26 %,"412,966,170.40",-
NONLIFEINSU,2025-03-06,13105.96,13152.75,12994.58,13101.46,-0.05 %,"283,440,827.00",-
NONLIFEINSU,2025-03-05,13252.55,13310.14,13050.18,13107.69,-1.52 %,"331,607,389.20",-
NONLIFEINSU,2025-03-04,13461.49,13547.83,13268.97,13309.52,-1.11 %,"475,935,886.00",-
NONLIFEINSU,2025-03-03,13401.59,13596.85,13351.67,13459.15,0.46 %,"628,342,537.70",-
NONLIFEINSU,2025-03-02,12977.11,13415.5,12977.11,13397.08,3.42 %,"584,408,599.70",-
NONLIFEINSU,2025-02-27,12886.44,12992.3,12850.0,12954.18,0.71 %,"339,141,440.10",-
NONLIFEINSU,2025-02-25,12925.37,12987.61,12824.35,12863.45,-0.28 %,"357,806,359.60",-
NONLIFEINSU,2025-02-24,13017.24,13058.86,12800.75,12899.89,-0.74 %,"332,021,497.00",-
NONLIFEINSU,2025-02-23,12935.78,12997.96,12687.19,12996.52,0.14 %,"250,694,382.10",-
NONLIFEINSU,2025-02-20,12872.16,13075.64,12832.42,12978.96,0.63 %,"252,185,949.80",-
NONLIFEINSU,2025-02-18,12861.2,13036.19,12833.66,12897.63,0.31 %,"295,541,898.40",-
NONLIFEINSU,2025-02-17,12741.6,12880.62,12671.87,12858.35,1.12 %,"290,574,378.60",-
NONLIFEINSU,2025-02-16,12848.16,12874.46,12672.6,12715.31,-1.16 %,"210,796,606.90",-
NONLIFEINSU,2025-02-13,12963.04,12974.43,12859.38,12863.96,-0.88 %,"234,657,387.10",-
NONLIFEINSU,2025-02-12,13025.44,13025.43,12936.66,12977.72,-0.04 %,"209,065,351.40",-
NONLIFEINSU,2025-02-11,13039.53,13124.63,12947.63,12982.91,-0.43 %,"203,433,657.00",-
NONLIFEINSU,2025-02-10,13040.3,13061.15,12948.77,13039.38,-0.01 %,"196,065,712.90",-
NONLIFEINSU,2025-02-09,13152.59,13160.29,12973.75,13040.29,-0.58 %,"246,071,677.20",-
NONLIFEINSU,2025-02-06,13208.28,13245.47,13043.15,13116.04,-0.49 %,"221,612,535.40",-
NONLIFEINSU,2025-02-05,13204.32,13268.97,13093.9,13180.77,0.19 %,"235,539,313.90",-
NONLIFEINSU,2025-02-04,13309.37,13400.69,13128.17,13155.44,-0.58 %,"267,011,880.40",-
NONLIFEINSU,2025-02-03,13122.84,13380.1,13122.84,13231.68,0.83 %,"552,908,935.10",-
NONLIFEINSU,2025-02-02,12695.1,13122.84,12695.1,13122.84,3.72 %,"316,012,593.30",-
NONLIFEINSU,2025-01-28,12616.51,12672.12,12544.76,12652.41,0.28 %,"203,358,598.30",-
NONLIFEINSU,2025-01-27,12702.09,12729.62,12577.24,12616.51,-0.67 %,"169,640,211.30",-
NONLIFEINSU,2025-01-26,12788.97,12854.87,12677.6,12702.09,-0.68 %,"167,538,746.70",-
NONLIFEINSU,2025-01-23,12892.5,12907.04,12731.35,12788.96,-0.74 %,"292,866,341.10",-
NONLIFEINSU,2025-01-22,12755.91,12900.32,12728.11,12883.89,1.00 %,"286,947,682.70",-
NONLIFEINSU,2025-01-21,12545.36,12789.14,12440.29,12755.9,1.79 %,"322,048,465.30",-
NONLIFEINSU,2025-01-20,12503.34,12605.2,12487.98,12532.14,0.23 %,"130,414,819.70",-
NONLIFEINSU,2025-01-19,12424.03,12506.83,12320.68,12503.33,0.64 %,"164,188,291.06",-
NONLIFEINSU,2025-01-16,12432.44,12496.91,12372.52,12424.02,-0.07 %,"118,464,412.50",-
NONLIFEINSU,2025-01-15,12483.93,12547.98,12372.19,12432.43,-0.41 %,"88,570,920.50",-
NONLIFEINSU,2025-01-13,12486.99,12556.66,12335.85,12483.93,-0.02 %,"245,752,172.70",-
NONLIFEINSU,2025-01-12,12617.89,12631.64,12447.09,12486.98,-0.73 %,"102,821,027.80",-
NONLIFEINSU,2025-01-09,12628.94,12655.99,12566.72,12579.3,-0.34 %,"153,681,305.80",-
NONLIFEINSU,2025-01-08,12697.5,12711.71,12558.48,12622.31,-0.14 %,"160,040,827.80",-
NONLIFEINSU,2025-01-07,12585.67,12681.57,12529.73,12639.42,0.43 %,"124,735,045.10",-
NONLIFEINSU,2025-01-06,12455.85,12601.94,12430.4,12585.67,1.04 %,"151,392,991.80",-
NONLIFEINSU,2025-01-05,12451.23,12555.49,12412.26,12455.84,0.05 %,"153,751,399.40",-
NONLIFEINSU,2025-01-02,12339.93,12467.79,12302.68,12449.9,0.78 %,"221,283,520.00",-
NONLIFEINSU,2025-01-01,12325.85,12403.52,12302.42,12354.03,0.23 %,"148,594,616.40",-
NONLIFEINSU,2024-12-31,12418.69,12438.08,12233.07,12325.84,-0.95 %,"204,478,002.50",-
NONLIFEINSU,2024-12-29,12414.74,12509.91,12357.47,12444.23,-0.13 %,"228,755,314.40",-
NONLIFEINSU,2024-12-26,12493.92,12554.05,12419.21,12460.42,-0.27 %,"91,356,521.30",-
NONLIFEINSU,2024-12-24,12423.59,12571.67,12416.47,12493.92,0.57 %,"107,750,570.90",-
NONLIFEINSU,2024-12-23,12409.23,12440.08,12352.11,12423.58,0.12 %,"92,101,051.70",-
NONLIFEINSU,2024-12-22,12512.59,12530.09,12386.38,12409.22,-0.83 %,"113,911,966.40",-
NONLIFEINSU,2024-12-19,12646.16,12647.71,12502.06,12512.58,-1.06 %,"154,483,277.60",-
NONLIFEINSU,2024-12-18,12663.99,12749.03,12611.93,12646.15,-0.14 %,"115,166,199.70",-
NONLIFEINSU,2024-12-17,12661.74,12702.54,12551.9,12663.99,0.20 %,"108,525,618.20",-
NONLIFEINSU,2024-12-16,12840.64,12846.64,12600.77,12639.13,-1.42 %,"139,730,988.30",-
NONLIFEINSU,2024-12-12,12939.61,13028.55,12805.05,12821.57,-0.91 %,"142,216,064.30",-
NONLIFEINSU,2024-12-11,12831.85,12944.03,12782.84,12939.61,1.03 %,"75,437,901.70",-
NONLIFEINSU,2024-12-10,12833.12,12929.38,12718.64,12807.49,-0.20 %,"106,950,820.40",-
NONLIFEINSU,2024-12-09,12984.33,13061.9,12802.1,12833.11,-1.16 %,"152,079,349.10",-
NONLIFEINSU,2024-12-08,13093.44,13169.75,12901.32,12984.32,-0.83 %,"225,027,469.40",-
NONLIFEINSU,2024-12-05,13145.82,13307.97,13061.93,13093.44,-0.08 %,"241,940,490.80",-
NONLIFEINSU,2024-12-04,13172.37,13219.07,13067.49,13103.52,-0.34 %,"193,401,552.70",-
NONLIFEINSU,2024-12-03,13232.2,13340.28,13128.44,13147.89,-0.52 %,"212,951,369.42",-
NONLIFEINSU,2024-12-02,13189.69,13312.57,13128.11,13216.96,0.21 %,"314,863,727.40",-
NONLIFEINSU,2024-12-01,13191.17,13206.03,13040.18,13189.69,-0.01 %,"257,887,483.90",-
NONLIFEINSU,2024-11-28,13262.92,13294.66,13126.51,13191.17,-0.54 %,"239,758,614.50",-
NONLIFEINSU,2024-11-27,13127.33,13266.19,13127.32,13262.91,1.19 %,"161,448,020.10",-
NONLIFEINSU,2024-11-26,13001.22,13172.46,12987.4,13107.1,0.81 %,"159,250,644.90",-
NONLIFEINSU,2024-11-25,12852.13,13150.56,12850.33,13001.21,1.27 %,"198,700,606.00",-
NONLIFEINSU,2024-11-24,12874.63,12939.45,12797.32,12837.64,-0.17 %,"185,668,304.00",-
NONLIFEINSU,2024-11-21,13022.65,13139.93,12851.04,12860.02,-1.16 %,"240,442,611.40",-
NONLIFEINSU,2024-11-20,13038.46,13092.12,12945.76,13011.01,-0.21 %,"175,825,012.90",-
NONLIFEINSU,2024-11-19,13274.31,13323.53,13021.9,13038.46,-1.70 %,"305,935,853.80",-
NONLIFEINSU,2024-11-17,13397.18,13442.77,13247.29,13263.73,-0.69 %,"354,701,214.20",-
NONLIFEINSU,2024-11-14,13397.86,13453.27,13291.51,13356.4,-0.09 %,"277,144,784.60",-
NONLIFEINSU,2024-11-13,13596.53,13647.48,13348.35,13368.27,-1.24 %,"368,577,327.10",-
NONLIFEINSU,2024-11-12,13539.78,13756.76,13512.59,13535.77,0.13 %,"314,584,288.90",-
NONLIFEINSU,2024-11-11,13569.4,13678.16,13434.77,13517.62,-0.23 %,"711,714,262.70",-
NONLIFEINSU,2024-11-10,13309.75,13572.08,13269.89,13548.2,1.95 %,"785,128,979.20",-
NONLIFEINSU,2024-11-06,13461.22,13461.22,13242.34,13288.68,-0.88 %,"398,062,950.00",-
NONLIFEINSU,2024-11-05,13248.06,13635.16,13199.83,13406.04,1.07 %,"564,489,829.00",-
NONLIFEINSU,2024-10-30,13232.12,13352.52,13170.78,13264.52,0.50 %,"430,673,719.50",-
NONLIFEINSU,2024-10-29,12739.3,13309.9,12739.29,13199.09,3.61 %,"428,961,124.80",-
NONLIFEINSU,2024-10-28,12657.34,12783.69,12655.76,12739.29,0.65 %,"181,066,192.80",-
NONLIFEINSU,2024-10-27,12715.75,12770.91,12623.74,12657.33,-0.44 %,"116,453,971.50",-
NONLIFEINSU,2024-10-24,12789.11,12820.53,12682.06,12713.3,-0.59 %,"428,929,517.30",-
NONLIFEINSU,2024-10-23,12830.23,12897.04,12750.11,12789.1,-0.43 %,"115,488,589.00",-
NONLIFEINSU,2024-10-22,12768.57,12905.0,12743.71,12844.53,0.61 %,"131,380,259.40",-
NONLIFEINSU,2024-10-21,12995.31,12995.3,12754.42,12766.33,-1.76 %,"172,700,600.60",-
NONLIFEINSU,2024-10-20,13197.18,13197.18,12968.32,12995.3,-1.53 %,"367,188,262.80",-
NONLIFEINSU,2024-10-17,13196.43,13306.6,13095.77,13197.18,0.01 %,"156,920,444.30",-
NONLIFEINSU,2024-10-16,13016.39,13223.82,13016.39,13196.42,1.38 %,"170,383,701.80",-
NONLIFEINSU,2024-10-15,12950.04,13035.92,12889.29,13016.39,0.51 %,"57,322,196.60",-
NONLIFEINSU,2024-10-09,12939.02,13001.69,12829.85,12950.04,0.09 %,"179,159,254.40",-
NONLIFEINSU,2024-10-08,13129.69,13151.35,12906.57,12939.01,-1.45 %,"411,541,568.58",-
NONLIFEINSU,2024-10-07,13015.06,13270.35,13014.24,13129.68,0.88 %,"270,441,704.00",-
NONLIFEINSU,2024-10-06,12842.52,13045.46,12742.93,13015.05,1.50 %,"231,617,669.40",-
NONLIFEINSU,2024-10-02,13078.76,13145.42,12789.46,12823.29,-1.80 %,"322,985,345.80",-
NONLIFEINSU,2024-10-01,12645.76,13110.89,12645.75,13058.82,3.09 %,"547,001,291.00",-
NONLIFEINSU,2024-09-30,12577.04,12667.17,12510.72,12667.17,0.72 %,"190,202,708.10",-
NONLIFEINSU,2024-09-29,12618.44,12865.63,12418.8,12577.04,-0.16 %,"343,638,929.90",-
NONLIFEINSU,2024-09-26,12693.48,12854.32,12557.16,12597.18,-0.76 %,"330,668,816.80",-
NONLIFEINSU,2024-09-25,12484.46,12699.49,12374.58,12693.47,1.67 %,"231,219,200.70",-
NONLIFEINSU,2024-09-24,12660.83,12831.5,12456.38,12484.46,-1.39 %,"346,324,174.40",-
NONLIFEINSU,2024-09-23,13012.69,13072.49,12610.19,12660.83,-2.70 %,"261,595,745.30",-
NONLIFEINSU,2024-09-22,13003.22,13319.68,12937.9,13012.69,0.48 %,"360,692,213.30",-
NONLIFEINSU,2024-09-18,12929.84,13089.45,12822.86,12950.62,0.16 %,"368,534,929.70",-
NONLIFEINSU,2024-09-16,13156.98,13192.75,12849.12,12929.83,-1.92 %,"400,190,607.50",-
NONLIFEINSU,2024-09-15,13527.21,13663.26,13113.21,13182.6,-2.17 %,"320,982,971.50",-
NONLIFEINSU,2024-09-12,13259.54,13484.57,13166.6,13474.44,2.02 %,"314,419,172.20",-
NONLIFEINSU,2024-09-11,13255.2,13431.76,13159.14,13207.88,0.02 %,"417,447,407.30",-
NONLIFEINSU,2024-09-10,13258.43,13445.59,13138.84,13204.81,-0.40 %,"448,067,435.00",-
NONLIFEINSU,2024-09-09,13612.76,13612.75,13236.46,13258.42,-2.45 %,"484,745,001.60",-
NONLIFEINSU,2024-09-08,13746.77,13882.55,13581.64,13591.51,-1.28 %,"678,722,214.70",-
NONLIFEINSU,2024-09-05,13836.52,13899.56,13556.61,13768.42,-0.45 %,"697,107,067.80",-
NONLIFEINSU,2024-09-04,14276.99,14679.46,13788.71,13831.18,-2.73 %,"1,131,537,604.30",-
NONLIFEINSU,2024-09-03,13572.86,14388.54,13569.64,14219.61,4.79 %,"1,311,403,982.90",-
NONLIFEINSU,2024-09-02,12946.36,13679.58,12850.05,13569.73,4.81 %,"541,099,969.60",-
NONLIFEINSU,2024-09-01,13125.56,13299.77,12919.65,12946.46,-1.24 %,"423,438,096.70",-
NONLIFEINSU,2024-08-29,13353.88,13369.13,13089.72,13108.97,-1.89 %,"531,761,680.40",-
NONLIFEINSU,2024-08-28,13492.92,13767.4,13295.06,13361.31,-0.98 %,"448,897,440.90",-
NONLIFEINSU,2024-08-27,13832.36,13840.14,13439.57,13492.91,-2.45 %,"693,907,742.10",-
NONLIFEINSU,2024-08-25,14166.98,14204.68,13793.37,13832.35,-2.32 %,"702,628,776.70",-
NONLIFEINSU,2024-08-22,14304.72,14487.41,14137.18,14161.11,-1.19 %,"706,711,162.00",-
NONLIFEINSU,2024-08-21,14483.04,14849.64,14308.2,14331.53,-0.69 %,"969,754,698.00",-
NONLIFEINSU,2024-08-18,14496.62,14740.41,14353.41,14430.52,0.46 %,"1,307,283,377.90",-
NONLIFEINSU,2024-08-15,14253.03,14609.6,14253.03,14363.78,0.94 %,"992,239,559.80",-
NONLIFEINSU,2024-08-14,14229.59,14431.01,14048.85,14229.44,0.74 %,"1,093,107,513.60",-
NONLIFEINSU,2024-08-13,14321.85,14455.13,14057.31,14124.26,-1.02 %,"1,021,844,280.20",-
NONLIFEINSU,2024-08-12,13879.84,14325.22,13879.84,14269.94,2.98 %,"1,193,197,381.40",-
NONLIFEINSU,2024-08-11,13394.98,13881.8,13394.97,13857.49,3.82 %,"1,114,724,461.30",-
NONLIFEINSU,2024-08-08,13385.4,13701.25,13319.61,13394.97,0.07 %,"952,545,755.00",-
NONLIFEINSU,2024-08-07,12998.43,13388.47,12971.7,13385.39,3.08 %,"661,476,420.50",-
NONLIFEINSU,2024-08-06,13673.87,13770.62,12968.08,12984.82,-5.02 %,"1,209,060,032.70",-
NONLIFEINSU,2024-08-05,13518.07,13780.15,13509.31,13671.64,1.25 %,"1,138,849,852.40",-
NONLIFEINSU,2024-08-01,13270.96,13877.12,13215.37,13502.68,1.74 %,"1,556,869,849.90",-
NONLIFEINSU,2024-07-31,13056.51,13419.17,13056.01,13271.18,1.87 %,"1,015,821,469.60",-
NONLIFEINSU,2024-07-30,13072.73,13106.84,12683.92,13027.55,-0.37 %,"680,852,472.30",-
NONLIFEINSU,2024-07-29,13233.22,13345.3,12966.66,13075.91,-1.06 %,"872,570,426.20",-
NONLIFEINSU,2024-07-28,12996.47,13300.6,12764.59,13216.63,2.68 %,"808,505,207.40",-
NONLIFEINSU,2024-07-25,12516.04,12883.38,12431.63,12871.17,2.96 %,"1,164,113,276.30",-
NONLIFEINSU,2024-07-24,12536.42,12671.38,12183.36,12501.39,-0.15 %,"795,561,224.50",-
NONLIFEINSU,2024-07-23,12002.84,12540.91,11931.46,12520.01,4.38 %,"647,528,160.70",-
NONLIFEINSU,2024-07-22,12002.53,12107.49,11825.46,11994.93,-0.06 %,"452,778,694.90",-
NONLIFEINSU,2024-07-21,11934.99,12098.18,11820.0,12002.52,0.66 %,"578,118,945.10",-
NONLIFEINSU,2024-07-18,11805.32,12112.7,11731.32,11924.37,1.05 %,"718,934,765.80",-
NONLIFEINSU,2024-07-17,11449.91,11803.28,11438.33,11800.44,3.35 %,"567,668,082.30",-
NONLIFEINSU,2024-07-16,11179.96,11418.02,11144.57,11418.02,2.13 %,"283,780,072.70",-
NONLIFEINSU,2024-07-15,11348.24,11370.07,11146.75,11179.96,-0.91 %,"516,622,945.10",-
NONLIFEINSU,2024-07-14,11294.55,11416.07,11202.76,11282.7,1.26 %,"442,228,205.50",-
NONLIFEINSU,2024-07-11,11030.31,11161.04,11030.31,11142.21,1.01 %,"503,426,041.80",-
NONLIFEINSU,2024-07-10,10889.15,11080.16,10889.15,11030.31,1.30 %,"369,028,696.90",-
NONLIFEINSU,2024-07-09,10858.09,10889.15,10760.87,10889.15,0.45 %,"219,495,379.50",-
NONLIFEINSU,2024-07-08,10906.73,10925.15,10806.14,10840.46,-0.31 %,"233,787,797.10",-
NONLIFEINSU,2024-07-07,10734.66,10943.07,10734.66,10874.43,1.30 %,"374,693,337.70",-
NONLIFEINSU,2024-07-04,10672.46,10802.3,10653.88,10734.66,0.58 %,"222,705,479.20",-
NONLIFEINSU,2024-07-03,10717.22,10717.21,10551.21,10672.46,-0.24 %,"129,636,680.00",-
NONLIFEINSU,2024-07-02,10551.82,10914.88,10551.81,10697.76,2.43 %,"292,792,352.70",-
NONLIFEINSU,2024-07-01,10391.85,10446.24,10363.29,10443.77,0.50 %,"89,312,384.40",-
NONLIFEINSU,2024-06-30,10437.31,10480.01,10366.37,10391.84,-0.28 %,"106,441,235.20",-
NONLIFEINSU,2024-06-27,10475.21,10522.7,10398.66,10421.29,-0.67 %,"78,672,482.70",-
NONLIFEINSU,2024-06-26,10528.01,10557.12,10455.59,10491.29,-0.35 %,"78,382,789.10",-
NONLIFEINSU,2024-06-25,10574.7,10603.62,10515.48,10528.01,-0.22 %,"98,784,557.50",-
NONLIFEINSU,2024-06-24,10561.14,10645.22,10503.8,10551.46,-0.09 %,"105,413,284.20",-
NONLIFEINSU,2024-06-23,10590.85,10651.32,10536.77,10561.13,-0.13 %,"131,754,042.30",-
NONLIFEINSU,2024-06-20,10624.65,10624.64,10525.61,10574.82,-0.31 %,"125,347,169.30",-
NONLIFEINSU,2024-06-19,10588.98,10644.88,10552.03,10607.87,0.18 %,"108,399,481.10",-
NONLIFEINSU,2024-06-18,10677.73,10699.82,10580.34,10588.98,-0.83 %,"130,188,584.10",-
NONLIFEINSU,2024-06-16,10745.94,10822.7,10654.1,10677.72,-0.63 %,"129,832,635.50",-
NONLIFEINSU,2024-06-13,10834.91,10866.48,10736.49,10745.94,-0.82 %,"139,447,989.20",-
NONLIFEINSU,2024-06-12,10888.11,11005.22,10818.72,10834.9,-0.49 %,"268,084,135.70",-
NONLIFEINSU,2024-06-11,10654.54,10944.52,10636.89,10888.11,2.19 %,"275,746,824.30",-
NONLIFEINSU,2024-06-10,10519.65,10658.23,10503.74,10654.53,1.28 %,"158,861,300.80",-
NONLIFEINSU,2024-06-09,10568.13,10623.25,10503.14,10519.65,-0.46 %,"113,643,528.10",-
NONLIFEINSU,2024-06-06,10608.32,10666.54,10541.4,10568.12,-0.38 %,"88,596,926.70",-
NONLIFEINSU,2024-06-05,10646.97,10678.92,10569.51,10608.32,-0.25 %,"107,972,932.00",-
NONLIFEINSU,2024-06-04,10581.95,10714.91,10577.66,10634.54,0.56 %,"286,488,958.40",-
NONLIFEINSU,2024-06-03,10663.02,10730.21,10566.61,10574.9,-0.67 %,"104,044,110.60",-
NONLIFEINSU,2024-06-02,10574.48,10667.73,10560.96,10645.97,0.68 %,"95,208,206.20",-
NONLIFEINSU,2024-05-30,10689.41,10741.79,10551.81,10574.47,-1.08 %,"135,723,576.40",-
NONLIFEINSU,2024-05-29,10831.4,10948.24,10669.71,10689.4,-0.97 %,"128,676,286.30",-
NONLIFEINSU,2024-05-27,10818.57,10883.69,10746.56,10794.03,-0.23 %,"116,180,349.60",-
NONLIFEINSU,2024-05-26,10929.98,10968.77,10795.36,10818.57,-1.02 %,"159,309,186.80",-
NONLIFEINSU,2024-05-22,10996.61,11023.98,10913.89,10929.97,-0.61 %,"203,664,026.60",-
NONLIFEINSU,2024-05-21,10966.99,11041.68,10880.1,10996.6,0.27 %,"140,804,865.90",-
NONLIFEINSU,2024-05-20,11023.08,11178.57,10948.25,10966.98,-0.51 %,"296,726,550.00",-
NONLIFEINSU,2024-05-19,10711.0,11135.33,10690.86,11023.08,3.81 %,"559,240,559.80",-
NONLIFEINSU,2024-05-16,10699.18,10728.13,10610.25,10618.4,-0.86 %,"139,002,298.10",-
NONLIFEINSU,2024-05-15,10767.65,10894.32,10660.9,10710.33,-0.35 %,"219,925,275.10",-
NONLIFEINSU,2024-05-14,10557.64,10757.56,10557.64,10747.66,1.80 %,"225,081,153.30",-
NONLIFEINSU,2024-05-13,10570.74,10614.28,10505.61,10557.64,-0.03 %,"129,747,684.00",-
NONLIFEINSU,2024-05-12,10303.41,10622.39,10303.4,10561.18,2.64 %,"329,635,606.80",-
NONLIFEINSU,2024-05-09,10301.12,10309.46,10229.03,10289.18,0.19 %,"73,573,652.70",-
NONLIFEINSU,2024-05-08,10302.14,10328.9,10209.99,10270.02,-0.20 %,"93,980,392.50",-
NONLIFEINSU,2024-05-07,10290.51,10381.33,10259.35,10290.2,-0.00 %,"63,314,277.70",-
NONLIFEINSU,2024-05-06,10403.11,10415.05,10243.97,10290.51,-1.08 %,"107,697,929.40",-
NONLIFEINSU,2024-05-05,10445.09,10509.05,10359.67,10403.11,-0.01 %,"162,824,275.00",-
NONLIFEINSU,2024-05-02,10531.24,10623.75,10402.53,10404.02,-0.98 %,"163,256,936.20",-
NONLIFEINSU,2024-04-30,10261.32,10537.2,10243.29,10506.64,2.39 %,"174,403,657.90",-
NONLIFEINSU,2024-04-29,10331.08,10392.83,10245.08,10261.32,-0.51 %,"108,983,351.20",-
NONLIFEINSU,2024-04-28,10035.63,10372.57,10221.71,10313.98,1.06 %,"84,846,394.00",-
NONLIFEINSU,2024-04-25,10184.77,10260.58,10163.79,10205.66,0.21 %,"87,027,236.80",-
NONLIFEINSU,2024-04-24,10245.64,10284.2,10168.78,10184.76,-0.44 %,"46,928,366.80",-
NONLIFEINSU,2024-04-22,10285.83,10325.57,10172.83,10229.61,-0.55 %,"79,415,331.60",-
NONLIFEINSU,2024-04-21,10196.54,10285.83,10161.37,10285.83,0.95 %,"66,064,537.60",-
NONLIFEINSU,2024-04-18,10293.67,10293.66,10156.71,10189.19,-0.88 %,"62,815,996.40",-
NONLIFEINSU,2024-04-16,10357.64,10369.45,10230.74,10279.44,-0.75 %,"98,078,757.20",-
NONLIFEINSU,2024-04-15,10409.1,10497.11,10308.75,10357.64,-0.49 %,"80,847,480.30",-
NONLIFEINSU,2024-04-14,10506.45,10556.92,10393.08,10409.1,-1.04 %,"91,487,953.10",-
NONLIFEINSU,2024-04-10,10629.99,10675.77,10498.22,10518.48,-1.05 %,"109,173,200.40",-
NONLIFEINSU,2024-04-09,10524.67,10679.35,10517.32,10629.99,1.00 %,"172,600,191.80",-
NONLIFEINSU,2024-04-07,10432.6,10538.72,10401.03,10524.67,0.88 %,"105,115,679.00",-
NONLIFEINSU,2024-04-04,10403.21,10483.3,10347.93,10432.59,0.28 %,"101,369,927.60",-
NONLIFEINSU,2024-04-03,10422.35,10447.25,10371.83,10403.2,-0.02 %,"64,029,959.10",-
NONLIFEINSU,2024-04-02,10441.88,10455.87,10393.11,10405.46,-0.18 %,"67,346,974.60",-
NONLIFEINSU,2024-04-01,10470.62,10484.01,10400.49,10423.77,-0.40 %,"104,850,068.30",-
NONLIFEINSU,2024-03-31,10452.85,10566.08,10428.01,10465.98,0.13 %,"106,293,866.80",-
NONLIFEINSU,2024-03-28,10522.66,10522.65,10452.84,10452.84,-0.66 %,"89,863,531.10",-
NONLIFEINSU,2024-03-27,10569.26,10663.03,10481.37,10522.65,-0.58 %,"74,324,228.40",-
NONLIFEINSU,2024-03-26,10594.78,10640.48,10548.32,10584.05,0.02 %,"64,857,169.80",-
NONLIFEINSU,2024-03-25,10681.97,10726.3,10560.31,10581.91,-0.77 %,"92,796,301.80",-
NONLIFEINSU,2024-03-21,10771.73,10844.49,10647.96,10664.56,-0.84 %,"93,983,850.30",-
NONLIFEINSU,2024-03-20,10772.19,10896.12,10725.24,10754.36,-0.00 %,"83,159,268.20",-
NONLIFEINSU,2024-03-19,10806.08,10888.76,10748.91,10754.67,-0.31 %,"104,443,463.90",-
NONLIFEINSU,2024-03-18,10799.92,10913.99,10754.87,10788.56,-0.11 %,"101,289,933.60",-
NONLIFEINSU,2024-03-17,10819.15,10895.77,10778.0,10799.91,-0.23 %,"168,132,464.70",-
NONLIFEINSU,2024-03-14,11030.46,11031.91,10790.51,10824.42,-1.71 %,"184,727,344.60",-
NONLIFEINSU,2024-03-13,11152.61,11152.61,10953.73,11012.61,-0.56 %,"191,021,953.50",-
NONLIFEINSU,2024-03-12,10755.22,11082.39,10755.21,11074.13,3.15 %,"241,173,327.00",-
NONLIFEINSU,2024-03-10,10593.16,10841.23,10581.21,10735.48,1.34 %,"182,205,954.60",-
NONLIFEINSU,2024-03-07,10450.84,10639.48,10450.83,10593.16,1.56 %,"114,413,824.70",-
NONLIFEINSU,2024-03-06,10400.97,10533.18,10289.55,10429.97,0.28 %,"170,925,403.30",-
NONLIFEINSU,2024-03-05,10764.73,10771.13,10349.39,10400.97,-2.60 %,"177,761,190.60",-
NONLIFEINSU,2024-03-04,10277.39,10678.63,10277.39,10678.63,4.39 %,"10,895,385.00",-
NONLIFEINSU,2024-03-03,10297.56,10339.11,10172.65,10229.86,-0.55 %,"106,954,940.90",-
NONLIFEINSU,2024-02-29,10359.39,10520.01,10265.22,10286.59,-0.70 %,"104,220,867.00",-
NONLIFEINSU,2024-02-28,10396.91,10415.86,10306.6,10359.38,-0.36 %,"66,391,357.90",-
NONLIFEINSU,2024-02-27,10301.57,10441.68,10278.54,10396.91,0.75 %,"80,102,275.50",-
NONLIFEINSU,2024-02-26,10311.01,10359.35,10214.57,10319.8,0.23 %,"83,160,630.80",-
NONLIFEINSU,2024-02-25,10356.05,10436.14,10255.52,10296.6,-0.57 %,"103,110,281.60",-
NONLIFEINSU,2024-02-22,10509.87,10627.7,10342.86,10356.04,-1.46 %,"104,863,966.10",-
NONLIFEINSU,2024-02-21,10542.44,10676.64,10479.37,10509.87,-0.31 %,"90,868,256.80",-
NONLIFEINSU,2024-02-20,10545.93,10639.69,10531.58,10542.44,-0.03 %,"113,758,537.10",-
NONLIFEINSU,2024-02-18,10752.33,10752.32,10538.11,10545.93,-1.92 %,"136,363,958.60",-
NONLIFEINSU,2024-02-15,10831.95,10878.76,10727.43,10752.32,-0.74 %,"131,810,476.10",-
NONLIFEINSU,2024-02-14,10788.25,10895.92,10775.27,10831.95,0.41 %,"127,250,828.20",-
NONLIFEINSU,2024-02-13,10993.51,10993.51,10759.96,10788.25,-1.80 %,"209,305,997.40",-
NONLIFEINSU,2024-02-12,10818.27,11028.75,10818.26,10986.22,1.70 %,"251,192,256.90",-
NONLIFEINSU,2024-02-11,10845.18,10985.89,10769.36,10802.55,-0.39 %,"124,723,914.90",-
NONLIFEINSU,2024-02-08,10802.92,10858.09,10778.15,10845.17,0.39 %,"99,379,654.20",-
NONLIFEINSU,2024-02-07,10827.24,10963.45,10786.51,10802.91,-0.39 %,"121,073,082.80",-
NONLIFEINSU,2024-02-06,10748.0,10845.24,10716.53,10845.24,1.07 %,"119,264,571.70",-
NONLIFEINSU,2024-02-05,10813.34,10880.6,10686.4,10730.3,-0.41 %,"101,655,578.90",-
NONLIFEINSU,2024-02-04,10737.25,10789.18,10658.16,10774.53,0.52 %,"180,999,890.50",-
NONLIFEINSU,2024-02-01,10864.89,10871.95,10678.85,10718.92,-1.15 %,"223,948,900.50",-
NONLIFEINSU,2024-01-31,10960.55,11044.28,10798.44,10844.03,-1.06 %,"230,019,413.50",-
NONLIFEINSU,2024-01-30,10982.61,11072.82,10943.74,10960.54,-0.04 %,"233,626,129.90",-
NONLIFEINSU,2024-01-29,10981.67,11034.52,10945.51,10964.59,-0.11 %,"177,414,392.70",-
NONLIFEINSU,2024-01-28,10920.14,11050.35,10893.22,10977.16,0.52 %,"135,920,407.40",-
NONLIFEINSU,2024-01-25,11007.71,11007.7,10839.87,10920.14,-0.43 %,"219,651,578.50",-
NONLIFEINSU,2024-01-24,10999.76,11106.71,10912.72,10967.47,-0.29 %,"276,691,410.80",-
NONLIFEINSU,2024-01-23,10919.28,11010.15,10873.67,10999.75,0.74 %,"205,548,249.50",-
NONLIFEINSU,2024-01-22,11095.89,11136.29,10893.14,10919.28,-1.24 %,"229,728,807.50",-
NONLIFEINSU,2024-01-21,11155.22,11210.43,10988.58,11056.54,-0.88 %,"274,730,431.70",-
NONLIFEINSU,2024-01-18,11275.77,11275.77,11118.32,11155.21,-1.07 %,"293,369,120.10",-
NONLIFEINSU,2024-01-17,11308.68,11539.17,11237.47,11275.77,-0.29 %,"479,542,398.30",-
NONLIFEINSU,2024-01-16,11095.21,11343.14,11095.21,11308.67,1.92 %,"410,709,417.90",-
NONLIFEINSU,2024-01-14,11085.95,11207.69,11051.07,11095.21,0.01 %,"220,502,884.80",-
NONLIFEINSU,2024-01-11,11192.84,11291.56,11062.17,11093.98,-0.58 %,"201,769,456.90",-
NONLIFEINSU,2024-01-10,11182.39,11426.31,11130.63,11158.9,-0.07 %,"323,246,140.70",-
NONLIFEINSU,2024-01-09,11098.86,11335.47,11098.86,11166.51,0.61 %,"363,845,774.60",-
NONLIFEINSU,2024-01-08,10954.28,11162.64,10954.28,11098.86,1.43 %,"245,033,406.80",-
NONLIFEINSU,2024-01-07,11129.33,11171.0,10928.43,10942.92,-1.67 %,"308,365,623.80",-
NONLIFEINSU,2024-01-04,11234.22,11316.4,11078.23,11129.32,-0.93 %,"446,512,347.30",-
NONLIFEINSU,2024-01-03,10988.62,11252.86,10963.39,11234.21,2.01 %,"343,339,930.80",-
NONLIFEINSU,2024-01-02,11335.92,11336.65,10933.35,11012.8,-2.77 %,"377,032,587.30",-
NONLIFEINSU,2024-01-01,11424.61,11566.08,11290.71,11326.36,-0.76 %,"479,122,990.60",-
NONLIFEINSU,2023-12-28,11369.13,11534.99,11338.15,11412.61,0.23 %,"628,919,908.60",-
NONLIFEINSU,2023-12-27,11255.48,11539.84,11255.47,11386.5,1.16 %,"467,113,896.70",-
NONLIFEINSU,2023-12-24,11214.06,11518.63,11174.72,11255.47,0.56 %,"619,807,641.40",-
NONLIFEINSU,2023-12-21,11296.33,11458.31,11129.26,11192.36,-0.73 %,"367,331,488.20",-
NONLIFEINSU,2023-12-20,11316.87,11465.59,11251.87,11274.64,-0.09 %,"460,183,111.60",-
NONLIFEINSU,2023-12-19,11099.45,11302.7,10998.68,11284.79,2.06 %,"411,115,047.10",-
NONLIFEINSU,2023-12-18,11061.04,11139.54,10956.77,11056.72,0.12 %,"425,942,435.50",-
NONLIFEINSU,2023-12-17,10870.88,11043.19,10697.68,11043.19,1.03 %,"406,657,258.90",-
NONLIFEINSU,2023-12-14,10874.82,10935.58,10757.97,10930.52,0.51 %,"285,192,877.00",-
NONLIFEINSU,2023-12-13,11059.12,11114.71,10813.91,10874.81,-1.03 %,"324,524,488.90",-
NONLIFEINSU,2023-12-12,10802.2,11057.17,10702.88,11019.28,2.39 %,"393,305,085.90",-
NONLIFEINSU,2023-12-11,10761.77,10812.63,10508.92,10762.32,1.38 %,"609,331,773.20",-
NONLIFEINSU,2023-12-10,10123.65,10626.33,10123.64,10615.95,5.23 %,"60,938,319.90",-
NONLIFEINSU,2023-12-07,9879.17,10184.5,9844.99,10088.41,2.12 %,"320,686,844.00",-
NONLIFEINSU,2023-12-06,9801.14,9900.25,9791.18,9879.16,0.80 %,"69,808,591.40",-
NONLIFEINSU,2023-12-05,9860.77,9885.83,9745.8,9801.14,-0.43 %,"86,899,227.40",-
NONLIFEINSU,2023-12-04,9808.86,9941.46,9805.46,9843.17,0.35 %,"87,000,970.60",-
NONLIFEINSU,2023-12-03,9850.9,9901.26,9720.12,9808.85,-0.43 %,"54,221,808.90",-
NONLIFEINSU,2023-11-30,9906.74,9972.34,9788.12,9850.89,-0.66 %,"70,533,389.70",-
NONLIFEINSU,2023-11-29,10052.52,10164.35,9878.61,9915.97,-1.54 %,"93,565,711.50",-
NONLIFEINSU,2023-11-28,10072.9,10133.5,10011.8,10070.61,-0.02 %,"89,331,894.50",-
NONLIFEINSU,2023-11-27,10143.54,10238.27,10026.45,10072.89,-0.54 %,"157,498,376.00",-
NONLIFEINSU,2023-11-26,9762.22,10132.98,9724.78,10127.46,3.67 %,"190,123,603.20",-
NONLIFEINSU,2023-11-23,9589.58,9841.58,9481.56,9768.64,1.87 %,"108,857,630.50",-
NONLIFEINSU,2023-11-22,9466.59,9611.9,9391.07,9589.57,1.30 %,"74,426,277.50",-
NONLIFEINSU,2023-11-21,9600.78,9629.24,9410.33,9466.59,-1.40 %,"53,933,685.30",-
NONLIFEINSU,2023-11-20,9529.31,9676.49,9529.3,9600.78,0.75 %,"83,589,433.70",-
NONLIFEINSU,2023-11-09,9568.93,9660.48,9485.59,9529.3,-0.41 %,"44,747,308.80",-
NONLIFEINSU,2023-11-08,9591.67,9661.63,9542.95,9568.93,-0.24 %,"45,450,979.10",-
NONLIFEINSU,2023-11-07,9609.02,9639.55,9518.06,9591.66,-0.18 %,"82,115,424.20",-
NONLIFEINSU,2023-11-06,9396.39,9612.26,9377.34,9609.02,2.36 %,"53,286,949.40",-
NONLIFEINSU,2023-11-05,9499.65,9506.98,9327.95,9387.47,-1.18 %,"66,460,797.30",-
NONLIFEINSU,2023-11-02,9590.42,9602.52,9486.59,9499.65,-0.95 %,"66,543,872.60",-
NONLIFEINSU,2023-11-01,9625.94,9655.92,9557.44,9590.41,-0.37 %,"39,153,009.40",-
NONLIFEINSU,2023-10-31,9684.43,9689.36,9598.8,9625.94,-0.60 %,"29,109,767.50",-
NONLIFEINSU,2023-10-30,9601.21,9684.42,9510.19,9684.42,0.87 %,"50,397,326.00",-
NONLIFEINSU,2023-10-29,9793.94,9796.05,9601.21,9601.21,-1.97 %,"62,934,378.60",-
NONLIFEINSU,2023-10-19,9836.26,9904.54,9754.02,9793.93,-0.43 %,"71,817,491.00",-
NONLIFEINSU,2023-10-18,9561.42,9839.65,9561.41,9836.26,2.87 %,"94,486,370.10",-
NONLIFEINSU,2023-10-17,9613.03,9849.18,9519.51,9561.41,-0.54 %,"100,962,421.00",-
NONLIFEINSU,2023-10-16,9702.86,9719.49,9493.7,9613.02,-0.93 %,"90,224,090.40",-
NONLIFEINSU,2023-10-12,9852.63,9852.62,9687.7,9702.86,-1.52 %,"120,708,557.90",-
NONLIFEINSU,2023-10-11,9849.07,9958.79,9752.02,9852.62,-0.06 %,"95,769,058.80",-
NONLIFEINSU,2023-10-10,10028.21,10082.5,9793.78,9858.62,-1.69 %,"274,008,459.80",-
NONLIFEINSU,2023-10-09,10109.72,10179.0,10009.75,10028.2,-0.81 %,"77,324,187.20",-
NONLIFEINSU,2023-10-08,10301.46,10330.9,10079.91,10109.72,-1.86 %,"94,096,675.20",-
NONLIFEINSU,2023-10-05,10353.74,10387.14,10270.91,10301.45,-0.51 %,"78,605,046.10",-
NONLIFEINSU,2023-10-04,10291.85,10395.03,10289.82,10353.74,0.60 %,"68,443,067.10",-
NONLIFEINSU,2023-10-03,10363.54,10398.96,10262.36,10291.85,-0.69 %,"56,564,216.70",-
NONLIFEINSU,2023-10-02,10345.2,10403.71,10256.62,10363.54,0.18 %,"85,031,592.30",-
NONLIFEINSU,2023-10-01,10479.68,10479.68,10309.24,10345.2,-1.59 %,"77,560,182.30",-
NONLIFEINSU,2023-09-27,10612.92,10662.88,10487.69,10512.23,-0.95 %,"77,285,062.80",-
NONLIFEINSU,2023-09-26,10553.72,10735.06,10553.71,10612.92,0.56 %,"120,404,888.50",-
NONLIFEINSU,2023-09-25,10609.12,10679.06,10519.06,10553.71,-0.52 %,"67,626,236.40",-
NONLIFEINSU,2023-09-24,10775.36,10795.77,10581.26,10609.12,-1.45 %,"100,517,640.10",-
NONLIFEINSU,2023-09-21,10578.76,10832.84,10578.76,10765.75,1.77 %,"168,419,945.50",-
NONLIFEINSU,2023-09-19,10498.06,10587.45,10407.07,10578.76,0.77 %,"50,400,148.90",-
NONLIFEINSU,2023-09-18,10438.48,10579.73,10352.44,10498.06,0.57 %,"50,591,450.00",-
NONLIFEINSU,2023-09-17,10716.44,10743.85,10414.55,10438.48,-2.59 %,"125,914,187.80",-
NONLIFEINSU,2023-09-13,10475.65,10720.31,10475.64,10716.43,2.30 %,"128,038,071.40",-
NONLIFEINSU,2023-09-12,10636.67,10692.1,10449.75,10475.64,-1.41 %,"84,558,762.00",-
NONLIFEINSU,2023-09-11,10327.32,10625.04,10308.96,10625.04,2.88 %,"112,055,442.60",-
NONLIFEINSU,2023-09-10,10244.3,10366.72,10241.14,10327.31,0.87 %,"63,551,962.80",-
NONLIFEINSU,2023-09-07,10380.01,10398.21,10214.68,10238.31,-1.37 %,"84,038,968.60",-
NONLIFEINSU,2023-09-05,10438.88,10514.39,10341.18,10380.0,-0.56 %,"43,188,389.90",-
NONLIFEINSU,2023-09-04,10406.09,10540.11,10300.83,10438.87,0.32 %,"112,816,347.40",-
NONLIFEINSU,2023-09-03,10618.5,10618.49,10383.25,10406.08,-2.00 %,"98,735,785.20",-
NONLIFEINSU,2023-08-30,10622.44,10690.48,10573.62,10618.49,-0.04 %,"86,134,110.70",-
NONLIFEINSU,2023-08-29,10616.82,10701.41,10595.31,10622.43,0.05 %,"71,031,653.00",-
NONLIFEINSU,2023-08-28,10602.67,10723.22,10569.82,10616.82,0.13 %,"83,771,079.90",-
NONLIFEINSU,2023-08-27,10735.4,10754.86,10572.91,10602.67,-1.20 %,"108,889,843.00",-
NONLIFEINSU,2023-08-24,10975.28,11076.18,10697.38,10731.35,-2.08 %,"143,705,037.10",-
NONLIFEINSU,2023-08-23,10754.78,11065.89,10746.68,10975.28,2.16 %,"157,314,818.70",-
NONLIFEINSU,2023-08-22,10620.56,10746.15,10544.64,10743.05,1.15 %,"116,671,594.10",-
NONLIFEINSU,2023-08-21,10670.29,10715.15,10554.61,10620.55,-0.47 %,"108,556,161.50",-
NONLIFEINSU,2023-08-20,10843.03,10896.55,10653.05,10670.29,-1.59 %,"101,358,785.60",-
NONLIFEINSU,2023-08-17,10799.74,10984.74,10793.61,10843.03,0.55 %,"115,630,291.30",-
NONLIFEINSU,2023-08-16,10880.91,10890.32,10727.28,10783.5,-0.90 %,"130,171,155.60",-
NONLIFEINSU,2023-08-15,11065.13,11121.17,10820.96,10880.91,-1.66 %,"147,552,701.30",-
NONLIFEINSU,2023-08-14,11171.44,11213.53,11006.48,11065.13,-0.95 %,"164,603,768.60",-
NONLIFEINSU,2023-08-13,10929.87,11173.24,10877.29,11171.44,2.21 %,"184,462,413.00",-
NONLIFEINSU,2023-08-10,10794.65,11032.74,10696.13,10929.86,1.25 %,"170,598,981.70",-
NONLIFEINSU,2023-08-09,10484.13,10825.18,10379.15,10794.65,2.96 %,"150,777,145.50",-
NONLIFEINSU,2023-08-08,10596.38,10675.08,10415.06,10484.12,-1.06 %,"109,984,354.30",-
NONLIFEINSU,2023-08-07,10566.34,10756.32,10423.27,10596.38,0.07 %,"103,922,874.10",-
NONLIFEINSU,2023-08-06,10811.35,10841.6,10497.64,10588.74,-2.06 %,"158,582,263.90",-
NONLIFEINSU,2023-08-03,10867.16,10975.1,10780.37,10811.35,-0.51 %,"99,314,055.40",-
NONLIFEINSU,2023-08-02,10801.71,10883.24,10618.44,10867.15,0.61 %,"110,228,689.60",-
NONLIFEINSU,2023-08-01,11076.35,11182.67,10761.35,10801.7,-2.48 %,"152,369,253.40",-
NONLIFEINSU,2023-07-31,11071.74,11195.1,11050.84,11076.35,0.04 %,"144,881,646.80",-
NONLIFEINSU,2023-07-30,11282.11,11311.9,11005.06,11071.73,-1.86 %,"254,950,663.80",-
NONLIFEINSU,2023-07-27,11404.62,11504.23,11267.47,11282.11,-1.21 %,"197,439,410.00",-
NONLIFEINSU,2023-07-26,11507.27,11623.86,11396.24,11420.53,-0.75 %,"191,159,257.60",-
NONLIFEINSU,2023-07-25,11624.22,11744.36,11496.26,11507.26,-0.96 %,"211,939,996.00",-
NONLIFEINSU,2023-07-24,11776.32,11817.11,11588.54,11618.45,-1.14 %,"364,469,001.30",-
NONLIFEINSU,2023-07-23,11594.73,11868.35,11558.15,11752.84,1.36 %,"347,994,478.50",-
NONLIFEINSU,2023-07-20,11754.98,11783.17,11591.88,11594.73,-1.13 %,"243,463,506.80",-
NONLIFEINSU,2023-07-19,11740.62,11853.98,11653.82,11726.8,-0.02 %,"549,413,298.40",-
NONLIFEINSU,2023-07-18,11579.18,11862.99,11579.18,11728.69,1.55 %,"462,760,903.50",-
NONLIFEINSU,2023-07-17,11287.85,11552.74,11212.95,11549.95,2.32 %,"233,410,178.20",-
NONLIFEINSU,2023-07-16,11180.55,11323.3,11101.54,11287.84,0.96 %,"216,582,212.60",-
NONLIFEINSU,2023-07-13,11330.57,11426.77,11131.19,11180.54,-1.00 %,"284,085,634.40",-
NONLIFEINSU,2023-07-12,11186.77,11297.68,11166.93,11293.57,0.95 %,"284,058,715.00",-
NONLIFEINSU,2023-07-11,11222.78,11285.63,11135.47,11186.77,-0.32 %,"209,953,117.50",-
NONLIFEINSU,2023-07-10,11242.62,11411.34,11185.34,11222.77,-0.18 %,"318,381,892.30",-
NONLIFEINSU,2023-07-09,10997.56,11279.56,10982.5,11242.61,2.35 %,"297,736,944.20",-
NONLIFEINSU,2023-07-06,10994.63,11148.73,10861.8,10984.44,-0.21 %,"287,669,862.10",-
NONLIFEINSU,2023-07-05,11346.81,11369.47,10991.79,11007.31,-2.75 %,"345,694,645.10",-
NONLIFEINSU,2023-07-04,11283.13,11491.91,11193.31,11318.16,0.69 %,"419,838,924.20",-
NONLIFEINSU,2023-07-03,11345.22,11479.39,11193.64,11240.09,-0.76 %,"635,250,153.90",-
NONLIFEINSU,2023-07-02,11459.07,11633.78,11268.11,11326.59,-0.99 %,"601,878,960.00",-
NONLIFEINSU,2023-06-28,11547.76,11641.68,11357.05,11439.91,-0.52 %,"660,329,453.20",-
NONLIFEINSU,2023-06-27,11532.38,11578.96,11367.84,11499.78,-0.13 %,"482,994,006.10",-
NONLIFEINSU,2023-06-26,11683.59,11818.25,11435.4,11514.75,-0.97 %,"622,779,959.20",-
NONLIFEINSU,2023-06-25,10973.73,11680.15,10972.51,11627.3,6.09 %,"1,019,080,568.60",-
NONLIFEINSU,2023-06-22,10687.4,10963.8,10669.77,10960.33,2.77 %,"450,310,812.10",-
NONLIFEINSU,2023-06-21,10665.91,10934.51,10578.5,10665.07,-0.01 %,"374,877,180.70",-
NONLIFEINSU,2023-06-20,10923.98,11104.85,10640.56,10665.9,-2.36 %,"389,610,918.90",-
NONLIFEINSU,2023-06-19,11248.53,11274.97,10888.87,10923.98,-2.48 %,"539,056,053.30",-
NONLIFEINSU,2023-06-18,10729.48,11212.9,10671.81,11201.23,4.68 %,"632,124,346.90",-
NONLIFEINSU,2023-06-15,10574.03,10714.78,10446.92,10700.92,1.42 %,"400,621,359.80",-
NONLIFEINSU,2023-06-14,10628.38,10719.39,10369.16,10551.28,-0.63 %,"535,548,236.80",-
NONLIFEINSU,2023-06-13,10393.65,10778.4,10293.19,10618.55,1.90 %,"553,723,884.10",-
NONLIFEINSU,2023-06-12,10420.98,10494.76,10208.69,10393.65,-0.05 %,"346,843,764.10",-
NONLIFEINSU,2023-06-11,10242.43,10467.86,10233.92,10399.35,1.61 %,"367,318,317.60",-
NONLIFEINSU,2023-06-08,9732.03,10235.2,9673.25,10234.13,5.16 %,"503,159,664.90",-
NONLIFEINSU,2023-06-07,9744.22,9930.6,9688.95,9732.03,-0.12 %,"237,544,503.50",-
NONLIFEINSU,2023-06-06,9332.75,9746.96,9293.07,9744.21,4.64 %,"258,671,069.90",-
NONLIFEINSU,2023-06-05,9382.56,9503.94,9297.62,9312.52,-0.61 %,"254,212,302.70",-
NONLIFEINSU,2023-06-04,8962.51,9411.5,8955.2,9369.58,4.54 %,"134,249,696.40",-
NONLIFEINSU,2023-06-01,8795.55,8990.99,8727.74,8962.5,1.93 %,"128,036,196.00",-
NONLIFEINSU,2023-05-31,8941.06,9075.62,8788.97,8793.11,-2.47 %,"163,563,373.20",-
NONLIFEINSU,2023-05-30,9308.8,9308.8,9007.04,9015.46,-3.11 %,"175,508,086.90",-
NONLIFEINSU,2023-05-28,9554.23,9591.23,9270.9,9305.11,-2.65 %,"201,506,154.50",-
NONLIFEINSU,2023-05-24,9437.02,9558.46,9311.04,9558.46,1.29 %,"192,778,890.50",-
NONLIFEINSU,2023-05-23,9081.81,9454.76,9081.81,9437.01,3.91 %,"237,161,369.80",-
NONLIFEINSU,2023-05-22,9007.73,9153.28,8904.61,9081.8,0.82 %,"151,849,331.10",-
NONLIFEINSU,2023-05-21,8762.9,9024.34,8762.9,9007.72,2.79 %,"161,292,771.90",-
NONLIFEINSU,2023-05-18,8614.31,8813.32,8569.58,8762.89,1.72 %,"127,441,965.60",-
NONLIFEINSU,2023-05-17,8443.08,8615.84,8406.56,8614.3,2.03 %,"73,893,114.80",-
NONLIFEINSU,2023-05-16,8360.38,8448.77,8334.5,8443.07,0.99 %,"48,815,986.20",-
NONLIFEINSU,2023-05-15,8428.77,8428.77,8273.14,8360.38,-0.62 %,"60,335,663.80",-
NONLIFEINSU,2023-05-14,8452.68,8492.79,8373.6,8412.15,-0.48 %,"25,241,068.10",-
NONLIFEINSU,2023-05-11,8480.48,8525.57,8429.68,8452.67,-0.33 %,"30,532,877.30",-
NONLIFEINSU,2023-05-10,8449.64,8505.56,8430.53,8480.47,0.36 %,"26,339,486.50",-
NONLIFEINSU,2023-05-09,8429.04,8535.3,8425.54,8449.64,0.24 %,"31,335,728.80",-
NONLIFEINSU,2023-05-08,8535.99,8535.99,8400.91,8429.04,-1.25 %,"51,888,893.40",-
NONLIFEINSU,2023-05-07,8638.71,8676.01,8517.34,8535.98,-1.19 %,"30,260,507.00",-
NONLIFEINSU,2023-05-04,8507.04,8653.41,8494.71,8638.71,1.55 %,"42,963,959.20",-
NONLIFEINSU,2023-05-03,8517.37,8521.67,8455.86,8507.03,-0.12 %,"34,934,195.60",-
NONLIFEINSU,2023-05-02,8543.62,8543.62,8470.59,8517.37,-0.31 %,"19,983,760.30",-
NONLIFEINSU,2023-04-30,8590.28,8590.28,8496.91,8543.61,-0.54 %,"44,806,261.60",-
NONLIFEINSU,2023-04-27,8600.98,8649.95,8543.17,8590.28,-0.12 %,"35,192,433.60",-
NONLIFEINSU,2023-04-26,8651.93,8673.44,8581.41,8600.98,-0.59 %,"59,121,937.00",-
NONLIFEINSU,2023-04-25,8556.51,8670.01,8527.84,8651.93,1.12 %,"60,729,603.90",-
NONLIFEINSU,2023-04-24,8575.69,8580.98,8510.96,8556.51,-0.22 %,"32,840,623.30",-
NONLIFEINSU,2023-04-23,8605.23,8674.68,8499.87,8575.69,-0.34 %,"30,782,349.20",-
NONLIFEINSU,2023-04-20,8641.2,8678.97,8574.01,8605.23,-0.42 %,"57,418,781.40",-
NONLIFEINSU,2023-04-19,8570.36,8699.52,8556.03,8641.2,0.83 %,"59,456,692.90",-
NONLIFEINSU,2023-04-18,8564.93,8588.99,8526.42,8570.36,0.06 %,"55,788,158.50",-
NONLIFEINSU,2023-04-17,8622.16,8632.13,8508.54,8564.93,-0.66 %,"49,196,948.10",-
NONLIFEINSU,2023-04-16,8603.37,8676.34,8559.15,8622.16,0.22 %,"52,463,975.90",-
NONLIFEINSU,2023-04-13,8728.46,8807.46,8590.78,8603.37,-1.43 %,"82,172,012.90",-
NONLIFEINSU,2023-04-12,8385.17,8746.36,8385.17,8728.46,4.09 %,"113,435,980.40",-
NONLIFEINSU,2023-04-11,8322.26,8400.34,8293.34,8385.17,0.76 %,"43,709,377.20",-
NONLIFEINSU,2023-04-10,8291.19,8344.03,8246.72,8322.26,0.37 %,"33,407,263.30",-
NONLIFEINSU,2023-04-09,8444.55,8444.55,8258.54,8291.19,-1.82 %,"71,382,929.90",-
NONLIFEINSU,2023-04-06,8442.86,8472.51,8401.54,8444.55,0.02 %,"49,569,863.30",-
NONLIFEINSU,2023-04-05,8487.21,8508.54,8369.97,8442.86,-0.52 %,"80,598,557.70",-
NONLIFEINSU,2023-04-04,8591.59,8591.59,8451.24,8487.21,-1.39 %,"89,632,960.30",-
NONLIFEINSU,2023-04-03,8716.46,8736.63,8583.36,8606.84,-1.17 %,"46,648,349.50",-
NONLIFEINSU,2023-04-02,8739.34,8841.58,8661.45,8709.08,-0.54 %,"66,450,687.10",-
NONLIFEINSU,2023-03-30,8757.11,8845.31,8741.05,8756.32,-0.01 %,"40,114,111.90",-
NONLIFEINSU,2023-03-29,8738.45,8789.14,8686.92,8757.11,0.21 %,"38,056,118.50",-
NONLIFEINSU,2023-03-28,8774.41,8830.53,8699.2,8738.45,-0.12 %,"101,469,261.40",-
NONLIFEINSU,2023-03-27,8622.39,8774.35,8534.22,8748.82,1.47 %,"49,643,449.90",-
NONLIFEINSU,2023-03-26,8721.54,8795.07,8605.1,8622.39,-1.14 %,"47,922,439.80",-
NONLIFEINSU,2023-03-23,8759.38,8759.38,8674.59,8721.54,-0.43 %,"30,669,853.38",-
NONLIFEINSU,2023-03-22,8846.6,8873.52,8751.37,8759.38,-1.07 %,"56,349,112.00",-
NONLIFEINSU,2023-03-20,8770.47,8856.09,8751.11,8853.98,0.95 %,"109,047,690.30",-
NONLIFEINSU,2023-03-19,8757.9,8793.93,8723.57,8770.47,0.03 %,"37,740,494.70",-
NONLIFEINSU,2023-03-16,8790.24,8803.46,8688.21,8767.75,-0.26 %,"42,033,336.90",-
NONLIFEINSU,2023-03-15,8807.3,8815.25,8705.71,8790.24,-0.19 %,"42,150,524.60",-
NONLIFEINSU,2023-03-14,8759.69,8817.77,8717.06,8807.3,0.54 %,"36,619,478.50",-
NONLIFEINSU,2023-03-13,8842.43,8842.43,8706.6,8759.69,-0.94 %,"40,242,061.40",-
NONLIFEINSU,2023-03-12,8961.79,8998.35,8758.79,8842.43,-1.32 %,"116,676,877.50",-
NONLIFEINSU,2023-03-09,8707.62,8960.38,8703.48,8960.38,2.90 %,"70,684,431.90",-
NONLIFEINSU,2023-03-07,8623.88,8707.62,8584.03,8707.62,0.97 %,"42,936,919.20",-
NONLIFEINSU,2023-03-05,8694.64,8709.57,8562.8,8623.88,-0.74 %,"51,849,522.30",-
NONLIFEINSU,2023-03-02,8771.26,8771.26,8667.62,8687.83,-0.95 %,"47,172,602.40",-
NONLIFEINSU,2023-03-01,8876.83,8876.83,8760.23,8771.26,-1.10 %,"59,382,182.30",-
NONLIFEINSU,2023-02-28,8922.7,8933.93,8814.89,8868.88,-0.50 %,"51,513,342.60",-
NONLIFEINSU,2023-02-27,8905.92,8934.39,8712.27,8913.18,2.53 %,"87,758,302.60",-
NONLIFEINSU,2023-02-26,8870.52,8905.92,8583.23,8905.92,0.31 %,"106,851,837.70",-
NONLIFEINSU,2023-02-23,9085.45,9089.86,8838.21,8878.33,-2.19 %,"97,516,517.30",-
NONLIFEINSU,2023-02-22,8896.4,9095.28,8887.49,9077.25,2.03 %,"49,743,408.30",-
NONLIFEINSU,2023-02-20,8959.65,8959.65,8825.99,8896.4,-0.71 %,"71,025,905.60",-
NONLIFEINSU,2023-02-16,9083.67,9105.81,8927.21,8959.65,-1.37 %,"90,786,019.20",-
NONLIFEINSU,2023-02-15,9155.78,9239.53,9033.64,9083.67,-0.79 %,"77,314,035.70",-
NONLIFEINSU,2023-02-14,9205.57,9208.48,9106.34,9155.78,-0.54 %,"132,855,711.30",-
NONLIFEINSU,2023-02-12,9447.51,9447.51,9155.93,9205.57,-2.52 %,"186,997,555.50",-
NONLIFEINSU,2023-02-09,9389.57,9443.93,9277.89,9443.93,0.58 %,"121,706,465.20",-
NONLIFEINSU,2023-02-08,9418.1,9617.4,9336.09,9389.57,-0.30 %,"182,665,048.70",-
NONLIFEINSU,2023-02-07,9022.85,9418.1,9022.85,9418.1,4.38 %,"170,141,911.40",-
NONLIFEINSU,2023-02-06,9024.78,9071.98,8971.59,9022.85,-0.02 %,"69,323,979.60",-
NONLIFEINSU,2023-02-05,9076.08,9182.23,9001.92,9024.78,-0.45 %,"120,630,831.70",-
NONLIFEINSU,2023-02-02,9206.24,9240.99,9014.33,9065.74,-1.45 %,"167,731,588.70",-
NONLIFEINSU,2023-02-01,9197.47,9232.39,9118.55,9198.88,0.25 %,"137,027,475.20",-
NONLIFEINSU,2023-01-31,9216.51,9324.8,9161.13,9175.92,-0.37 %,"268,769,476.80",-
NONLIFEINSU,2023-01-30,9499.81,9547.49,9183.24,9209.56,-2.85 %,"182,624,271.00",-
NONLIFEINSU,2023-01-29,9497.73,9557.49,9398.93,9479.69,-0.09 %,"251,589,743.90",-
NONLIFEINSU,2023-01-26,9371.64,9616.03,9371.64,9488.4,1.49 %,"213,524,241.80",-
NONLIFEINSU,2023-01-25,9145.47,9433.56,9145.47,9349.31,2.12 %,"178,317,188.90",-
NONLIFEINSU,2023-01-24,9092.93,9164.45,9026.79,9155.43,0.66 %,"86,406,840.40",-
NONLIFEINSU,2023-01-23,9213.7,9335.74,9084.83,9095.27,-1.29 %,"106,432,284.90",-
NONLIFEINSU,2023-01-19,9194.39,9302.44,9165.49,9213.7,0.21 %,"119,000,072.10",-
NONLIFEINSU,2023-01-18,9290.1,9388.01,9177.15,9194.39,-1.03 %,"185,174,946.50",-
NONLIFEINSU,2023-01-17,9163.57,9332.69,9082.04,9290.1,1.27 %,"175,761,039.20",-
NONLIFEINSU,2023-01-12,9447.42,9516.43,9109.3,9174.02,-2.49 %,"370,051,894.40",-
NONLIFEINSU,2023-01-10,9686.14,9822.57,9341.84,9407.83,-2.87 %,"376,051,775.50",-
NONLIFEINSU,2023-01-09,9445.13,9718.07,9445.13,9686.14,2.55 %,"345,422,724.60",-
NONLIFEINSU,2023-01-08,9146.16,9611.98,9005.75,9445.13,3.52 %,"398,545,239.60",-
NONLIFEINSU,2023-01-05,9013.94,9153.86,8889.47,9123.56,1.45 %,"302,328,426.10",-
NONLIFEINSU,2023-01-04,8693.07,8993.23,8644.53,8993.23,3.45 %,"185,752,169.70",-
NONLIFEINSU,2023-01-03,8725.51,8800.93,8621.36,8693.07,-0.26 %,"226,006,812.00",-
NONLIFEINSU,2023-01-02,8461.71,8742.65,8346.62,8715.41,3.06 %,"191,076,764.80",-
NONLIFEINSU,2023-01-01,8300.91,8643.87,8300.91,8456.84,1.95 %,"228,488,957.20",-
NONLIFEINSU,2022-12-29,7946.23,8317.26,7891.11,8294.75,4.39 %,"139,408,959.90",-
NONLIFEINSU,2022-12-28,7939.53,8043.11,7874.11,7946.23,0.12 %,"97,426,754.40",-
NONLIFEINSU,2022-12-27,7662.16,7988.13,7653.0,7936.42,3.70 %,"166,253,742.80",-
NONLIFEINSU,2022-12-26,7401.81,7663.64,7401.81,7653.0,3.48 %,"69,913,755.70",-
NONLIFEINSU,2022-12-22,7417.0,7420.13,7376.6,7395.38,-0.29 %,"32,108,850.30",-
NONLIFEINSU,2022-12-21,7437.15,7454.46,7396.92,7417.0,-0.27 %,"19,003,795.10",-
NONLIFEINSU,2022-12-20,7409.31,7480.18,7403.9,7437.15,0.38 %,"28,361,158.10",-
NONLIFEINSU,2022-12-19,7396.04,7426.8,7363.34,7409.31,0.18 %,"25,350,492.20",-
NONLIFEINSU,2022-12-18,7481.22,7499.07,7375.96,7396.04,-0.90 %,"39,271,010.20",-
NONLIFEINSU,2022-12-15,7501.76,7501.76,7425.1,7463.12,-0.52 %,"24,254,035.70",-
NONLIFEINSU,2022-12-14,7509.81,7564.4,7477.01,7501.76,-0.11 %,"20,581,235.90",-
NONLIFEINSU,2022-12-13,7483.79,7547.43,7459.06,7509.81,0.35 %,"17,860,653.80",-
NONLIFEINSU,2022-12-12,7453.06,7504.84,7431.32,7483.79,0.41 %,"26,867,295.30",-
NONLIFEINSU,2022-12-11,7551.46,7551.46,7435.64,7453.06,-1.30 %,"31,460,743.70",-
NONLIFEINSU,2022-12-07,7488.06,7606.61,7542.34,7551.46,-0.48 %,"20,714,428.50",-
NONLIFEINSU,2022-12-06,7615.11,7618.97,7567.11,7588.06,-0.36 %,"32,020,522.90",-
NONLIFEINSU,2022-12-05,7708.11,7766.5,7587.12,7615.11,-1.19 %,"88,797,215.50",-
NONLIFEINSU,2022-12-04,7649.37,7717.68,7636.04,7707.06,0.75 %,"48,602,061.20",-
NONLIFEINSU,2022-12-01,7664.51,7722.22,7628.18,7649.37,-0.20 %,"26,188,785.90",-
NONLIFEINSU,2022-11-30,7672.01,7687.34,7618.04,7664.51,-0.10 %,"34,983,954.30",-
NONLIFEINSU,2022-11-29,7686.61,7686.61,7604.61,7672.01,-0.19 %,"19,076,575.70",-
NONLIFEINSU,2022-11-28,7699.63,7759.3,7671.54,7686.61,-0.17 %,"29,429,697.60",-
NONLIFEINSU,2022-11-27,7623.34,7703.13,7623.34,7699.63,1.00 %,"69,984,748.80",-
NONLIFEINSU,2022-11-24,7626.6,7641.84,7588.07,7623.34,-0.04 %,"14,062,172.50",-
NONLIFEINSU,2022-11-23,7673.39,7673.39,7563.21,7626.6,-0.32 %,"16,616,469.70",-
NONLIFEINSU,2022-11-22,7675.99,7713.3,7628.82,7650.82,-0.33 %,"20,728,038.00",-
NONLIFEINSU,2022-11-17,7573.82,7688.1,7573.82,7675.99,1.35 %,"25,700,830.80",-
NONLIFEINSU,2022-11-16,7551.71,7593.47,7545.54,7573.81,0.29 %,"28,456,150.20",-
NONLIFEINSU,2022-11-15,7544.71,7629.37,7538.65,7551.7,0.09 %,"16,922,240.40",-
NONLIFEINSU,2022-11-14,7532.87,7577.73,7500.3,7544.71,0.24 %,"26,411,512.90",-
NONLIFEINSU,2022-11-13,7545.46,7596.33,7471.66,7527.01,-0.24 %,"17,504,998.70",-
NONLIFEINSU,2022-11-10,7634.0,7661.31,7544.39,7545.45,-1.16 %,"26,057,350.60",-
NONLIFEINSU,2022-11-09,7812.05,7883.19,7623.48,7633.99,-1.86 %,"35,777,576.10",-
NONLIFEINSU,2022-11-08,7754.96,7793.52,7718.52,7778.35,0.30 %,"29,582,631.90",-
NONLIFEINSU,2022-11-07,7834.93,7890.52,7745.85,7754.95,-1.02 %,"54,482,793.60",-
NONLIFEINSU,2022-11-06,7701.67,7839.63,7664.43,7834.93,1.73 %,"39,632,673.60",-
NONLIFEINSU,2022-11-03,7701.05,7722.36,7639.38,7701.67,0.01 %,"23,894,379.10",-
NONLIFEINSU,2022-11-02,7702.67,7775.72,7654.76,7701.04,-0.02 %,"55,851,220.10",-
NONLIFEINSU,2022-11-01,7520.33,7702.67,7503.76,7702.67,2.59 %,"44,462,582.90",-
NONLIFEINSU,2022-10-31,7496.78,7513.84,7446.62,7507.85,0.00 %,"13,877,523.30",-
NONLIFEINSU,2022-10-23,7406.69,7496.78,7406.69,7496.78,1.22 %,"17,083,041.50",-
NONLIFEINSU,2022-10-20,7439.56,7477.66,7406.4,7406.69,-0.44 %,"15,569,076.00",-
NONLIFEINSU,2022-10-19,7495.07,7502.88,7396.31,7439.56,-0.74 %,"17,861,209.90",-
NONLIFEINSU,2022-10-17,7482.3,7496.06,7454.63,7495.07,0.17 %,"12,542,374.40",-
NONLIFEINSU,2022-10-16,7538.54,7572.78,7479.82,7482.3,-0.75 %,"29,789,727.30",-
NONLIFEINSU,2022-10-13,7505.92,7595.58,7500.17,7538.53,0.43 %,"30,695,569.90",-
NONLIFEINSU,2022-10-12,7459.19,7589.15,7445.8,7505.92,0.63 %,"32,922,447.90",-
NONLIFEINSU,2022-10-11,7529.98,7529.97,7447.71,7459.18,-0.94 %,"19,877,836.50",-
NONLIFEINSU,2022-10-10,7644.03,7669.78,7528.67,7529.97,-1.49 %,"32,277,999.60",-
NONLIFEINSU,2022-10-09,7508.54,7653.27,7503.85,7644.02,1.80 %,"24,191,633.30",-
NONLIFEINSU,2022-09-29,7486.7,7529.83,7459.78,7508.53,0.29 %,"29,573,251.50",-
NONLIFEINSU,2022-09-28,7459.33,7498.74,7453.44,7486.69,0.37 %,"19,846,630.10",-
NONLIFEINSU,2022-09-27,7427.59,7525.87,7413.83,7459.32,0.43 %,"20,916,878.70",-
NONLIFEINSU,2022-09-25,7486.68,7502.14,7405.46,7427.58,-0.79 %,"29,341,805.80",-
NONLIFEINSU,2022-09-22,7545.26,7560.57,7470.3,7486.68,-0.78 %,"21,799,731.40",-
NONLIFEINSU,2022-09-21,7525.62,7595.22,7514.53,7545.25,0.26 %,"30,580,741.00",-
NONLIFEINSU,2022-09-20,7642.81,7678.06,7506.24,7525.61,-1.53 %,"53,255,127.10",-
NONLIFEINSU,2022-09-18,7774.02,7774.02,7629.24,7642.81,-1.60 %,"38,551,514.10",-
NONLIFEINSU,2022-09-16,7794.77,7794.77,7702.93,7767.42,-0.35 %,"28,535,801.70",-
NONLIFEINSU,2022-09-15,7991.45,7996.8,7783.59,7794.77,-2.46 %,"104,747,983.30",-
NONLIFEINSU,2022-09-14,7874.49,8032.27,7869.2,7991.44,1.49 %,"70,073,373.90",-
NONLIFEINSU,2022-09-13,7815.72,7907.07,7815.72,7874.49,0.75 %,"57,695,033.20",-
NONLIFEINSU,2022-09-12,7862.61,7878.43,7804.84,7815.72,-0.60 %,"30,741,411.30",-
NONLIFEINSU,2022-09-11,7901.05,7937.11,7852.57,7862.6,-0.49 %,"67,923,579.70",-
NONLIFEINSU,2022-09-08,7899.34,7960.93,7877.41,7901.05,0.02 %,"151,902,622.70",-
NONLIFEINSU,2022-09-07,7933.24,7950.64,7884.79,7899.34,-0.43 %,"64,638,477.60",-
NONLIFEINSU,2022-09-06,8081.14,8082.43,7919.84,7933.23,-1.83 %,"123,270,269.50",-
NONLIFEINSU,2022-09-05,8095.6,8109.13,8033.77,8081.13,-0.05 %,"86,819,354.50",-
NONLIFEINSU,2022-09-04,7938.5,8108.45,7938.49,8085.5,1.85 %,"105,392,439.00",-
NONLIFEINSU,2022-09-02,7979.02,8032.77,7932.67,7938.49,-0.39 %,"30,146,854.80",-
NONLIFEINSU,2022-09-01,7907.37,8050.05,7845.44,7969.5,0.79 %,"97,175,125.00",-
NONLIFEINSU,2022-08-31,7955.94,7969.87,7899.75,7907.37,-0.61 %,"33,576,147.00",-
NONLIFEINSU,2022-08-30,7962.31,8022.19,7955.94,7955.94,-0.08 %,"32,217,249.30",-
NONLIFEINSU,2022-08-29,7955.23,7977.3,7912.92,7962.31,0.09 %,"30,184,319.30",-
NONLIFEINSU,2022-08-28,8121.17,8121.17,7953.43,7955.22,-2.04 %,"61,634,864.40",-
NONLIFEINSU,2022-08-26,8177.97,8177.96,8106.34,8121.17,0.00 %,"31,860,798.70",-
NONLIFEINSU,2022-08-25,8199.7,8323.96,8166.84,8177.96,0.00 %,"53,380,857.90",-
NONLIFEINSU,2022-08-24,8214.87,8234.4,8179.68,8199.69,0.00 %,"34,014,851.50",-
NONLIFEINSU,2022-08-23,8219.89,8252.12,8195.56,8214.87,0.00 %,"27,798,511.20",-
NONLIFEINSU,2022-08-22,8267.22,8296.5,8203.65,8219.89,0.00 %,"42,948,868.60",-
NONLIFEINSU,2022-08-21,8258.92,8309.35,8219.77,8267.22,0.00 %,"47,237,526.30",-
NONLIFEINSU,2022-08-18,8201.36,8273.59,8188.19,8258.91,0.00 %,"59,736,140.10",-
NONLIFEINSU,2022-08-17,8168.28,8224.09,8129.91,8201.36,0.00 %,"39,853,776.10",-
NONLIFEINSU,2022-08-16,8313.77,8394.82,8153.53,8168.27,0.00 %,"73,860,845.10",-
NONLIFEINSU,2022-08-15,8056.1,8311.55,8056.09,8310.29,0.00 %,"93,357,613.10",-
NONLIFEINSU,2022-08-14,8108.95,8159.22,8026.18,8056.09,0.00 %,"38,730,379.00",-
NONLIFEINSU,2022-08-11,8162.04,8223.95,8093.32,8108.94,0.00 %,"87,458,630.40",-
NONLIFEINSU,2022-08-10,8248.54,8290.6,8172.72,8172.72,0.00 %,"65,666,414.90",-
NONLIFEINSU,2022-08-09,8371.99,8379.98,8242.25,8248.54,0.00 %,"62,200,937.80",-
NONLIFEINSU,2022-08-08,8408.47,8498.31,8345.5,8371.98,0.00 %,"84,565,296.60",-
NONLIFEINSU,2022-08-07,8407.72,8476.78,8402.05,8408.46,0.00 %,"48,457,666.60",-
NONLIFEINSU,2022-08-05,8542.8,8568.01,8406.42,8407.72,0.00 %,"67,405,540.00",-
NONLIFEINSU,2022-08-04,8589.65,8663.35,8502.94,8503.03,0.00 %,"109,194,517.00",-
NONLIFEINSU,2022-08-03,8631.46,8678.85,8528.49,8551.16,0.00 %,"99,845,976.10",-
NONLIFEINSU,2022-08-02,8644.37,8687.97,8559.24,8636.71,0.00 %,"82,802,052.90",-
NONLIFEINSU,2022-08-01,8692.68,8842.48,8635.47,8644.36,0.00 %,"228,563,994.90",-
NONLIFEINSU,2022-07-31,8290.06,8675.73,8290.06,8664.14,0.00 %,"244,313,176.10",-
NONLIFEINSU,2022-07-29,8309.91,8349.0,8260.36,8290.06,0.00 %,"27,616,768.90",-
NONLIFEINSU,2022-07-28,8305.63,8391.68,8277.74,8305.08,0.00 %,"91,193,262.70",-
NONLIFEINSU,2022-07-27,8261.83,8312.77,8173.24,8305.63,0.00 %,"43,059,460.90",-
NONLIFEINSU,2022-07-26,8363.42,8410.63,8247.6,8261.82,0.00 %,"85,642,070.50",-
NONLIFEINSU,2022-07-25,8237.66,8369.43,8237.65,8363.42,0.00 %,"98,107,783.20",-
NONLIFEINSU,2022-07-24,8118.75,8238.45,8118.75,8237.65,0.00 %,"42,412,602.20",-
NONLIFEINSU,2022-07-22,8152.31,8158.06,8053.64,8119.66,0.00 %,"32,553,779.30",-
NONLIFEINSU,2022-07-21,8216.64,8229.7,8123.27,8152.31,0.00 %,"43,149,748.50",-
NONLIFEINSU,2022-07-20,8180.74,8246.3,8120.89,8197.15,0.00 %,"39,306,117.20",-
NONLIFEINSU,2022-07-19,8099.35,8219.91,8099.35,8160.44,0.00 %,"50,526,122.00",-
NONLIFEINSU,2022-07-18,7998.69,8093.69,7990.2,8087.84,0.00 %,"40,137,668.60",-
NONLIFEINSU,2022-07-17,7986.32,8011.7,7927.63,7979.35,0.00 %,"31,654,027.10",-
NONLIFEINSU,2022-07-15,7989.69,8020.98,7950.85,7986.31,0.00 %,"28,622,853.30",-
NONLIFEINSU,2022-07-14,7960.92,8042.97,7905.24,7989.69,0.00 %,"46,315,452.50",-
NONLIFEINSU,2022-07-13,7835.62,7986.04,7829.14,7976.95,0.00 %,"53,480,660.20",-
NONLIFEINSU,2022-07-12,7742.16,7853.03,7699.02,7812.47,0.00 %,"50,066,949.10",-
NONLIFEINSU,2022-07-11,8107.65,8107.65,7691.25,7742.15,0.00 %,"89,311,678.70",-
NONLIFEINSU,2022-07-08,8207.48,8213.47,8054.93,8107.65,0.00 %,"33,140,377.90",-
NONLIFEINSU,2022-07-07,8250.02,8357.11,8128.39,8197.0,0.00 %,"59,718,990.30",-
NONLIFEINSU,2022-07-06,8272.33,8295.03,8088.29,8214.9,0.00 %,"71,338,601.90",-
NONLIFEINSU,2022-07-05,8512.35,8562.29,8229.4,8265.7,0.00 %,"102,678,459.20",-
NONLIFEINSU,2022-07-04,8463.99,8851.01,8414.44,8505.57,0.00 %,"205,643,528.40",-
NONLIFEINSU,2022-07-03,8274.71,8475.36,8179.6,8457.5,0.00 %,"94,187,576.30",-
NONLIFEINSU,2022-07-01,8301.7,8376.21,8192.2,8274.7,0.00 %,"67,776,931.20",-
NONLIFEINSU,2022-06-30,7924.95,8314.42,7924.95,8292.97,0.00 %,"108,574,919.20",-
NONLIFEINSU,2022-06-29,7717.95,7914.86,7703.63,7905.31,0.00 %,"61,119,071.90",-
NONLIFEINSU,2022-06-28,7827.91,7827.91,7677.31,7717.95,0.00 %,"46,744,621.70",-
NONLIFEINSU,2022-06-27,7944.15,8040.55,7799.48,7827.91,0.00 %,"65,954,039.70",-
NONLIFEINSU,2022-06-26,7562.86,7930.33,7547.69,7925.74,0.00 %,"87,534,436.10",-
NONLIFEINSU,2022-06-24,7433.94,7562.86,7257.52,7562.86,0.00 %,"36,732,457.70",-
NONLIFEINSU,2022-06-23,7651.99,7662.71,7367.08,7433.93,0.00 %,"59,761,359.60",-
NONLIFEINSU,2022-06-22,7824.88,7824.87,7632.56,7651.99,0.00 %,"32,940,839.50",-
NONLIFEINSU,2022-06-21,7653.21,7870.45,7647.57,7807.21,0.00 %,"38,901,818.70",-
NONLIFEINSU,2022-06-20,7909.14,7909.14,7549.98,7648.88,0.00 %,"96,579,308.30",-
NONLIFEINSU,2022-06-19,8047.26,8158.63,7824.81,7892.43,0.00 %,"41,169,701.00",-
NONLIFEINSU,2022-06-17,8089.84,8132.55,8008.31,8047.25,0.00 %,"19,339,640.20",-
NONLIFEINSU,2022-06-16,8031.84,8094.47,7976.79,8065.83,0.00 %,"44,984,131.20",-
NONLIFEINSU,2022-06-15,8166.11,8170.13,7848.25,8031.83,0.00 %,"84,256,337.30",-
NONLIFEINSU,2022-06-14,8408.84,8413.68,8137.62,8166.11,0.00 %,"72,673,093.60",-
NONLIFEINSU,2022-06-13,8512.23,8554.22,8349.09,8408.84,0.00 %,"34,164,285.00",-
NONLIFEINSU,2022-06-10,8590.6,8590.59,8374.48,8511.03,0.00 %,"35,235,510.20",-
NONLIFEINSU,2022-06-09,8658.8,8863.06,8587.54,8616.84,0.00 %,"81,778,089.00",-
NONLIFEINSU,2022-06-08,8345.36,8782.65,8326.28,8658.8,0.00 %,"75,758,929.40",-
NONLIFEINSU,2022-06-07,8485.14,8489.48,8310.64,8345.35,0.00 %,"72,821,076.00",-
NONLIFEINSU,2022-06-06,8534.68,8617.32,8355.38,8474.93,0.00 %,"59,787,541.90",-
NONLIFEINSU,2022-06-03,8697.35,8702.36,8466.45,8534.67,0.00 %,"62,649,358.90",-
NONLIFEINSU,2022-06-02,8823.55,8845.87,8624.57,8701.83,0.00 %,"77,352,109.80",-
NONLIFEINSU,2022-06-01,8997.09,9007.47,8806.53,8839.98,0.00 %,"75,773,117.50",-
NONLIFEINSU,2022-05-31,9233.51,9239.66,8920.96,8997.08,0.00 %,"66,107,843.50",-
NONLIFEINSU,2022-05-30,9482.46,9503.61,9223.79,9233.5,0.00 %,"71,117,054.60",-
NONLIFEINSU,2022-05-27,9555.8,9581.62,9404.88,9482.46,0.00 %,"35,921,709.40",-
NONLIFEINSU,2022-05-26,9548.37,9634.92,9464.66,9551.43,0.00 %,"31,735,620.60",-
NONLIFEINSU,2022-05-25,9408.98,9615.66,9408.98,9543.49,0.00 %,"57,807,881.90",-
NONLIFEINSU,2022-05-24,9386.04,9486.13,9341.36,9408.98,0.00 %,"62,558,455.80",-
NONLIFEINSU,2022-05-23,9548.77,9582.65,9317.39,9384.98,0.00 %,"92,862,278.70",-
NONLIFEINSU,2022-05-20,9693.19,9706.57,9512.43,9545.69,0.00 %,"59,760,926.00",-
NONLIFEINSU,2022-05-19,9836.4,9859.27,9637.44,9688.2,0.00 %,"87,166,414.50",-
NONLIFEINSU,2022-05-18,9872.01,9902.47,9698.34,9831.24,0.00 %,"73,524,330.40",-
NONLIFEINSU,2022-05-17,10357.81,10363.56,9854.6,9872.0,0.00 %,"111,315,670.90",-
NONLIFEINSU,2022-05-12,10467.1,10599.29,10333.23,10357.81,0.00 %,"78,719,758.60",-
NONLIFEINSU,2022-05-11,10197.98,10441.72,10197.98,10441.72,0.00 %,"116,972,751.00",-
NONLIFEINSU,2022-05-10,10079.52,10205.1,10066.85,10197.98,0.00 %,"39,105,610.30",-
NONLIFEINSU,2022-05-09,10016.9,10123.75,9972.42,10073.93,0.00 %,"44,097,945.30",-
NONLIFEINSU,2022-05-08,10007.41,10016.9,9834.63,10016.9,0.00 %,"158,311,306.80",-
NONLIFEINSU,2022-05-05,10271.59,10271.58,9986.94,10007.41,0.00 %,"237,232,778.90",-
NONLIFEINSU,2022-05-04,10482.41,10482.4,10191.95,10271.58,0.00 %,"139,672,442.50",-
NONLIFEINSU,2022-05-02,10736.08,10736.66,10417.31,10482.41,-2.04 %,"74,163,142.50",-
NONLIFEINSU,2022-04-28,10745.73,10879.37,10650.39,10701.03,0.00 %,"195,822,980.00",-
NONLIFEINSU,2022-04-27,10717.38,10775.62,10605.73,10742.37,0.00 %,"89,023,169.60",-
NONLIFEINSU,2022-04-26,10794.49,10880.26,10638.41,10711.68,0.00 %,"97,769,510.80",-
NONLIFEINSU,2022-04-25,10957.06,11107.13,10767.53,10811.83,0.00 %,"200,195,764.70",-
NONLIFEINSU,2022-04-24,10528.81,11013.64,10528.8,10961.93,0.00 %,"278,877,560.00",-
NONLIFEINSU,2022-04-21,10627.71,10652.72,10302.11,10527.55,0.00 %,"242,344,341.10",-
NONLIFEINSU,2022-04-20,10778.13,10811.59,10580.23,10612.76,0.00 %,"149,408,338.20",-
NONLIFEINSU,2022-04-19,10720.15,10903.71,10592.3,10782.58,0.00 %,"172,268,383.30",-
NONLIFEINSU,2022-04-18,11062.52,11087.68,10703.92,10720.14,0.00 %,"195,427,345.80",-
NONLIFEINSU,2022-04-17,11183.17,11216.85,10970.84,11062.51,0.00 %,"174,639,405.90",-
NONLIFEINSU,2022-04-13,11053.73,11231.88,10876.27,11183.16,0.00 %,"178,443,450.80",-
NONLIFEINSU,2022-04-12,11302.72,11313.63,11016.65,11053.71,0.00 %,"175,347,957.50",-
NONLIFEINSU,2022-04-11,11452.26,11680.01,11241.21,11288.83,0.00 %,"430,911,806.50",-
NONLIFEINSU,2022-04-07,11335.3,11528.5,11335.29,11444.42,0.00 %,"254,798,226.40",-
NONLIFEINSU,2022-04-06,11527.08,11534.48,11249.57,11335.29,0.00 %,"280,842,313.00",-
NONLIFEINSU,2022-04-05,11873.92,11873.92,11301.92,11527.07,0.00 %,"537,760,958.70",-
NONLIFEINSU,2022-04-04,12093.65,12114.37,11871.1,11873.92,0.00 %,"310,517,418.10",-
NONLIFEINSU,2022-04-03,12279.28,12304.31,12010.24,12074.04,0.00 %,"366,752,752.90",-
NONLIFEINSU,2022-03-31,12293.33,12427.53,12147.58,12246.05,0.00 %,"348,684,406.20",-
NONLIFEINSU,2022-03-30,12092.15,12286.07,11955.42,12283.35,0.00 %,"450,051,064.00",-
NONLIFEINSU,2022-03-29,12206.71,12214.34,12031.06,12092.15,0.00 %,"293,909,365.70",-
NONLIFEINSU,2022-03-28,12455.37,12455.52,12151.48,12168.84,0.00 %,"536,199,925.60",-
NONLIFEINSU,2022-03-27,12413.2,12911.13,12373.24,12421.33,0.00 %,"1,844,802,522.30",-
NONLIFEINSU,2022-03-24,12167.73,12436.32,12143.41,12288.56,0.00 %,"756,126,913.50",-
NONLIFEINSU,2022-03-23,12245.56,12264.07,12133.04,12160.61,0.00 %,"332,954,345.00",-
NONLIFEINSU,2022-03-22,12165.2,12269.51,12154.02,12240.14,0.00 %,"354,239,504.50",-
NONLIFEINSU,2022-03-21,12116.16,12165.2,11993.63,12155.49,0.00 %,"298,009,213.20",-
NONLIFEINSU,2022-03-20,12194.61,12292.93,12027.63,12109.2,0.00 %,"486,440,452.50",-
NONLIFEINSU,2022-03-16,12119.54,12195.01,12074.61,12183.46,0.00 %,"457,484,521.60",-
NONLIFEINSU,2022-03-15,12064.6,12143.81,11947.95,12106.24,0.00 %,"556,785,621.30",-
NONLIFEINSU,2022-03-14,11965.61,12145.25,11909.62,12038.91,0.00 %,"286,752,355.20",-
NONLIFEINSU,2022-03-13,11413.78,11965.6,11413.77,11965.6,0.00 %,"736,622,707.20",-
NONLIFEINSU,2022-03-10,11149.64,11397.73,11065.33,11397.73,0.00 %,"280,924,280.60",-
NONLIFEINSU,2022-03-09,11354.91,11405.46,11104.73,11156.36,0.00 %,"239,689,064.60",-
NONLIFEINSU,2022-03-07,11355.78,11469.75,11303.28,11348.16,0.00 %,"274,313,064.00",-
NONLIFEINSU,2022-03-06,11356.43,11441.69,11215.84,11338.29,0.00 %,"297,299,222.70",-
NONLIFEINSU,2022-03-02,11689.69,11755.27,11292.35,11356.43,0.00 %,"454,450,032.20",-
NONLIFEINSU,2022-02-28,11955.31,12099.79,11606.92,11679.61,0.00 %,"347,338,820.50",-
NONLIFEINSU,2022-02-27,12003.34,12127.79,11875.66,11948.3,0.00 %,"337,219,327.80",-
NONLIFEINSU,2022-02-24,12233.91,12233.91,11841.89,11981.24,0.00 %,"427,639,495.40",-
NONLIFEINSU,2022-02-23,12344.58,12372.37,12183.78,12226.79,0.00 %,"183,447,855.80",-
NONLIFEINSU,2022-02-22,12216.46,12398.57,12216.45,12337.25,0.00 %,"256,891,738.00",-
NONLIFEINSU,2022-02-21,12170.22,12305.43,12138.75,12209.23,0.00 %,"335,743,018.00",-
NONLIFEINSU,2022-02-20,12417.42,12417.41,12111.4,12170.22,0.00 %,"385,187,957.80",-
NONLIFEINSU,2022-02-17,12470.15,12617.16,12409.53,12450.97,0.00 %,"223,005,614.60",-
NONLIFEINSU,2022-02-16,12556.71,12708.77,12450.58,12457.17,0.00 %,"409,428,900.70",-
NONLIFEINSU,2022-02-15,12378.99,12572.02,12349.71,12563.98,0.00 %,"343,412,778.10",-
NONLIFEINSU,2022-02-14,12359.34,12529.27,12323.47,12378.98,0.00 %,"417,913,565.80",-
NONLIFEINSU,2022-02-13,12939.01,12939.0,12346.84,12393.34,0.00 %,"677,442,739.10",-
NONLIFEINSU,2022-02-10,13033.27,13125.94,12895.38,12945.88,0.00 %,"643,155,860.40",-
NONLIFEINSU,2022-02-09,13225.77,13233.51,12929.49,13027.01,0.00 %,"543,642,890.60",-
NONLIFEINSU,2022-02-08,13236.53,13402.95,13143.09,13225.77,0.00 %,"963,008,003.90",-
NONLIFEINSU,2022-02-07,13089.27,13310.49,13026.44,13168.91,0.00 %,"774,801,254.40",-
NONLIFEINSU,2022-02-06,13263.65,13318.09,13031.12,13089.26,0.00 %,"970,511,404.40",-
NONLIFEINSU,2022-02-03,13260.96,13422.26,13197.52,13214.72,0.00 %,"1,117,112,038.30",-
NONLIFEINSU,2022-02-01,13124.72,13214.27,12980.01,13202.55,0.00 %,"733,032,428.40",-
NONLIFEINSU,2022-01-31,13295.43,13329.48,13086.7,13110.69,0.00 %,"557,958,317.00",-
NONLIFEINSU,2022-01-30,12928.39,13340.81,12928.39,13289.46,0.00 %,"900,960,096.40",-
NONLIFEINSU,2022-01-27,12766.62,12970.88,12766.25,12857.85,0.00 %,"725,248,549.90",-
NONLIFEINSU,2022-01-26,12866.57,12907.67,12583.85,12724.02,0.00 %,"708,052,548.60",-
NONLIFEINSU,2022-01-25,12906.23,13084.98,12751.48,12866.56,0.00 %,"1,117,101,445.00",-
NONLIFEINSU,2022-01-24,13390.64,13402.67,12788.17,12883.86,0.00 %,"1,425,813,644.00",-
NONLIFEINSU,2022-01-23,13411.46,13627.8,13318.14,13390.64,0.00 %,"1,285,559,814.00",-
NONLIFEINSU,2022-01-20,13089.84,13398.11,13073.28,13359.93,0.00 %,"1,201,031,246.80",-
NONLIFEINSU,2022-01-19,13207.0,13335.95,13075.94,13089.84,0.00 %,"857,352,198.20",-
NONLIFEINSU,2022-01-18,13383.23,13452.61,13183.75,13207.0,0.00 %,"1,272,947,308.40",-
NONLIFEINSU,2022-01-17,13346.16,13434.79,13206.71,13385.11,0.00 %,"1,055,002,152.50",-
NONLIFEINSU,2022-01-16,13095.29,13473.03,13095.29,13334.7,0.00 %,"1,224,223,033.70",-
NONLIFEINSU,2022-01-13,12779.67,13106.13,12772.05,13068.48,0.00 %,"945,543,702.60",-
NONLIFEINSU,2022-01-12,13064.28,13176.0,12713.86,12779.92,0.00 %,"984,580,995.30",-
NONLIFEINSU,2022-01-11,12711.38,13165.18,12709.74,13046.37,0.00 %,"1,186,471,380.30",-
NONLIFEINSU,2022-01-10,12519.43,12780.25,12519.43,12710.08,0.00 %,"1,002,807,606.50",-
NONLIFEINSU,2022-01-09,12139.66,12723.14,12139.65,12519.43,0.00 %,"691,841,831.40",-
NONLIFEINSU,2022-01-06,11895.73,12142.98,11846.26,12139.65,0.00 %,"304,918,692.20",-
NONLIFEINSU,2022-01-05,12130.55,12130.61,11849.96,11895.72,0.00 %,"467,801,113.20",-
NONLIFEINSU,2022-01-04,12082.84,12198.27,11961.35,12123.81,0.00 %,"385,785,602.30",-
NONLIFEINSU,2022-01-03,12052.71,12271.64,11979.97,12082.84,0.00 %,"635,658,888.10",-
NONLIFEINSU,2022-01-02,11616.35,12095.76,11595.43,12021.48,0.00 %,"442,449,140.50",-
NONLIFEINSU,2021-12-29,11358.5,11664.98,11209.16,11610.08,0.00 %,"294,169,321.00",-
NONLIFEINSU,2021-12-28,11393.73,11468.38,11148.09,11358.5,0.00 %,"330,458,171.30",-
NONLIFEINSU,2021-12-27,12125.33,12196.92,11365.87,11393.72,0.00 %,"993,695,170.10",-
NONLIFEINSU,2021-12-26,11152.66,12013.45,11150.89,12013.45,0.00 %,"997,838,780.70",-
NONLIFEINSU,2021-12-23,10719.79,11142.73,10633.95,11101.76,0.00 %,"470,830,541.60",-
NONLIFEINSU,2021-12-22,10232.43,10719.79,10232.43,10719.79,0.00 %,"281,622,713.70",-
NONLIFEINSU,2021-12-21,10028.09,10256.15,10028.09,10232.43,0.00 %,"138,426,682.30",-
NONLIFEINSU,2021-12-20,10198.28,10217.93,9997.55,10028.09,0.00 %,"156,154,416.40",-
NONLIFEINSU,2021-12-16,10462.89,10493.12,10171.39,10198.28,0.00 %,"157,068,535.00",-
NONLIFEINSU,2021-12-15,10451.97,10804.0,10262.79,10462.89,0.00 %,"312,398,070.70",-
NONLIFEINSU,2021-12-14,9790.66,10442.13,9790.65,10435.83,0.00 %,"129,011,516.40",-
NONLIFEINSU,2021-12-13,10333.51,10333.51,9710.24,9790.65,0.00 %,"362,111,298.20",-
NONLIFEINSU,2021-12-12,10826.76,10879.06,10322.43,10336.64,0.00 %,"274,529,387.60",-
NONLIFEINSU,2021-12-09,10887.03,10891.73,10686.32,10826.76,0.00 %,"208,514,362.50",-
NONLIFEINSU,2021-12-08,11122.73,11272.89,10851.74,10887.03,0.00 %,"199,417,098.60",-
NONLIFEINSU,2021-12-07,11276.56,11627.05,11086.72,11122.73,0.00 %,"213,803,256.10",-
NONLIFEINSU,2021-12-06,11257.62,11317.69,10930.14,11283.71,0.00 %,"300,110,938.40",-
NONLIFEINSU,2021-12-05,11506.31,11525.69,11143.69,11257.62,0.00 %,"308,629,521.20",-
NONLIFEINSU,2021-12-02,11752.21,11825.05,11446.85,11506.31,0.00 %,"268,913,454.00",-
NONLIFEINSU,2021-12-01,11769.73,11898.02,11743.65,11752.21,0.00 %,"192,451,543.80",-
NONLIFEINSU,2021-11-30,11674.65,11814.03,11559.33,11774.43,0.00 %,"229,753,263.00",-
NONLIFEINSU,2021-11-29,11742.48,11892.08,11556.8,11674.65,0.00 %,"294,655,770.20",-
NONLIFEINSU,2021-11-28,12128.42,12128.42,11677.03,11742.48,0.00 %,"546,700,589.90",-
NONLIFEINSU,2021-11-25,12297.53,12312.92,12122.89,12128.42,0.00 %,"308,294,828.10",-
NONLIFEINSU,2021-11-24,12207.63,12305.93,12027.71,12285.27,0.00 %,"380,545,105.80",-
NONLIFEINSU,2021-11-23,12441.15,12456.89,12180.92,12249.05,0.00 %,"314,088,036.50",-
NONLIFEINSU,2021-11-22,12351.06,12665.84,12324.32,12450.54,0.00 %,"374,571,439.70",-
NONLIFEINSU,2021-11-21,12403.49,12420.83,12301.33,12351.06,0.00 %,"291,771,830.50",-
NONLIFEINSU,2021-11-18,12619.58,12627.62,12352.69,12415.22,0.00 %,"373,572,821.70",-
NONLIFEINSU,2021-11-17,12643.27,12766.37,12617.57,12619.58,0.00 %,"739,035,402.10",-
NONLIFEINSU,2021-11-16,12437.56,12630.07,12313.01,12625.81,0.00 %,"446,150,357.20",-
NONLIFEINSU,2021-11-15,12225.16,12446.44,12225.16,12437.56,0.00 %,"268,103,626.40",-
NONLIFEINSU,2021-11-14,12205.09,12315.11,12124.49,12225.16,0.00 %,"284,732,935.80",-
NONLIFEINSU,2021-11-11,12498.82,12498.83,12169.08,12205.09,0.00 %,"308,544,318.70",-
NONLIFEINSU,2021-11-09,12971.37,12971.37,12332.84,12498.83,0.00 %,"425,928,728.00",-
NONLIFEINSU,2021-11-08,13092.42,13147.09,12908.85,12963.32,0.00 %,"293,205,863.80",-
NONLIFEINSU,2021-11-03,13205.85,13298.37,13042.9,13092.42,0.00 %,"346,303,326.50",-
NONLIFEINSU,2021-11-02,13031.73,13229.68,12815.71,13205.86,0.00 %,"513,713,900.60",-
NONLIFEINSU,2021-11-01,13124.29,13296.9,12955.19,13040.87,0.00 %,"550,643,843.10",-
NONLIFEINSU,2021-10-31,12492.42,13134.92,12468.7,13095.46,0.00 %,"534,560,019.80",-
NONLIFEINSU,2021-10-28,12489.19,12613.23,12371.49,12492.43,0.00 %,"329,290,863.40",-
NONLIFEINSU,2021-10-27,12307.29,12772.76,12216.16,12489.2,0.00 %,"620,772,046.30",-
NONLIFEINSU,2021-10-26,11989.76,12361.47,11989.76,12310.97,0.00 %,"446,520,715.00",-
NONLIFEINSU,2021-10-25,11516.62,11991.06,11516.63,11989.76,0.00 %,"254,122,373.90",-
NONLIFEINSU,2021-10-24,11471.91,11594.28,11435.44,11522.16,0.00 %,"138,193,717.70",-
NONLIFEINSU,2021-10-21,11502.1,11556.61,11413.82,11479.74,0.00 %,"194,907,187.80",-
NONLIFEINSU,2021-10-20,11264.14,11565.45,11255.1,11503.2,0.00 %,"196,437,908.10",-
NONLIFEINSU,2021-10-19,11561.86,11572.31,11145.0,11255.1,0.00 %,"318,054,272.80",-
NONLIFEINSU,2021-10-18,11972.42,11999.97,11570.85,11572.31,0.00 %,"253,225,732.10",-
NONLIFEINSU,2021-10-17,11908.72,12030.21,11778.1,11999.97,0.00 %,"115,185,971.70",-
NONLIFEINSU,2021-10-11,11950.07,11956.46,11732.58,11877.5,0.00 %,"255,754,578.80",-
NONLIFEINSU,2021-10-10,12029.06,12234.19,11949.8,11956.46,0.00 %,"319,208,339.10",-
NONLIFEINSU,2021-10-06,11610.76,12009.2,11610.77,12009.2,0.00 %,"330,658,124.50",-
NONLIFEINSU,2021-10-05,11328.55,11633.32,11327.51,11599.28,0.00 %,"249,776,146.00",-
NONLIFEINSU,2021-10-04,11346.76,11465.95,11196.0,11333.6,0.00 %,"289,737,743.10",-
NONLIFEINSU,2021-10-03,11520.85,11567.93,11326.54,11346.76,0.00 %,"285,495,615.30",-
NONLIFEINSU,2021-09-30,11639.82,11746.29,11517.88,11535.26,0.00 %,"281,383,368.10",-
NONLIFEINSU,2021-09-29,11384.16,11687.68,11274.66,11639.83,0.00 %,"349,748,263.80",-
NONLIFEINSU,2021-09-28,11708.59,11758.96,11326.0,11384.16,0.00 %,"478,759,228.10",-
NONLIFEINSU,2021-09-27,12140.57,12147.88,11701.02,11708.6,0.00 %,"453,222,237.20",-
NONLIFEINSU,2021-09-26,12502.75,12539.56,12139.82,12147.88,0.00 %,"428,963,639.30",-
NONLIFEINSU,2021-09-23,12591.54,12798.07,12426.05,12502.75,0.00 %,"455,583,801.20",-
NONLIFEINSU,2021-09-22,12149.67,12621.64,12149.68,12591.54,0.00 %,"516,326,129.80",-
NONLIFEINSU,2021-09-21,12067.36,12555.71,11696.42,12149.68,0.00 %,"680,224,288.50",-
NONLIFEINSU,2021-09-20,12729.12,12744.76,12051.33,12077.66,0.00 %,"775,541,282.30",-
NONLIFEINSU,2021-09-16,13075.68,13075.68,12581.43,12683.44,0.00 %,"804,226,564.80",-
NONLIFEINSU,2021-09-15,13349.07,13349.07,12973.49,13064.26,0.00 %,"448,316,370.00",-
NONLIFEINSU,2021-09-14,13640.47,13659.83,13285.86,13341.76,0.00 %,"384,682,090.80",-
NONLIFEINSU,2021-09-13,13524.39,13833.26,13524.4,13619.62,0.00 %,"592,083,238.70",-
NONLIFEINSU,2021-09-12,13034.98,13427.25,13026.57,13420.76,0.00 %,"594,194,410.80",-
NONLIFEINSU,2021-09-09,13011.56,13221.64,12953.63,12995.99,0.00 %,"540,323,086.20",-
NONLIFEINSU,2021-09-08,13330.18,13345.15,12992.77,13003.46,0.00 %,"595,525,561.10",-
NONLIFEINSU,2021-09-07,13649.94,13688.41,13264.38,13330.19,0.00 %,"545,898,310.40",-
NONLIFEINSU,2021-09-06,12960.0,13640.6,12920.62,13620.42,0.00 %,"788,557,249.50",-
NONLIFEINSU,2021-09-05,13517.45,13572.33,12751.98,12976.78,0.00 %,"1,076,972,799.15",-
NONLIFEINSU,2021-09-02,13726.55,13785.75,13445.2,13496.24,0.00 %,"773,437,602.30",-
NONLIFEINSU,2021-09-01,13795.36,13959.02,13717.99,13731.77,0.00 %,"776,651,715.80",-
NONLIFEINSU,2021-08-31,14176.62,14181.36,13788.95,13795.36,0.00 %,"1,044,906,089.50",-
NONLIFEINSU,2021-08-29,14415.62,14480.44,14132.07,14167.94,0.00 %,"917,613,368.50",-
NONLIFEINSU,2021-08-26,14477.9,14610.97,14382.65,14415.63,0.00 %,"977,381,873.70",-
NONLIFEINSU,2021-08-25,14912.72,14921.97,14459.31,14468.37,0.00 %,"1,129,965,940.40",-
NONLIFEINSU,2021-08-24,14962.54,15293.02,14824.84,14888.57,0.00 %,"2,135,729,818.70",-
NONLIFEINSU,2021-08-19,14352.99,15192.82,14333.92,14775.76,0.00 %,"2,937,737,884.80",-
NONLIFEINSU,2021-08-18,14257.35,14403.69,14145.48,14318.3,0.00 %,"1,355,540,857.20",-
NONLIFEINSU,2021-08-17,14409.1,14501.85,14195.78,14240.3,0.00 %,"1,069,528,064.10",-
NONLIFEINSU,2021-08-16,14490.08,14560.3,14366.2,14372.89,0.00 %,"862,272,653.50",-
NONLIFEINSU,2021-08-15,14517.97,14643.48,14345.99,14438.28,0.00 %,"1,285,230,753.90",-
NONLIFEINSU,2021-08-12,14658.76,14790.26,14643.45,14662.89,0.00 %,"1,525,771,597.70",-
NONLIFEINSU,2021-08-11,14638.94,14804.92,14638.94,14674.69,0.00 %,"1,102,950,339.90",-
NONLIFEINSU,2021-08-10,14516.54,14699.46,14514.98,14630.89,0.00 %,"936,766,373.20",-
NONLIFEINSU,2021-08-09,14494.48,14591.01,14430.08,14489.78,0.00 %,"856,742,539.70",-
NONLIFEINSU,2021-08-08,14682.14,14740.64,14428.9,14449.0,0.00 %,"1,134,827,111.00",-
NONLIFEINSU,2021-08-05,14742.56,14782.2,14643.87,14651.79,0.00 %,"1,111,190,464.60",-
NONLIFEINSU,2021-08-04,14813.09,14844.52,14695.46,14708.14,0.00 %,"1,035,774,195.90",-
NONLIFEINSU,2021-08-03,14767.12,14813.09,14667.32,14791.45,0.00 %,"894,301,884.90",-
NONLIFEINSU,2021-08-02,14845.64,14892.41,14701.83,14730.76,0.00 %,"882,690,641.00",-
NONLIFEINSU,2021-08-01,15006.36,15090.46,14791.4,14819.89,0.00 %,"1,008,564,972.10",-
NONLIFEINSU,2021-07-29,15183.94,15325.49,14984.01,14992.84,0.00 %,"1,591,616,572.40",-
NONLIFEINSU,2021-07-28,14646.13,15066.86,14638.04,15063.58,0.00 %,"2,143,494,984.40",-
NONLIFEINSU,2021-07-27,14477.17,14631.41,14432.74,14614.02,0.00 %,"1,011,980,311.20",-
NONLIFEINSU,2021-07-26,14471.25,14571.42,14416.28,14491.45,0.00 %,"813,172,000.10",-
NONLIFEINSU,2021-07-25,14416.69,14471.26,14360.17,14471.26,0.00 %,"1,052,025,173.00",-
NONLIFEINSU,2021-07-22,14391.33,14505.21,14386.79,14420.99,0.00 %,"730,738,579.00",-
NONLIFEINSU,2021-07-20,14591.9,14615.0,14363.33,14382.29,0.00 %,"662,923,082.40",-
NONLIFEINSU,2021-07-19,14529.06,14688.77,14474.59,14570.45,0.00 %,"868,929,060.70",-
NONLIFEINSU,2021-07-18,14045.71,14457.34,14045.71,14457.34,0.00 %,"801,816,013.40",-
NONLIFEINSU,2021-07-15,14044.45,14119.3,13971.45,14016.12,0.00 %,"728,246,172.00",-
NONLIFEINSU,2021-07-14,14061.9,14116.02,13950.03,13979.86,0.00 %,"534,615,558.00",-
NONLIFEINSU,2021-07-13,14142.61,14142.61,13974.27,14061.91,0.00 %,"553,864,467.00",-
NONLIFEINSU,2021-07-12,14348.69,14350.73,13946.34,14039.01,0.00 %,"737,121,053.00",-
NONLIFEINSU,2021-07-11,14055.19,14277.91,13981.38,14277.91,0.00 %,"639,967,259.00",-
NONLIFEINSU,2021-07-08,13932.94,13948.83,13810.63,13899.38,0.00 %,"584,372,952.00",-
NONLIFEINSU,2021-07-07,13887.12,14161.38,13818.45,13895.8,0.00 %,"495,137,162.00",-
NONLIFEINSU,2021-07-06,13878.23,14092.19,13837.3,14040.57,0.00 %,"493,109,805.00",-
NONLIFEINSU,2021-07-05,14193.57,14193.58,13846.91,13874.48,0.00 %,"615,908,626.00",-
NONLIFEINSU,2021-07-04,14166.29,14217.19,13955.6,14016.69,0.00 %,"691,824,212.00",-
NONLIFEINSU,2021-07-01,14220.77,14319.59,14128.83,14136.48,0.00 %,"1,044,921,648.00",-
NONLIFEINSU,2021-06-30,14150.42,14177.06,13989.29,14142.19,0.00 %,"1,138,429,841.00",-
NONLIFEINSU,2021-06-29,14404.43,14486.63,14113.37,14133.57,0.00 %,"825,944,707.00",-
NONLIFEINSU,2021-06-28,14446.77,14562.0,14340.16,14385.1,0.00 %,"1,029,873,874.00",-
NONLIFEINSU,2021-06-27,14512.73,14582.7,14384.84,14422.37,0.00 %,"868,219,438.00",-
NONLIFEINSU,2021-06-24,14654.86,14682.44,14450.89,14457.69,0.00 %,"1,159,979,623.00",-
NONLIFEINSU,2021-06-23,14778.6,14931.53,14466.2,14634.92,0.00 %,"1,348,798,860.00",-
NONLIFEINSU,2021-06-22,14438.03,14811.54,14438.03,14811.54,0.00 %,"1,171,760,000.00",-
NONLIFEINSU,2021-06-21,14917.31,14917.31,14418.65,14432.09,0.00 %,"1,629,330,000.00",-
NONLIFEINSU,2021-06-20,15176.73,15313.31,14705.74,14855.18,0.00 %,"2,068,070,000.00",-
NONLIFEINSU,2021-06-17,15172.92,15237.99,14965.02,15134.43,0.00 %,"1,837,720,000.00",-
NONLIFEINSU,2021-06-16,15162.48,15407.2,14878.5,15081.45,0.00 %,"1,759,218,471.00",-
NONLIFEINSU,2021-06-15,15644.03,15711.5,15467.2,15484.57,0.00 %,"2,230,801,490.00",-
NONLIFEINSU,2021-06-14,15309.74,15505.25,15239.37,15486.33,0.00 %,"2,206,183,621.00",-
NONLIFEINSU,2021-06-13,15306.19,15306.19,15083.68,15178.65,0.00 %,-,-
NONLIFEINSU,2021-06-10,15484.75,15512.31,15145.55,15200.18,0.00 %,-,-
NONLIFEINSU,2021-06-09,15492.58,15635.17,15216.18,15245.84,0.00 %,-,-
NONLIFEINSU,2021-06-08,14752.77,15218.51,14690.74,15206.84,0.00 %,-,-
NONLIFEINSU,2021-06-07,14635.81,14717.8,14561.4,14652.68,0.00 %,-,-
NONLIFEINSU,2021-06-06,14747.41,14776.16,14619.79,14619.79,0.00 %,-,-
NONLIFEINSU,2021-06-03,14894.11,15002.43,14702.47,14702.47,0.00 %,-,-
NONLIFEINSU,2021-06-02,14383.17,14345.14,14609.57,14815.78,0.00 %,-,-
NONLIFEINSU,2021-06-01,14562.35,14565.79,14144.77,14336.68,0.00 %,-,-
NONLIFEINSU,2021-05-31,14934.97,14978.81,14416.79,14444.8,0.00 %,-,-
NONLIFEINSU,2021-05-30,14887.41,15053.67,14700.13,14825.67,0.00 %,-,-
NONLIFEINSU,2021-05-27,14452.12,14893.99,14369.96,14761.55,0.00 %,-,-
NONLIFEINSU,2021-05-25,14434.79,14619.27,14273.2,14619.27,0.00 %,-,-
NONLIFEINSU,2021-05-24,14222.6,14459.86,14222.6,14366.17,0.00 %,-,-
NONLIFEINSU,2021-05-23,14179.2,14212.89,13933.34,14169.53,0.00 %,-,-
NONLIFEINSU,2021-05-20,14278.57,14286.84,14130.79,14181.23,0.00 %,-,-
NONLIFEINSU,2021-05-19,14496.86,14496.86,14177.94,14204.69,0.00 %,-,-
NONLIFEINSU,2021-05-18,14362.62,14392.56,14228.37,14362.64,0.00 %,-,-
NONLIFEINSU,2021-05-17,14375.25,14576.21,14263.65,14281.56,0.00 %,-,-
NONLIFEINSU,2021-05-16,13656.55,14259.7,13656.55,14242.47,0.00 %,-,-
NONLIFEINSU,2021-05-13,13714.35,13760.42,13638.76,13659.52,0.00 %,-,-
NONLIFEINSU,2021-05-12,13695.97,13745.0,13551.2,13654.0,0.00 %,-,-
NONLIFEINSU,2021-05-11,13536.1,13838.77,13486.93,13622.39,0.00 %,-,-
NONLIFEINSU,2021-05-10,13087.28,13481.2,13044.2,13445.89,0.00 %,-,-
NONLIFEINSU,2021-05-09,13121.87,12997.0,12997.0,13099.85,0.00 %,-,-
NONLIFEINSU,2021-05-06,13296.7,13296.7,13099.22,13132.98,0.00 %,-,-
NONLIFEINSU,2021-05-05,13251.33,13360.93,13231.31,13263.29,0.00 %,-,-
NONLIFEINSU,2021-05-04,13347.47,13353.08,13214.25,13254.02,0.00 %,-,-
NONLIFEINSU,2021-05-03,13425.66,13649.16,13232.14,13287.49,0.00 %,-,-
NONLIFEINSU,2021-05-02,12938.98,13368.46,12901.25,13368.46,0.00 %,-,-
NONLIFEINSU,2021-04-29,12749.09,12962.09,12703.84,12919.67,0.00 %,-,-
NONLIFEINSU,2021-04-28,12920.62,13011.36,12679.95,12794.88,0.00 %,-,-
NONLIFEINSU,2021-04-27,12356.46,12899.72,12331.65,12899.72,0.00 %,-,-
NONLIFEINSU,2021-04-26,12760.45,12824.52,12333.41,12358.52,0.00 %,-,-
NONLIFEINSU,2021-04-25,13259.04,13259.04,12662.56,12743.05,0.00 %,-,-
NONLIFEINSU,2021-04-22,13119.96,13213.38,12952.08,13182.86,0.00 %,-,-
NONLIFEINSU,2021-04-21,13244.65,13276.88,13056.17,13067.96,0.00 %,-,-
NONLIFEINSU,2021-04-20,13246.58,13386.29,13172.44,13222.19,0.00 %,-,-
NONLIFEINSU,2021-04-19,13469.99,13470.89,13226.57,13246.58,0.00 %,-,-
NONLIFEINSU,2021-04-18,13666.4,13699.81,13444.41,13485.71,0.00 %,-,-
NONLIFEINSU,2021-04-15,13710.36,13805.38,13632.71,13668.9,0.00 %,-,-
NONLIFEINSU,2021-04-13,13771.43,13847.8,13656.97,13659.87,0.00 %,-,-
NONLIFEINSU,2021-04-12,13609.04,13842.97,13609.04,13748.8,0.00 %,-,-
NONLIFEINSU,2021-04-08,13589.15,13716.62,13557.08,13585.04,0.00 %,-,-
NONLIFEINSU,2021-04-07,13884.55,13929.16,13616.27,13647.67,0.00 %,-,-
NONLIFEINSU,2021-04-06,14226.88,14226.88,13843.06,13849.06,0.00 %,-,-
NONLIFEINSU,2021-04-05,14420.4,14492.81,14016.25,14136.82,0.00 %,-,-
NONLIFEINSU,2021-04-04,13911.52,14327.62,13895.67,14243.43,0.00 %,-,-
NONLIFEINSU,2021-04-01,14036.45,14042.5,13668.81,13699.45,0.00 %,-,-
NONLIFEINSU,2021-03-31,13669.61,13722.74,13464.81,13674.44,0.00 %,-,-
NONLIFEINSU,2021-03-30,12979.2,13351.9,12979.2,13324.76,0.00 %,-,-
NONLIFEINSU,2021-03-29,12994.7,13111.95,12905.73,12926.45,0.00 %,-,-
NONLIFEINSU,2021-03-25,12991.02,13327.99,12900.66,12948.34,0.00 %,-,-
NONLIFEINSU,2021-03-24,12781.46,13055.02,12781.46,13002.5,0.00 %,-,-
NONLIFEINSU,2021-03-23,12753.75,12805.86,12521.71,12781.46,0.00 %,-,-
NONLIFEINSU,2021-03-22,12951.83,12964.81,12568.58,12607.42,0.00 %,-,-
NONLIFEINSU,2021-03-21,12277.96,12791.0,12277.96,12791.0,0.00 %,-,-
NONLIFEINSU,2021-03-18,12024.85,12328.2,12024.85,12229.66,0.00 %,-,-
NONLIFEINSU,2021-03-17,11869.31,12038.57,11803.7,12038.57,0.00 %,-,-
NONLIFEINSU,2021-03-16,11981.05,12072.62,11674.72,11813.7,0.00 %,-,-
NONLIFEINSU,2021-03-15,12080.1,12247.69,11806.38,11876.3,0.00 %,-,-
NONLIFEINSU,2021-03-14,12436.12,12528.2,12020.43,12068.91,0.00 %,-,-
NONLIFEINSU,2021-03-10,12712.33,12712.33,12443.45,12443.45,0.00 %,-,-
NONLIFEINSU,2021-03-09,12738.12,12753.2,12549.45,12570.81,0.00 %,-,-
NONLIFEINSU,2021-03-07,12939.38,12946.78,12685.13,12685.51,0.00 %,-,-
NONLIFEINSU,2021-03-04,12541.33,12821.75,12535.63,12771.01,0.00 %,-,-
NONLIFEINSU,2021-03-03,12617.66,12622.88,12335.5,12446.56,0.00 %,-,-
NONLIFEINSU,2021-03-02,13011.8,13065.83,12544.15,12614.44,0.00 %,-,-
NONLIFEINSU,2021-03-01,12839.99,13021.07,12645.07,12958.01,0.00 %,-,-
NONLIFEINSU,2021-02-28,13064.13,13147.15,12764.29,12774.18,0.00 %,-,-
NONLIFEINSU,2021-02-25,13192.43,13192.43,12918.07,12952.28,0.00 %,-,-
NONLIFEINSU,2021-02-24,12950.19,13300.84,12950.19,13128.46,0.00 %,-,-
NONLIFEINSU,2021-02-23,13088.75,13088.75,12605.0,12944.81,0.00 %,-,-
NONLIFEINSU,2021-02-22,13219.37,13265.12,12898.68,12996.85,0.00 %,-,-
NONLIFEINSU,2021-02-21,13215.64,13224.03,13025.93,13105.36,0.00 %,-,-
NONLIFEINSU,2021-02-18,13230.85,13236.9,13170.58,13189.25,0.00 %,-,-
NONLIFEINSU,2021-02-17,13383.21,13383.21,13226.2,13239.55,0.00 %,-,-
NONLIFEINSU,2021-02-16,13550.63,13579.77,13272.7,13376.13,0.00 %,-,-
NONLIFEINSU,2021-02-15,13026.89,13448.16,13172.92,13413.99,0.00 %,-,-
NONLIFEINSU,2021-02-14,13134.88,13254.63,12887.2,12966.55,0.00 %,-,-
NONLIFEINSU,2021-02-11,13284.97,13317.34,13021.66,13043.9,0.00 %,-,-
NONLIFEINSU,2021-02-10,13192.62,13251.11,13054.15,13251.11,0.00 %,-,-
NONLIFEINSU,2021-02-09,13362.37,13366.28,13080.67,13155.29,0.00 %,-,-
NONLIFEINSU,2021-02-08,13652.61,13719.02,13364.22,13390.12,0.00 %,-,-
NONLIFEINSU,2021-02-07,13075.66,13518.59,13075.66,13514.85,0.00 %,-,-
NONLIFEINSU,2021-02-04,12972.52,13041.1,12749.08,13024.56,0.00 %,-,-
NONLIFEINSU,2021-02-03,13274.01,13332.57,12807.63,12945.81,0.00 %,-,-
NONLIFEINSU,2021-02-02,12476.77,13056.43,12459.31,13048.99,0.00 %,-,-
NONLIFEINSU,2021-02-01,12377.43,12524.7,12301.14,12422.78,0.00 %,-,-
NONLIFEINSU,2021-01-31,12656.94,12656.94,12240.49,12298.12,0.00 %,-,-
NONLIFEINSU,2021-01-28,12220.98,12763.33,12217.51,12562.16,0.00 %,-,-
NONLIFEINSU,2021-01-27,11812.85,12151.78,11672.27,12151.78,0.00 %,-,-
NONLIFEINSU,2021-01-26,11773.63,11879.17,11566.08,11687.09,0.00 %,-,-
NONLIFEINSU,2021-01-25,11808.85,11903.34,11602.44,11785.66,0.00 %,-,-
NONLIFEINSU,2021-01-24,11623.17,11718.8,11548.62,11706.32,0.00 %,-,-
NONLIFEINSU,2021-01-21,11006.43,11482.31,11006.43,11482.31,0.00 %,-,-
NONLIFEINSU,2021-01-20,10904.14,10942.08,10734.24,10942.08,0.00 %,-,-
NONLIFEINSU,2021-01-19,10976.54,11004.18,10673.27,10756.1,0.00 %,-,-
NONLIFEINSU,2021-01-18,10877.59,10901.54,10714.79,10880.99,0.00 %,-,-
NONLIFEINSU,2021-01-17,10675.25,10754.86,10596.6,10754.86,0.00 %,-,-
NONLIFEINSU,2026-01-14,10923.83,10963.93,10871.3,10949.02,0.39 %,"90,220,363.70",-
NONLIFEINSU,2026-01-13,10915.57,10959.36,10872.92,10906.59,0.08 %,"79,788,773.00",-
NONLIFEINSU,2026-01-12,10914.03,10958.35,10870.02,10898.34,-0.14 %,"75,882,994.80",-
NONLIFEINSU,2026-01-08,10884.72,10918.56,10848.21,10914.03,0.27 %,"54,723,072.60",-
NONLIFEINSU,2026-01-07,10950.43,10984.4,10863.06,10884.72,-0.60 %,"74,264,632.20",-
NONLIFEINSU,2026-01-06,10954.29,11054.81,10934.2,10950.42,0.07 %,"81,816,914.40",-
NONLIFEINSU,2026-01-05,10879.21,10942.25,10833.53,10942.25,0.58 %,"135,560,985.70",-
NONLIFEINSU,2026-01-04,10952.48,10963.64,10815.83,10879.21,-0.86 %,"72,744,974.70",-
NONLIFEINSU,2026-01-01,10996.16,11021.25,10913.84,10973.65,-0.19 %,"137,349,097.90",-
NONLIFEINSU,2025-12-31,10944.24,11031.95,10929.36,10994.86,0.38 %,"86,144,224.70",-
NONLIFEINSU,2025-12-29,10997.88,11059.71,10912.13,10953.56,-0.23 %,"121,771,754.30",-
NONLIFEINSU,2025-12-28,10794.83,10981.09,10787.18,10978.68,1.70 %,"116,229,937.80",-
NONLIFEINSU,2025-12-24,10701.32,10798.97,10646.43,10794.83,0.87 %,"63,961,439.60",-
NONLIFEINSU,2025-12-23,10718.78,10723.19,10621.16,10701.32,-0.16 %,"50,729,595.80",-
NONLIFEINSU,2025-12-22,10766.04,10766.04,10655.15,10718.77,-0.45 %,"49,835,080.60",-
NONLIFEINSU,2025-12-21,10863.37,10863.36,10721.26,10767.72,-0.80 %,"81,766,208.20",-
NONLIFEINSU,2025-12-18,10857.36,10860.66,10770.02,10854.91,0.22 %,"85,003,247.60",-
NONLIFEINSU,2025-12-17,10884.89,10943.77,10768.28,10830.81,-0.37 %,"64,582,803.60",-
NONLIFEINSU,2025-12-16,10789.96,10876.3,10743.77,10871.22,0.88 %,"34,408,901.30",-
NONLIFEINSU,2025-12-15,10766.07,10799.21,10723.53,10776.29,0.09 %,"58,945,140.10",-
NONLIFEINSU,2025-12-14,10823.27,10925.2,10739.68,10766.07,-0.34 %,"81,719,291.50",-
NONLIFEINSU,2025-12-11,10820.79,10846.16,10717.27,10802.52,-0.17 %,"57,985,976.50",-
NONLIFEINSU,2025-12-10,10859.39,10873.36,10748.09,10820.79,-0.36 %,"67,758,772.70",-
NONLIFEINSU,2025-12-09,10889.24,10920.48,10807.57,10859.38,-0.18 %,"63,307,742.10",-
NONLIFEINSU,2025-12-08,10872.52,10912.42,10802.63,10878.89,0.06 %,"80,090,666.90",-
NONLIFEINSU,2025-12-07,10984.72,10984.72,10797.11,10872.52,-0.93 %,"76,126,933.60",-
NONLIFEINSU,2025-12-03,11077.54,11082.8,10896.66,10974.64,-0.73 %,"103,758,092.10",-
NONLIFEINSU,2025-12-02,11026.01,11113.3,10989.23,11055.42,0.27 %,"79,995,900.30",-
NONLIFEINSU,2025-12-01,11026.7,11102.74,10920.96,11026.0,-0.01 %,"85,149,320.10",-
NONLIFEINSU,2025-11-30,11103.43,11233.98,11007.25,11026.69,-0.69 %,"165,384,058.80",-
NONLIFEINSU,2025-11-27,11092.21,11156.61,11035.31,11103.43,0.10 %,"90,721,270.00",-
NONLIFEINSU,2025-11-26,11129.71,11138.32,11029.86,11092.21,-0.34 %,"117,488,443.00",-
NONLIFEINSU,2025-11-25,11078.0,11129.71,10933.22,11129.71,0.65 %,"155,824,285.70",-
NONLIFEINSU,2025-11-24,10736.39,11057.58,10736.39,11057.54,2.99 %,"222,655,336.30",-
NONLIFEINSU,2025-11-23,10526.69,10753.74,10503.05,10736.39,1.99 %,"116,929,612.40",-
NONLIFEINSU,2025-11-20,10559.42,10575.14,10498.72,10526.69,-0.31 %,"59,990,261.80",-
NONLIFEINSU,2025-11-19,10620.75,10643.33,10517.01,10559.42,-0.58 %,"55,199,902.60",-
NONLIFEINSU,2025-11-18,10531.56,10653.54,10509.06,10620.75,0.85 %,"100,524,381.90",-
NONLIFEINSU,2025-11-17,10541.67,10559.07,10436.22,10531.55,-0.10 %,"68,397,745.80",-
NONLIFEINSU,2025-11-16,10593.72,10623.82,10456.56,10541.6,-0.49 %,"66,205,048.70",-
NONLIFEINSU,2025-11-13,10621.93,10630.43,10465.44,10593.72,-0.27 %,"53,992,907.20",-
NONLIFEINSU,2025-11-12,10681.29,10747.07,10526.37,10622.59,-0.55 %,"79,298,650.70",-
NONLIFEINSU,2025-11-11,10617.54,10681.28,10573.64,10681.28,0.50 %,"47,889,070.00",-
NONLIFEINSU,2025-11-10,10661.07,10695.44,10597.42,10627.65,-0.41 %,"59,842,258.80",-
NONLIFEINSU,2025-11-09,10816.34,10835.91,10616.11,10671.64,-1.34 %,"86,147,326.90",-
NONLIFEINSU,2025-11-06,10925.29,11032.33,10768.59,10816.33,-1.00 %,"129,320,608.90",-
NONLIFEINSU,2025-11-05,10911.65,10925.28,10759.96,10925.28,0.21 %,"70,742,716.20",-
NONLIFEINSU,2025-11-04,11031.95,11070.26,10815.28,10901.89,-1.21 %,"132,105,632.90",-
NONLIFEINSU,2025-11-03,11036.82,11203.18,10940.05,11035.69,-0.01 %,"124,849,991.70",-
NONLIFEINSU,2025-11-02,10878.32,11041.42,10808.86,11036.82,1.34 %,"207,423,962.50",-
NONLIFEINSU,2025-10-30,10703.0,10891.08,10566.19,10891.08,1.76 %,"125,774,930.80",-
NONLIFEINSU,2025-10-29,10700.49,10842.69,10616.83,10703.0,-0.20 %,"83,549,292.60",-
NONLIFEINSU,2025-10-28,10457.61,10765.72,10434.24,10724.24,2.55 %,"78,432,246.70",-
NONLIFEINSU,2025-10-26,10448.67,10475.95,10302.54,10457.6,0.09 %,"41,410,423.70",-
NONLIFEINSU,2025-10-19,10495.53,10495.53,10377.64,10448.66,-0.34 %,"79,040,472.50",-
NONLIFEINSU,2025-10-16,10530.33,10568.11,10386.99,10484.79,-0.53 %,"82,622,428.40",-
NONLIFEINSU,2025-10-15,10610.35,10610.35,10501.45,10540.9,-0.65 %,"118,942,382.80",-
NONLIFEINSU,2025-10-14,10718.35,10770.63,10557.64,10610.35,-1.10 %,"120,007,456.70",-
NONLIFEINSU,2025-10-13,10583.42,10734.98,10470.92,10728.81,1.44 %,"276,929,307.40",-
NONLIFEINSU,2025-10-12,10827.67,10836.26,10418.07,10576.39,-2.32 %,"577,151,429.40",-
NONLIFEINSU,2025-10-09,10802.76,11208.31,10757.05,10827.67,0.94 %,"122,164,250.50",-
NONLIFEINSU,2025-10-08,10953.5,11000.55,10574.33,10727.27,-2.07 %,"127,047,558.00",-
NONLIFEINSU,2025-10-07,11162.15,11172.83,10905.78,10953.49,-2.05 %,"96,396,749.00",-
NONLIFEINSU,2025-09-28,11145.97,11182.69,11072.68,11182.69,0.33 %,"64,229,992.90",-
NONLIFEINSU,2025-09-25,11170.63,11170.63,11009.36,11145.96,-0.40 %,"93,127,410.30",-
NONLIFEINSU,2025-09-24,11354.72,11379.09,11161.61,11190.41,-1.45 %,"73,405,746.90",-
NONLIFEINSU,2025-09-23,10972.46,11361.15,10947.71,11354.72,3.48 %,"166,673,917.10",-
NONLIFEINSU,2025-09-21,11314.85,11314.85,10483.46,10972.45,-4.03 %,"429,059,182.40",-
NONLIFEINSU,2025-09-18,11962.76,11962.76,11431.36,11432.68,-5.43 %,"7,800,539.40",-
NONLIFEINSU,2025-09-08,12231.77,12260.67,12063.49,12088.74,-1.26 %,"111,041,232.40",-
NONLIFEINSU,2025-09-07,12266.46,12328.16,12201.82,12243.59,-0.19 %,"150,477,619.00",-
NONLIFEINSU,2025-09-04,12254.97,12345.51,12210.42,12266.45,-0.11 %,"122,717,106.73",-
NONLIFEINSU,2025-09-03,12329.02,12401.84,12279.7,12279.72,-0.40 %,"106,996,276.60",-
NONLIFEINSU,2025-09-02,12413.5,12469.47,12315.94,12329.01,-0.71 %,"92,973,222.10",-
NONLIFEINSU,2025-09-01,12379.74,12457.38,12324.86,12416.93,0.30 %,"98,046,016.70",-
NONLIFEINSU,2025-08-31,12522.18,12561.44,12367.88,12379.73,-1.14 %,"150,187,004.60",-
NONLIFEINSU,2025-08-28,12519.74,12639.98,12459.18,12522.18,0.02 %,"322,422,064.10",-
NONLIFEINSU,2025-08-27,12300.1,12535.32,12297.26,12519.74,1.68 %,"149,098,666.40",-
NONLIFEINSU,2025-08-26,12325.16,12366.61,12285.92,12312.5,-0.10 %,"74,130,154.20",-
NONLIFEINSU,2025-08-25,12286.19,12342.43,12224.02,12325.16,0.32 %,"105,754,445.70",-
NONLIFEINSU,2025-08-24,12348.85,12409.12,12266.86,12286.19,-0.51 %,"112,570,290.60",-
NONLIFEINSU,2025-08-21,12316.95,12385.4,12304.2,12348.84,0.15 %,"121,784,110.20",-
NONLIFEINSU,2025-08-20,12373.51,12445.6,12322.1,12330.59,-0.58 %,"123,288,779.50",-
NONLIFEINSU,2025-08-19,12384.5,12519.07,12384.5,12402.79,0.12 %,"111,984,450.10",-
NONLIFEINSU,2025-08-18,12311.38,12436.36,12307.74,12388.13,0.38 %,"105,870,770.20",-
NONLIFEINSU,2025-08-17,12425.75,12482.35,12313.32,12340.68,-0.68 %,"142,029,315.60",-
NONLIFEINSU,2025-08-14,12441.54,12493.85,12402.06,12425.75,-0.22 %,"101,917,883.30",-
NONLIFEINSU,2025-08-13,12466.09,12557.24,12430.03,12453.58,-0.27 %,"104,851,216.50",-
NONLIFEINSU,2025-08-12,12568.4,12637.58,12475.04,12487.91,-0.82 %,"149,980,399.10",-
NONLIFEINSU,2025-08-11,12749.01,12828.32,12572.87,12590.79,-1.24 %,"154,177,779.20",-
NONLIFEINSU,2025-08-07,12686.13,12806.11,12682.96,12749.0,0.43 %,"119,197,817.30",-
NONLIFEINSU,2025-08-06,12741.09,12798.9,12665.0,12694.96,-0.36 %,"131,720,055.00",-
NONLIFEINSU,2025-08-05,12878.41,12983.67,12713.98,12741.08,-1.28 %,"166,204,930.80",-
NONLIFEINSU,2025-08-04,12931.78,13034.3,12824.18,12905.83,-0.51 %,"188,394,059.10",-
NONLIFEINSU,2025-08-03,13178.47,13198.3,12955.07,12972.18,-1.74 %,"218,627,602.80",-
NONLIFEINSU,2025-07-31,13327.55,13349.85,13129.36,13201.72,-0.71 %,"259,592,400.20",-
NONLIFEINSU,2025-07-30,13503.27,13571.22,13263.91,13295.96,-1.55 %,"264,170,999.58",-
NONLIFEINSU,2025-07-29,13406.52,13581.05,13404.21,13504.64,1.12 %,"364,803,223.00",-
NONLIFEINSU,2025-07-28,13450.73,13484.46,13262.14,13354.46,-0.72 %,"297,748,112.10",-
NONLIFEINSU,2025-07-27,13538.83,13676.57,13432.55,13450.72,-0.68 %,"495,146,945.20",-
NONLIFEINSU,2025-07-24,13646.3,13707.43,13515.97,13542.65,-0.57 %,"378,325,074.30",-
NONLIFEINSU,2025-07-23,13730.56,13746.88,13553.49,13620.87,-0.61 %,"424,977,484.70",-
NONLIFEINSU,2025-07-22,13380.07,13726.46,13368.66,13705.07,2.56 %,"545,674,367.70",-
NONLIFEINSU,2025-07-21,13194.81,13419.0,13121.67,13362.67,1.27 %,"509,519,753.90",-
NONLIFEINSU,2025-07-20,13069.6,13358.34,12996.18,13194.51,1.38 %,"595,232,936.80",-
NONLIFEINSU,2025-07-17,12736.14,13079.74,12736.14,13014.95,2.19 %,"425,569,962.80",-
NONLIFEINSU,2025-07-16,12531.77,12864.36,12474.86,12736.14,1.85 %,"301,741,990.80",-
NONLIFEINSU,2025-07-15,12409.11,12541.81,12388.11,12504.65,0.77 %,"379,427,991.60",-
NONLIFEINSU,2025-07-14,12562.58,12645.78,12403.21,12409.11,-1.06 %,"224,646,097.30",-
NONLIFEINSU,2025-07-13,12689.24,12847.5,12532.8,12541.43,-0.34 %,"289,620,209.80",-
NONLIFEINSU,2025-07-10,12585.08,12733.28,12537.98,12584.47,0.28 %,"278,178,871.50",-
NONLIFEINSU,2025-07-09,12505.8,12593.72,12491.51,12549.5,0.25 %,"233,164,790.30",-
NONLIFEINSU,2025-07-08,12578.18,12591.35,12469.04,12518.26,-0.38 %,"215,329,257.70",-
NONLIFEINSU,2025-07-07,12684.44,12739.53,12533.01,12565.71,-0.67 %,"259,653,048.00",-
NONLIFEINSU,2025-07-06,12736.68,12771.62,12560.54,12650.01,-0.51 %,"390,534,733.90",-
NONLIFEINSU,2025-07-03,12506.52,12766.77,12471.71,12715.38,2.24 %,"552,719,342.40",-
NONLIFEINSU,2025-07-02,12129.58,12455.9,12129.57,12436.19,2.51 %,"385,709,740.80",-
NONLIFEINSU,2025-07-01,12005.13,12148.79,12005.13,12131.24,1.05 %,"132,140,061.70",-
NONLIFEINSU,2025-06-30,11920.05,12039.38,11920.04,12005.13,0.62 %,"185,072,886.30",-
NONLIFEINSU,2025-06-29,11893.83,11950.97,11855.1,11931.68,0.42 %,"120,862,392.20",-
NONLIFEINSU,2025-06-26,11916.23,11981.69,11864.14,11881.64,-0.41 %,"128,648,111.50",-
NONLIFEINSU,2025-06-25,11918.26,11961.6,11902.39,11930.71,0.10 %,"108,119,290.50",-
NONLIFEINSU,2025-06-24,11968.76,12086.02,11908.37,11918.26,-0.32 %,"123,455,446.00",-
NONLIFEINSU,2025-06-23,11996.24,12066.03,11941.35,11956.14,-0.23 %,"145,244,226.90",-
NONLIFEINSU,2025-06-22,12042.09,12060.89,11978.11,11983.74,-0.48 %,"150,944,933.90",-
NONLIFEINSU,2025-06-19,12083.64,12145.13,12033.11,12042.08,-0.34 %,"178,256,660.00",-
NONLIFEINSU,2025-06-18,12159.53,12180.29,12077.85,12083.64,-0.62 %,"117,188,792.60",-
NONLIFEINSU,2025-06-17,12190.05,12211.41,12121.04,12159.53,-0.25 %,"102,912,646.90",-
NONLIFEINSU,2025-06-16,12160.7,12250.79,12120.29,12190.04,0.26 %,"173,458,686.20",-
NONLIFEINSU,2025-06-15,12166.26,12304.87,12124.59,12158.86,0.07 %,"208,962,228.80",-
NONLIFEINSU,2025-06-12,12199.04,12253.06,12129.73,12150.27,-0.49 %,"196,985,812.40",-
NONLIFEINSU,2025-06-11,12311.27,12347.26,12205.3,12209.82,-0.71 %,"183,103,198.60",-
NONLIFEINSU,2025-06-10,12170.84,12348.53,12170.84,12297.35,1.26 %,"172,210,923.60",-
NONLIFEINSU,2025-06-09,12129.25,12164.3,12089.23,12144.03,0.45 %,"188,507,512.80",-
NONLIFEINSU,2025-06-08,12206.35,12230.7,12087.62,12090.01,-0.95 %,"206,110,889.30",-
NONLIFEINSU,2025-06-05,12235.14,12302.02,12162.66,12206.35,-0.12 %,"198,837,434.10",-
NONLIFEINSU,2025-06-04,12326.32,12350.77,12214.0,12221.39,-0.68 %,"145,213,779.40",-
NONLIFEINSU,2025-06-03,12390.29,12435.07,12281.44,12305.36,-0.69 %,"169,882,204.10",-
NONLIFEINSU,2025-06-02,12444.18,12584.48,12383.29,12390.45,-0.17 %,"218,155,826.10",-
NONLIFEINSU,2025-05-28,12415.28,12446.66,12346.73,12411.32,-0.26 %,"178,834,070.70",-
NONLIFEINSU,2025-05-27,12499.03,12518.1,12434.06,12444.07,-0.56 %,"125,654,565.00",-
NONLIFEINSU,2025-05-26,12591.29,12872.91,12493.73,12514.05,-0.33 %,"202,224,653.10",-
NONLIFEINSU,2025-05-25,12584.12,12621.02,12505.06,12555.43,-0.10 %,"251,916,969.50",-
NONLIFEINSU,2025-05-22,12596.09,12665.95,12547.2,12568.39,0.00 %,"326,866,460.30",-
NONLIFEINSU,2025-05-21,12710.17,13010.32,12567.9,12567.9,-0.02 %,"251,432,970.10",-
NONLIFEINSU,2025-05-20,12354.63,12596.69,12294.98,12570.16,1.74 %,"251,365,642.10",-
NONLIFEINSU,2025-05-19,12220.22,12398.78,12206.48,12354.62,1.12 %,"275,243,855.30",-
NONLIFEINSU,2025-05-18,12309.28,12373.49,12205.24,12217.33,-0.88 %,"190,759,698.40",-
NONLIFEINSU,2025-05-15,12372.06,12452.58,12320.29,12326.41,-0.40 %,"213,329,086.40",-
NONLIFEINSU,2025-05-14,12551.32,12569.76,12371.03,12376.37,-1.39 %,"401,932,084.10",-
NONLIFEINSU,2025-05-13,12659.7,12829.35,12533.86,12551.2,-0.60 %,"615,502,204.40",-
NONLIFEINSU,2025-05-11,12662.6,12839.02,12608.2,12626.46,-0.15 %,"209,093,990.70",-
NONLIFEINSU,2025-05-08,12683.75,12799.43,12618.06,12645.13,-0.18 %,"161,118,686.00",-
NONLIFEINSU,2025-05-07,12373.37,12694.26,12346.3,12667.85,2.68 %,"143,556,859.30",-
NONLIFEINSU,2025-05-06,12280.62,12453.1,12272.43,12337.75,0.57 %,"102,748,022.20",-
NONLIFEINSU,2025-05-05,12272.16,12380.91,12250.21,12267.58,0.06 %,"97,109,030.70",-
NONLIFEINSU,2025-05-04,12231.7,12360.63,12231.7,12260.21,0.23 %,"107,973,264.40",-
NONLIFEINSU,2025-04-30,12245.38,12340.94,12213.19,12231.62,-0.19 %,"113,460,657.60",-
NONLIFEINSU,2025-04-29,12294.28,12381.45,12250.67,12254.3,-0.33 %,"105,284,312.90",-
NONLIFEINSU,2025-04-28,12297.53,12420.84,12283.49,12294.27,-0.03 %,"88,176,151.50",-
NONLIFEINSU,2025-04-27,12354.64,12459.81,12282.04,12297.72,-0.34 %,"147,359,721.00",-
NONLIFEINSU,2025-04-24,12374.19,12394.45,12243.83,12339.51,-0.28 %,"146,045,030.20",-
NONLIFEINSU,2025-04-23,12495.52,12518.22,12344.87,12374.18,-0.97 %,"141,206,945.60",-
NONLIFEINSU,2025-04-22,12560.4,12575.22,12446.48,12495.52,-0.41 %,"124,475,680.00",-
NONLIFEINSU,2025-04-21,12566.93,12599.92,12479.4,12547.23,-0.16 %,"117,996,829.30",-
NONLIFEINSU,2025-04-20,12595.35,12704.02,12513.19,12566.92,-0.23 %,"125,251,927.30",-
NONLIFEINSU,2025-04-17,12500.15,12615.28,12491.14,12595.35,0.97 %,"129,820,060.50",-
NONLIFEINSU,2025-04-16,12454.17,12509.22,12412.37,12474.94,0.55 %,"85,072,844.30",-
NONLIFEINSU,2025-04-15,12277.0,12515.56,12277.0,12406.17,1.08 %,"95,596,067.10",-
NONLIFEINSU,2025-04-13,12281.09,12314.52,12216.87,12274.14,0.09 %,"92,933,282.10",-
NONLIFEINSU,2025-04-10,12291.39,12336.25,12250.89,12263.71,-0.20 %,"85,542,698.20",-
NONLIFEINSU,2025-04-09,12208.22,12361.81,12208.21,12288.53,0.66 %,"125,898,033.50",-
NONLIFEINSU,2025-04-08,12191.54,12279.06,12048.71,12208.17,0.14 %,"145,565,877.40",-
NONLIFEINSU,2025-04-07,12342.5,12372.44,12170.83,12191.54,-1.22 %,"116,006,348.90",-
NONLIFEINSU,2025-04-03,12270.01,12424.97,12267.45,12342.5,0.59 %,"163,895,187.00",-
NONLIFEINSU,2025-04-02,12303.08,12383.83,12249.42,12270.01,-0.27 %,"104,605,007.40",-
NONLIFEINSU,2025-04-01,12350.52,12400.44,12212.69,12303.07,-0.38 %,"126,041,951.40",-
NONLIFEINSU,2025-03-30,12253.87,12491.8,12183.65,12350.52,0.79 %,"174,186,018.90",-
NONLIFEINSU,2025-03-27,12149.86,12278.89,12122.22,12253.86,0.86 %,"131,879,421.70",-
NONLIFEINSU,2025-03-26,11940.79,12165.3,11933.51,12149.85,1.75 %,"109,642,203.21",-
NONLIFEINSU,2025-03-25,12242.13,12242.13,11931.15,11940.78,-2.46 %,"168,607,218.10",-
NONLIFEINSU,2025-03-24,12162.28,12284.21,12071.63,12242.13,0.66 %,"130,008,301.80",-
NONLIFEINSU,2025-03-23,12467.45,12467.44,12157.92,12162.27,-2.16 %,"186,000,596.40",-
NONLIFEINSU,2025-03-20,12543.41,12557.2,12417.65,12430.7,-0.90 %,"134,456,940.60",-
NONLIFEINSU,2025-03-19,12592.9,12666.42,12489.44,12543.4,-0.51 %,"194,040,079.50",-
NONLIFEINSU,2025-03-18,12661.32,12729.04,12564.36,12607.96,-0.54 %,"134,204,243.30",-
NONLIFEINSU,2025-03-17,12664.48,12743.93,12593.48,12676.52,-0.02 %,"191,766,608.30",-
NONLIFEINSU,2025-03-16,12775.5,12761.46,12561.81,12679.68,-0.72 %,"222,972,818.10",-
NONLIFEINSU,2025-03-12,12693.47,12788.57,12659.03,12771.69,0.41 %,"194,425,542.00",-
NONLIFEINSU,2025-03-11,12847.68,12883.19,12664.25,12720.07,-0.99 %,"259,079,897.60",-
NONLIFEINSU,2025-03-10,12911.7,13045.34,12804.64,12847.68,-0.68 %,"520,395,988.20",-
NONLIFEINSU,2025-03-09,13118.65,13149.05,12903.03,12935.73,-1.26 %,"412,966,170.40",-
NONLIFEINSU,2025-03-06,13105.96,13152.75,12994.58,13101.46,-0.05 %,"283,440,827.00",-
NONLIFEINSU,2025-03-05,13252.55,13310.14,13050.18,13107.69,-1.52 %,"331,607,389.20",-
NONLIFEINSU,2025-03-04,13461.49,13547.83,13268.97,13309.52,-1.11 %,"475,935,886.00",-
NONLIFEINSU,2025-03-03,13401.59,13596.85,13351.67,13459.15,0.46 %,"628,342,537.70",-
NONLIFEINSU,2025-03-02,12977.11,13415.5,12977.11,13397.08,3.42 %,"584,408,599.70",-
NONLIFEINSU,2025-02-27,12886.44,12992.3,12850.0,12954.18,0.71 %,"339,141,440.10",-
NONLIFEINSU,2025-02-25,12925.37,12987.61,12824.35,12863.45,-0.28 %,"357,806,359.60",-
NONLIFEINSU,2025-02-24,13017.24,13058.86,12800.75,12899.89,-0.74 %,"332,021,497.00",-
NONLIFEINSU,2025-02-23,12935.78,12997.96,12687.19,12996.52,0.14 %,"250,694,382.10",-
NONLIFEINSU,2025-02-20,12872.16,13075.64,12832.42,12978.96,0.63 %,"252,185,949.80",-
NONLIFEINSU,2025-02-18,12861.2,13036.19,12833.66,12897.63,0.31 %,"295,541,898.40",-
NONLIFEINSU,2025-02-17,12741.6,12880.62,12671.87,12858.35,1.12 %,"290,574,378.60",-
NONLIFEINSU,2025-02-16,12848.16,12874.46,12672.6,12715.31,-1.16 %,"210,796,606.90",-
NONLIFEINSU,2025-02-13,12963.04,12974.43,12859.38,12863.96,-0.88 %,"234,657,387.10",-
NONLIFEINSU,2025-02-12,13025.44,13025.43,12936.66,12977.72,-0.04 %,"209,065,351.40",-
NONLIFEINSU,2025-02-11,13039.53,13124.63,12947.63,12982.91,-0.43 %,"203,433,657.00",-
NONLIFEINSU,2025-02-10,13040.3,13061.15,12948.77,13039.38,-0.01 %,"196,065,712.90",-
NONLIFEINSU,2025-02-09,13152.59,13160.29,12973.75,13040.29,-0.58 %,"246,071,677.20",-
NONLIFEINSU,2025-02-06,13208.28,13245.47,13043.15,13116.04,-0.49 %,"221,612,535.40",-
NONLIFEINSU,2025-02-05,13204.32,13268.97,13093.9,13180.77,0.19 %,"235,539,313.90",-
NONLIFEINSU,2025-02-04,13309.37,13400.69,13128.17,13155.44,-0.58 %,"267,011,880.40",-
NONLIFEINSU,2025-02-03,13122.84,13380.1,13122.84,13231.68,0.83 %,"552,908,935.10",-
NONLIFEINSU,2025-02-02,12695.1,13122.84,12695.1,13122.84,3.72 %,"316,012,593.30",-
NONLIFEINSU,2025-01-28,12616.51,12672.12,12544.76,12652.41,0.28 %,"203,358,598.30",-
NONLIFEINSU,2025-01-27,12702.09,12729.62,12577.24,12616.51,-0.67 %,"169,640,211.30",-
NONLIFEINSU,2025-01-26,12788.97,12854.87,12677.6,12702.09,-0.68 %,"167,538,746.70",-
NONLIFEINSU,2025-01-23,12892.5,12907.04,12731.35,12788.96,-0.74 %,"292,866,341.10",-
NONLIFEINSU,2025-01-22,12755.91,12900.32,12728.11,12883.89,1.00 %,"286,947,682.70",-
NONLIFEINSU,2025-01-21,12545.36,12789.14,12440.29,12755.9,1.79 %,"322,048,465.30",-
NONLIFEINSU,2025-01-20,12503.34,12605.2,12487.98,12532.14,0.23 %,"130,414,819.70",-
NONLIFEINSU,2025-01-19,12424.03,12506.83,12320.68,12503.33,0.64 %,"164,188,291.06",-
NONLIFEINSU,2025-01-16,12432.44,12496.91,12372.52,12424.02,-0.07 %,"118,464,412.50",-
NONLIFEINSU,2025-01-15,12483.93,12547.98,12372.19,12432.43,-0.41 %,"88,570,920.50",-
NONLIFEINSU,2025-01-13,12486.99,12556.66,12335.85,12483.93,-0.02 %,"245,752,172.70",-
NONLIFEINSU,2025-01-12,12617.89,12631.64,12447.09,12486.98,-0.73 %,"102,821,027.80",-
NONLIFEINSU,2025-01-09,12628.94,12655.99,12566.72,12579.3,-0.34 %,"153,681,305.80",-
NONLIFEINSU,2025-01-08,12697.5,12711.71,12558.48,12622.31,-0.14 %,"160,040,827.80",-
NONLIFEINSU,2025-01-07,12585.67,12681.57,12529.73,12639.42,0.43 %,"124,735,045.10",-
NONLIFEINSU,2025-01-06,12455.85,12601.94,12430.4,12585.67,1.04 %,"151,392,991.80",-
NONLIFEINSU,2025-01-05,12451.23,12555.49,12412.26,12455.84,0.05 %,"153,751,399.40",-
NONLIFEINSU,2025-01-02,12339.93,12467.79,12302.68,12449.9,0.78 %,"221,283,520.00",-
NONLIFEINSU,2025-01-01,12325.85,12403.52,12302.42,12354.03,0.23 %,"148,594,616.40",-
NONLIFEINSU,2024-12-31,12418.69,12438.08,12233.07,12325.84,-0.95 %,"204,478,002.50",-
NONLIFEINSU,2024-12-29,12414.74,12509.91,12357.47,12444.23,-0.13 %,"228,755,314.40",-
NONLIFEINSU,2024-12-26,12493.92,12554.05,12419.21,12460.42,-0.27 %,"91,356,521.30",-
NONLIFEINSU,2024-12-24,12423.59,12571.67,12416.47,12493.92,0.57 %,"107,750,570.90",-
NONLIFEINSU,2024-12-23,12409.23,12440.08,12352.11,12423.58,0.12 %,"92,101,051.70",-
NONLIFEINSU,2024-12-22,12512.59,12530.09,12386.38,12409.22,-0.83 %,"113,911,966.40",-
NONLIFEINSU,2024-12-19,12646.16,12647.71,12502.06,12512.58,-1.06 %,"154,483,277.60",-
NONLIFEINSU,2024-12-18,12663.99,12749.03,12611.93,12646.15,-0.14 %,"115,166,199.70",-
NONLIFEINSU,2024-12-17,12661.74,12702.54,12551.9,12663.99,0.20 %,"108,525,618.20",-
NONLIFEINSU,2024-12-16,12840.64,12846.64,12600.77,12639.13,-1.42 %,"139,730,988.30",-
NONLIFEINSU,2024-12-12,12939.61,13028.55,12805.05,12821.57,-0.91 %,"142,216,064.30",-
NONLIFEINSU,2024-12-11,12831.85,12944.03,12782.84,12939.61,1.03 %,"75,437,901.70",-
NONLIFEINSU,2024-12-10,12833.12,12929.38,12718.64,12807.49,-0.20 %,"106,950,820.40",-
NONLIFEINSU,2024-12-09,12984.33,13061.9,12802.1,12833.11,-1.16 %,"152,079,349.10",-
NONLIFEINSU,2024-12-08,13093.44,13169.75,12901.32,12984.32,-0.83 %,"225,027,469.40",-
NONLIFEINSU,2024-12-05,13145.82,13307.97,13061.93,13093.44,-0.08 %,"241,940,490.80",-
NONLIFEINSU,2024-12-04,13172.37,13219.07,13067.49,13103.52,-0.34 %,"193,401,552.70",-
NONLIFEINSU,2024-12-03,13232.2,13340.28,13128.44,13147.89,-0.52 %,"212,951,369.42",-
NONLIFEINSU,2024-12-02,13189.69,13312.57,13128.11,13216.96,0.21 %,"314,863,727.40",-
NONLIFEINSU,2024-12-01,13191.17,13206.03,13040.18,13189.69,-0.01 %,"257,887,483.90",-
NONLIFEINSU,2024-11-28,13262.92,13294.66,13126.51,13191.17,-0.54 %,"239,758,614.50",-
NONLIFEINSU,2024-11-27,13127.33,13266.19,13127.32,13262.91,1.19 %,"161,448,020.10",-
NONLIFEINSU,2024-11-26,13001.22,13172.46,12987.4,13107.1,0.81 %,"159,250,644.90",-
NONLIFEINSU,2024-11-25,12852.13,13150.56,12850.33,13001.21,1.27 %,"198,700,606.00",-
NONLIFEINSU,2024-11-24,12874.63,12939.45,12797.32,12837.64,-0.17 %,"185,668,304.00",-
NONLIFEINSU,2024-11-21,13022.65,13139.93,12851.04,12860.02,-1.16 %,"240,442,611.40",-
NONLIFEINSU,2024-11-20,13038.46,13092.12,12945.76,13011.01,-0.21 %,"175,825,012.90",-
NONLIFEINSU,2024-11-19,13274.31,13323.53,13021.9,13038.46,-1.70 %,"305,935,853.80",-
NONLIFEINSU,2024-11-17,13397.18,13442.77,13247.29,13263.73,-0.69 %,"354,701,214.20",-
NONLIFEINSU,2024-11-14,13397.86,13453.27,13291.51,13356.4,-0.09 %,"277,144,784.60",-
NONLIFEINSU,2024-11-13,13596.53,13647.48,13348.35,13368.27,-1.24 %,"368,577,327.10",-
NONLIFEINSU,2024-11-12,13539.78,13756.76,13512.59,13535.77,0.13 %,"314,584,288.90",-
NONLIFEINSU,2024-11-11,13569.4,13678.16,13434.77,13517.62,-0.23 %,"711,714,262.70",-
NONLIFEINSU,2024-11-10,13309.75,13572.08,13269.89,13548.2,1.95 %,"785,128,979.20",-
NONLIFEINSU,2024-11-06,13461.22,13461.22,13242.34,13288.68,-0.88 %,"398,062,950.00",-
NONLIFEINSU,2024-11-05,13248.06,13635.16,13199.83,13406.04,1.07 %,"564,489,829.00",-
NONLIFEINSU,2024-10-30,13232.12,13352.52,13170.78,13264.52,0.50 %,"430,673,719.50",-
NONLIFEINSU,2024-10-29,12739.3,13309.9,12739.29,13199.09,3.61 %,"428,961,124.80",-
NONLIFEINSU,2024-10-28,12657.34,12783.69,12655.76,12739.29,0.65 %,"181,066,192.80",-
NONLIFEINSU,2024-10-27,12715.75,12770.91,12623.74,12657.33,-0.44 %,"116,453,971.50",-
NONLIFEINSU,2024-10-24,12789.11,12820.53,12682.06,12713.3,-0.59 %,"428,929,517.30",-
NONLIFEINSU,2024-10-23,12830.23,12897.04,12750.11,12789.1,-0.43 %,"115,488,589.00",-
NONLIFEINSU,2024-10-22,12768.57,12905.0,12743.71,12844.53,0.61 %,"131,380,259.40",-
NONLIFEINSU,2024-10-21,12995.31,12995.3,12754.42,12766.33,-1.76 %,"172,700,600.60",-
NONLIFEINSU,2024-10-20,13197.18,13197.18,12968.32,12995.3,-1.53 %,"367,188,262.80",-
NONLIFEINSU,2024-10-17,13196.43,13306.6,13095.77,13197.18,0.01 %,"156,920,444.30",-
NONLIFEINSU,2024-10-16,13016.39,13223.82,13016.39,13196.42,1.38 %,"170,383,701.80",-
NONLIFEINSU,2024-10-15,12950.04,13035.92,12889.29,13016.39,0.51 %,"57,322,196.60",-
NONLIFEINSU,2024-10-09,12939.02,13001.69,12829.85,12950.04,0.09 %,"179,159,254.40",-
NONLIFEINSU,2024-10-08,13129.69,13151.35,12906.57,12939.01,-1.45 %,"411,541,568.58",-
NONLIFEINSU,2024-10-07,13015.06,13270.35,13014.24,13129.68,0.88 %,"270,441,704.00",-
NONLIFEINSU,2024-10-06,12842.52,13045.46,12742.93,13015.05,1.50 %,"231,617,669.40",-
NONLIFEINSU,2024-10-02,13078.76,13145.42,12789.46,12823.29,-1.80 %,"322,985,345.80",-
NONLIFEINSU,2024-10-01,12645.76,13110.89,12645.75,13058.82,3.09 %,"547,001,291.00",-
NONLIFEINSU,2024-09-30,12577.04,12667.17,12510.72,12667.17,0.72 %,"190,202,708.10",-
NONLIFEINSU,2024-09-29,12618.44,12865.63,12418.8,12577.04,-0.16 %,"343,638,929.90",-
NONLIFEINSU,2024-09-26,12693.48,12854.32,12557.16,12597.18,-0.76 %,"330,668,816.80",-
NONLIFEINSU,2024-09-25,12484.46,12699.49,12374.58,12693.47,1.67 %,"231,219,200.70",-
NONLIFEINSU,2024-09-24,12660.83,12831.5,12456.38,12484.46,-1.39 %,"346,324,174.40",-
NONLIFEINSU,2024-09-23,13012.69,13072.49,12610.19,12660.83,-2.70 %,"261,595,745.30",-
NONLIFEINSU,2024-09-22,13003.22,13319.68,12937.9,13012.69,0.48 %,"360,692,213.30",-
NONLIFEINSU,2024-09-18,12929.84,13089.45,12822.86,12950.62,0.16 %,"368,534,929.70",-
NONLIFEINSU,2024-09-16,13156.98,13192.75,12849.12,12929.83,-1.92 %,"400,190,607.50",-
NONLIFEINSU,2024-09-15,13527.21,13663.26,13113.21,13182.6,-2.17 %,"320,982,971.50",-
NONLIFEINSU,2024-09-12,13259.54,13484.57,13166.6,13474.44,2.02 %,"314,419,172.20",-
NONLIFEINSU,2024-09-11,13255.2,13431.76,13159.14,13207.88,0.02 %,"417,447,407.30",-
NONLIFEINSU,2024-09-10,13258.43,13445.59,13138.84,13204.81,-0.40 %,"448,067,435.00",-
NONLIFEINSU,2024-09-09,13612.76,13612.75,13236.46,13258.42,-2.45 %,"484,745,001.60",-
NONLIFEINSU,2024-09-08,13746.77,13882.55,13581.64,13591.51,-1.28 %,"678,722,214.70",-
NONLIFEINSU,2024-09-05,13836.52,13899.56,13556.61,13768.42,-0.45 %,"697,107,067.80",-
NONLIFEINSU,2024-09-04,14276.99,14679.46,13788.71,13831.18,-2.73 %,"1,131,537,604.30",-
NONLIFEINSU,2024-09-03,13572.86,14388.54,13569.64,14219.61,4.79 %,"1,311,403,982.90",-
NONLIFEINSU,2024-09-02,12946.36,13679.58,12850.05,13569.73,4.81 %,"541,099,969.60",-
NONLIFEINSU,2024-09-01,13125.56,13299.77,12919.65,12946.46,-1.24 %,"423,438,096.70",-
NONLIFEINSU,2024-08-29,13353.88,13369.13,13089.72,13108.97,-1.89 %,"531,761,680.40",-
NONLIFEINSU,2024-08-28,13492.92,13767.4,13295.06,13361.31,-0.98 %,"448,897,440.90",-
NONLIFEINSU,2024-08-27,13832.36,13840.14,13439.57,13492.91,-2.45 %,"693,907,742.10",-
NONLIFEINSU,2024-08-25,14166.98,14204.68,13793.37,13832.35,-2.32 %,"702,628,776.70",-
NONLIFEINSU,2024-08-22,14304.72,14487.41,14137.18,14161.11,-1.19 %,"706,711,162.00",-
NONLIFEINSU,2024-08-21,14483.04,14849.64,14308.2,14331.53,-0.69 %,"969,754,698.00",-
NONLIFEINSU,2024-08-18,14496.62,14740.41,14353.41,14430.52,0.46 %,"1,307,283,377.90",-
NONLIFEINSU,2024-08-15,14253.03,14609.6,14253.03,14363.78,0.94 %,"992,239,559.80",-
NONLIFEINSU,2024-08-14,14229.59,14431.01,14048.85,14229.44,0.74 %,"1,093,107,513.60",-
NONLIFEINSU,2024-08-13,14321.85,14455.13,14057.31,14124.26,-1.02 %,"1,021,844,280.20",-
NONLIFEINSU,2024-08-12,13879.84,14325.22,13879.84,14269.94,2.98 %,"1,193,197,381.40",-
NONLIFEINSU,2024-08-11,13394.98,13881.8,13394.97,13857.49,3.82 %,"1,114,724,461.30",-
NONLIFEINSU,2024-08-08,13385.4,13701.25,13319.61,13394.97,0.07 %,"952,545,755.00",-
NONLIFEINSU,2024-08-07,12998.43,13388.47,12971.7,13385.39,3.08 %,"661,476,420.50",-
NONLIFEINSU,2024-08-06,13673.87,13770.62,12968.08,12984.82,-5.02 %,"1,209,060,032.70",-
NONLIFEINSU,2024-08-05,13518.07,13780.15,13509.31,13671.64,1.25 %,"1,138,849,852.40",-
NONLIFEINSU,2024-08-01,13270.96,13877.12,13215.37,13502.68,1.74 %,"1,556,869,849.90",-
NONLIFEINSU,2024-07-31,13056.51,13419.17,13056.01,13271.18,1.87 %,"1,015,821,469.60",-
NONLIFEINSU,2024-07-30,13072.73,13106.84,12683.92,13027.55,-0.37 %,"680,852,472.30",-
NONLIFEINSU,2024-07-29,13233.22,13345.3,12966.66,13075.91,-1.06 %,"872,570,426.20",-
NONLIFEINSU,2024-07-28,12996.47,13300.6,12764.59,13216.63,2.68 %,"808,505,207.40",-
NONLIFEINSU,2024-07-25,12516.04,12883.38,12431.63,12871.17,2.96 %,"1,164,113,276.30",-
NONLIFEINSU,2024-07-24,12536.42,12671.38,12183.36,12501.39,-0.15 %,"795,561,224.50",-
NONLIFEINSU,2024-07-23,12002.84,12540.91,11931.46,12520.01,4.38 %,"647,528,160.70",-
NONLIFEINSU,2024-07-22,12002.53,12107.49,11825.46,11994.93,-0.06 %,"452,778,694.90",-
NONLIFEINSU,2024-07-21,11934.99,12098.18,11820.0,12002.52,0.66 %,"578,118,945.10",-
NONLIFEINSU,2024-07-18,11805.32,12112.7,11731.32,11924.37,1.05 %,"718,934,765.80",-
NONLIFEINSU,2024-07-17,11449.91,11803.28,11438.33,11800.44,3.35 %,"567,668,082.30",-
NONLIFEINSU,2024-07-16,11179.96,11418.02,11144.57,11418.02,2.13 %,"283,780,072.70",-
NONLIFEINSU,2024-07-15,11348.24,11370.07,11146.75,11179.96,-0.91 %,"516,622,945.10",-
NONLIFEINSU,2024-07-14,11294.55,11416.07,11202.76,11282.7,1.26 %,"442,228,205.50",-
NONLIFEINSU,2024-07-11,11030.31,11161.04,11030.31,11142.21,1.01 %,"503,426,041.80",-
NONLIFEINSU,2024-07-10,10889.15,11080.16,10889.15,11030.31,1.30 %,"369,028,696.90",-
NONLIFEINSU,2024-07-09,10858.09,10889.15,10760.87,10889.15,0.45 %,"219,495,379.50",-
NONLIFEINSU,2024-07-08,10906.73,10925.15,10806.14,10840.46,-0.31 %,"233,787,797.10",-
NONLIFEINSU,2024-07-07,10734.66,10943.07,10734.66,10874.43,1.30 %,"374,693,337.70",-
NONLIFEINSU,2024-07-04,10672.46,10802.3,10653.88,10734.66,0.58 %,"222,705,479.20",-
NONLIFEINSU,2024-07-03,10717.22,10717.21,10551.21,10672.46,-0.24 %,"129,636,680.00",-
NONLIFEINSU,2024-07-02,10551.82,10914.88,10551.81,10697.76,2.43 %,"292,792,352.70",-
NONLIFEINSU,2024-07-01,10391.85,10446.24,10363.29,10443.77,0.50 %,"89,312,384.40",-
NONLIFEINSU,2024-06-30,10437.31,10480.01,10366.37,10391.84,-0.28 %,"106,441,235.20",-
NONLIFEINSU,2024-06-27,10475.21,10522.7,10398.66,10421.29,-0.67 %,"78,672,482.70",-
NONLIFEINSU,2024-06-26,10528.01,10557.12,10455.59,10491.29,-0.35 %,"78,382,789.10",-
NONLIFEINSU,2024-06-25,10574.7,10603.62,10515.48,10528.01,-0.22 %,"98,784,557.50",-
NONLIFEINSU,2024-06-24,10561.14,10645.22,10503.8,10551.46,-0.09 %,"105,413,284.20",-
NONLIFEINSU,2024-06-23,10590.85,10651.32,10536.77,10561.13,-0.13 %,"131,754,042.30",-
NONLIFEINSU,2024-06-20,10624.65,10624.64,10525.61,10574.82,-0.31 %,"125,347,169.30",-
NONLIFEINSU,2024-06-19,10588.98,10644.88,10552.03,10607.87,0.18 %,"108,399,481.10",-
NONLIFEINSU,2024-06-18,10677.73,10699.82,10580.34,10588.98,-0.83 %,"130,188,584.10",-
NONLIFEINSU,2024-06-16,10745.94,10822.7,10654.1,10677.72,-0.63 %,"129,832,635.50",-
NONLIFEINSU,2024-06-13,10834.91,10866.48,10736.49,10745.94,-0.82 %,"139,447,989.20",-
NONLIFEINSU,2024-06-12,10888.11,11005.22,10818.72,10834.9,-0.49 %,"268,084,135.70",-
NONLIFEINSU,2024-06-11,10654.54,10944.52,10636.89,10888.11,2.19 %,"275,746,824.30",-
NONLIFEINSU,2024-06-10,10519.65,10658.23,10503.74,10654.53,1.28 %,"158,861,300.80",-
NONLIFEINSU,2024-06-09,10568.13,10623.25,10503.14,10519.65,-0.46 %,"113,643,528.10",-
NONLIFEINSU,2024-06-06,10608.32,10666.54,10541.4,10568.12,-0.38 %,"88,596,926.70",-
NONLIFEINSU,2024-06-05,10646.97,10678.92,10569.51,10608.32,-0.25 %,"107,972,932.00",-
NONLIFEINSU,2024-06-04,10581.95,10714.91,10577.66,10634.54,0.56 %,"286,488,958.40",-
NONLIFEINSU,2024-06-03,10663.02,10730.21,10566.61,10574.9,-0.67 %,"104,044,110.60",-
NONLIFEINSU,2024-06-02,10574.48,10667.73,10560.96,10645.97,0.68 %,"95,208,206.20",-
NONLIFEINSU,2024-05-30,10689.41,10741.79,10551.81,10574.47,-1.08 %,"135,723,576.40",-
NONLIFEINSU,2024-05-29,10831.4,10948.24,10669.71,10689.4,-0.97 %,"128,676,286.30",-
NONLIFEINSU,2024-05-27,10818.57,10883.69,10746.56,10794.03,-0.23 %,"116,180,349.60",-
NONLIFEINSU,2024-05-26,10929.98,10968.77,10795.36,10818.57,-1.02 %,"159,309,186.80",-
NONLIFEINSU,2024-05-22,10996.61,11023.98,10913.89,10929.97,-0.61 %,"203,664,026.60",-
NONLIFEINSU,2024-05-21,10966.99,11041.68,10880.1,10996.6,0.27 %,"140,804,865.90",-
NONLIFEINSU,2024-05-20,11023.08,11178.57,10948.25,10966.98,-0.51 %,"296,726,550.00",-
NONLIFEINSU,2024-05-19,10711.0,11135.33,10690.86,11023.08,3.81 %,"559,240,559.80",-
NONLIFEINSU,2024-05-16,10699.18,10728.13,10610.25,10618.4,-0.86 %,"139,002,298.10",-
NONLIFEINSU,2024-05-15,10767.65,10894.32,10660.9,10710.33,-0.35 %,"219,925,275.10",-
NONLIFEINSU,2024-05-14,10557.64,10757.56,10557.64,10747.66,1.80 %,"225,081,153.30",-
NONLIFEINSU,2024-05-13,10570.74,10614.28,10505.61,10557.64,-0.03 %,"129,747,684.00",-
NONLIFEINSU,2024-05-12,10303.41,10622.39,10303.4,10561.18,2.64 %,"329,635,606.80",-
NONLIFEINSU,2024-05-09,10301.12,10309.46,10229.03,10289.18,0.19 %,"73,573,652.70",-
NONLIFEINSU,2024-05-08,10302.14,10328.9,10209.99,10270.02,-0.20 %,"93,980,392.50",-
NONLIFEINSU,2024-05-07,10290.51,10381.33,10259.35,10290.2,-0.00 %,"63,314,277.70",-
NONLIFEINSU,2024-05-06,10403.11,10415.05,10243.97,10290.51,-1.08 %,"107,697,929.40",-
NONLIFEINSU,2024-05-05,10445.09,10509.05,10359.67,10403.11,-0.01 %,"162,824,275.00",-
NONLIFEINSU,2024-05-02,10531.24,10623.75,10402.53,10404.02,-0.98 %,"163,256,936.20",-
NONLIFEINSU,2024-04-30,10261.32,10537.2,10243.29,10506.64,2.39 %,"174,403,657.90",-
NONLIFEINSU,2024-04-29,10331.08,10392.83,10245.08,10261.32,-0.51 %,"108,983,351.20",-
NONLIFEINSU,2024-04-28,10035.63,10372.57,10221.71,10313.98,1.06 %,"84,846,394.00",-
NONLIFEINSU,2024-04-25,10184.77,10260.58,10163.79,10205.66,0.21 %,"87,027,236.80",-
NONLIFEINSU,2024-04-24,10245.64,10284.2,10168.78,10184.76,-0.44 %,"46,928,366.80",-
NONLIFEINSU,2024-04-22,10285.83,10325.57,10172.83,10229.61,-0.55 %,"79,415,331.60",-
NONLIFEINSU,2024-04-21,10196.54,10285.83,10161.37,10285.83,0.95 %,"66,064,537.60",-
NONLIFEINSU,2024-04-18,10293.67,10293.66,10156.71,10189.19,-0.88 %,"62,815,996.40",-
NONLIFEINSU,2024-04-16,10357.64,10369.45,10230.74,10279.44,-0.75 %,"98,078,757.20",-
NONLIFEINSU,2024-04-15,10409.1,10497.11,10308.75,10357.64,-0.49 %,"80,847,480.30",-
NONLIFEINSU,2024-04-14,10506.45,10556.92,10393.08,10409.1,-1.04 %,"91,487,953.10",-
NONLIFEINSU,2024-04-10,10629.99,10675.77,10498.22,10518.48,-1.05 %,"109,173,200.40",-
NONLIFEINSU,2024-04-09,10524.67,10679.35,10517.32,10629.99,1.00 %,"172,600,191.80",-
NONLIFEINSU,2024-04-07,10432.6,10538.72,10401.03,10524.67,0.88 %,"105,115,679.00",-
NONLIFEINSU,2024-04-04,10403.21,10483.3,10347.93,10432.59,0.28 %,"101,369,927.60",-
NONLIFEINSU,2024-04-03,10422.35,10447.25,10371.83,10403.2,-0.02 %,"64,029,959.10",-
NONLIFEINSU,2024-04-02,10441.88,10455.87,10393.11,10405.46,-0.18 %,"67,346,974.60",-
NONLIFEINSU,2024-04-01,10470.62,10484.01,10400.49,10423.77,-0.40 %,"104,850,068.30",-
NONLIFEINSU,2024-03-31,10452.85,10566.08,10428.01,10465.98,0.13 %,"106,293,866.80",-
NONLIFEINSU,2024-03-28,10522.66,10522.65,10452.84,10452.84,-0.66 %,"89,863,531.10",-
NONLIFEINSU,2024-03-27,10569.26,10663.03,10481.37,10522.65,-0.58 %,"74,324,228.40",-
NONLIFEINSU,2024-03-26,10594.78,10640.48,10548.32,10584.05,0.02 %,"64,857,169.80",-
NONLIFEINSU,2024-03-25,10681.97,10726.3,10560.31,10581.91,-0.77 %,"92,796,301.80",-
NONLIFEINSU,2024-03-21,10771.73,10844.49,10647.96,10664.56,-0.84 %,"93,983,850.30",-
NONLIFEINSU,2024-03-20,10772.19,10896.12,10725.24,10754.36,-0.00 %,"83,159,268.20",-
NONLIFEINSU,2024-03-19,10806.08,10888.76,10748.91,10754.67,-0.31 %,"104,443,463.90",-
NONLIFEINSU,2024-03-18,10799.92,10913.99,10754.87,10788.56,-0.11 %,"101,289,933.60",-
NONLIFEINSU,2024-03-17,10819.15,10895.77,10778.0,10799.91,-0.23 %,"168,132,464.70",-
NONLIFEINSU,2024-03-14,11030.46,11031.91,10790.51,10824.42,-1.71 %,"184,727,344.60",-
NONLIFEINSU,2024-03-13,11152.61,11152.61,10953.73,11012.61,-0.56 %,"191,021,953.50",-
NONLIFEINSU,2024-03-12,10755.22,11082.39,10755.21,11074.13,3.15 %,"241,173,327.00",-
NONLIFEINSU,2024-03-10,10593.16,10841.23,10581.21,10735.48,1.34 %,"182,205,954.60",-
NONLIFEINSU,2024-03-07,10450.84,10639.48,10450.83,10593.16,1.56 %,"114,413,824.70",-
NONLIFEINSU,2024-03-06,10400.97,10533.18,10289.55,10429.97,0.28 %,"170,925,403.30",-
NONLIFEINSU,2024-03-05,10764.73,10771.13,10349.39,10400.97,-2.60 %,"177,761,190.60",-
NONLIFEINSU,2024-03-04,10277.39,10678.63,10277.39,10678.63,4.39 %,"10,895,385.00",-
NONLIFEINSU,2024-03-03,10297.56,10339.11,10172.65,10229.86,-0.55 %,"106,954,940.90",-
NONLIFEINSU,2024-02-29,10359.39,10520.01,10265.22,10286.59,-0.70 %,"104,220,867.00",-
NONLIFEINSU,2024-02-28,10396.91,10415.86,10306.6,10359.38,-0.36 %,"66,391,357.90",-
NONLIFEINSU,2024-02-27,10301.57,10441.68,10278.54,10396.91,0.75 %,"80,102,275.50",-
NONLIFEINSU,2024-02-26,10311.01,10359.35,10214.57,10319.8,0.23 %,"83,160,630.80",-
NONLIFEINSU,2024-02-25,10356.05,10436.14,10255.52,10296.6,-0.57 %,"103,110,281.60",-
NONLIFEINSU,2024-02-22,10509.87,10627.7,10342.86,10356.04,-1.46 %,"104,863,966.10",-
NONLIFEINSU,2024-02-21,10542.44,10676.64,10479.37,10509.87,-0.31 %,"90,868,256.80",-
NONLIFEINSU,2024-02-20,10545.93,10639.69,10531.58,10542.44,-0.03 %,"113,758,537.10",-
NONLIFEINSU,2024-02-18,10752.33,10752.32,10538.11,10545.93,-1.92 %,"136,363,958.60",-
NONLIFEINSU,2024-02-15,10831.95,10878.76,10727.43,10752.32,-0.74 %,"131,810,476.10",-
NONLIFEINSU,2024-02-14,10788.25,10895.92,10775.27,10831.95,0.41 %,"127,250,828.20",-
NONLIFEINSU,2024-02-13,10993.51,10993.51,10759.96,10788.25,-1.80 %,"209,305,997.40",-
NONLIFEINSU,2024-02-12,10818.27,11028.75,10818.26,10986.22,1.70 %,"251,192,256.90",-
NONLIFEINSU,2024-02-11,10845.18,10985.89,10769.36,10802.55,-0.39 %,"124,723,914.90",-
NONLIFEINSU,2024-02-08,10802.92,10858.09,10778.15,10845.17,0.39 %,"99,379,654.20",-
NONLIFEINSU,2024-02-07,10827.24,10963.45,10786.51,10802.91,-0.39 %,"121,073,082.80",-
NONLIFEINSU,2024-02-06,10748.0,10845.24,10716.53,10845.24,1.07 %,"119,264,571.70",-
NONLIFEINSU,2024-02-05,10813.34,10880.6,10686.4,10730.3,-0.41 %,"101,655,578.90",-
NONLIFEINSU,2024-02-04,10737.25,10789.18,10658.16,10774.53,0.52 %,"180,999,890.50",-
NONLIFEINSU,2024-02-01,10864.89,10871.95,10678.85,10718.92,-1.15 %,"223,948,900.50",-
NONLIFEINSU,2024-01-31,10960.55,11044.28,10798.44,10844.03,-1.06 %,"230,019,413.50",-
NONLIFEINSU,2024-01-30,10982.61,11072.82,10943.74,10960.54,-0.04 %,"233,626,129.90",-
NONLIFEINSU,2024-01-29,10981.67,11034.52,10945.51,10964.59,-0.11 %,"177,414,392.70",-
NONLIFEINSU,2024-01-28,10920.14,11050.35,10893.22,10977.16,0.52 %,"135,920,407.40",-
NONLIFEINSU,2024-01-25,11007.71,11007.7,10839.87,10920.14,-0.43 %,"219,651,578.50",-
NONLIFEINSU,2024-01-24,10999.76,11106.71,10912.72,10967.47,-0.29 %,"276,691,410.80",-
NONLIFEINSU,2024-01-23,10919.28,11010.15,10873.67,10999.75,0.74 %,"205,548,249.50",-
NONLIFEINSU,2024-01-22,11095.89,11136.29,10893.14,10919.28,-1.24 %,"229,728,807.50",-
NONLIFEINSU,2024-01-21,11155.22,11210.43,10988.58,11056.54,-0.88 %,"274,730,431.70",-
NONLIFEINSU,2024-01-18,11275.77,11275.77,11118.32,11155.21,-1.07 %,"293,369,120.10",-
NONLIFEINSU,2024-01-17,11308.68,11539.17,11237.47,11275.77,-0.29 %,"479,542,398.30",-
NONLIFEINSU,2024-01-16,11095.21,11343.14,11095.21,11308.67,1.92 %,"410,709,417.90",-
NONLIFEINSU,2024-01-14,11085.95,11207.69,11051.07,11095.21,0.01 %,"220,502,884.80",-
NONLIFEINSU,2024-01-11,11192.84,11291.56,11062.17,11093.98,-0.58 %,"201,769,456.90",-
NONLIFEINSU,2024-01-10,11182.39,11426.31,11130.63,11158.9,-0.07 %,"323,246,140.70",-
NONLIFEINSU,2024-01-09,11098.86,11335.47,11098.86,11166.51,0.61 %,"363,845,774.60",-
NONLIFEINSU,2024-01-08,10954.28,11162.64,10954.28,11098.86,1.43 %,"245,033,406.80",-
NONLIFEINSU,2024-01-07,11129.33,11171.0,10928.43,10942.92,-1.67 %,"308,365,623.80",-
NONLIFEINSU,2024-01-04,11234.22,11316.4,11078.23,11129.32,-0.93 %,"446,512,347.30",-
NONLIFEINSU,2024-01-03,10988.62,11252.86,10963.39,11234.21,2.01 %,"343,339,930.80",-
NONLIFEINSU,2024-01-02,11335.92,11336.65,10933.35,11012.8,-2.77 %,"377,032,587.30",-
NONLIFEINSU,2024-01-01,11424.61,11566.08,11290.71,11326.36,-0.76 %,"479,122,990.60",-
NONLIFEINSU,2023-12-28,11369.13,11534.99,11338.15,11412.61,0.23 %,"628,919,908.60",-
NONLIFEINSU,2023-12-27,11255.48,11539.84,11255.47,11386.5,1.16 %,"467,113,896.70",-
NONLIFEINSU,2023-12-24,11214.06,11518.63,11174.72,11255.47,0.56 %,"619,807,641.40",-
NONLIFEINSU,2023-12-21,11296.33,11458.31,11129.26,11192.36,-0.73 %,"367,331,488.20",-
NONLIFEINSU,2023-12-20,11316.87,11465.59,11251.87,11274.64,-0.09 %,"460,183,111.60",-
NONLIFEINSU,2023-12-19,11099.45,11302.7,10998.68,11284.79,2.06 %,"411,115,047.10",-
NONLIFEINSU,2023-12-18,11061.04,11139.54,10956.77,11056.72,0.12 %,"425,942,435.50",-
NONLIFEINSU,2023-12-17,10870.88,11043.19,10697.68,11043.19,1.03 %,"406,657,258.90",-
NONLIFEINSU,2023-12-14,10874.82,10935.58,10757.97,10930.52,0.51 %,"285,192,877.00",-
NONLIFEINSU,2023-12-13,11059.12,11114.71,10813.91,10874.81,-1.03 %,"324,524,488.90",-
NONLIFEINSU,2023-12-12,10802.2,11057.17,10702.88,11019.28,2.39 %,"393,305,085.90",-
NONLIFEINSU,2023-12-11,10761.77,10812.63,10508.92,10762.32,1.38 %,"609,331,773.20",-
NONLIFEINSU,2023-12-10,10123.65,10626.33,10123.64,10615.95,5.23 %,"60,938,319.90",-
NONLIFEINSU,2023-12-07,9879.17,10184.5,9844.99,10088.41,2.12 %,"320,686,844.00",-
NONLIFEINSU,2023-12-06,9801.14,9900.25,9791.18,9879.16,0.80 %,"69,808,591.40",-
NONLIFEINSU,2023-12-05,9860.77,9885.83,9745.8,9801.14,-0.43 %,"86,899,227.40",-
NONLIFEINSU,2023-12-04,9808.86,9941.46,9805.46,9843.17,0.35 %,"87,000,970.60",-
NONLIFEINSU,2023-12-03,9850.9,9901.26,9720.12,9808.85,-0.43 %,"54,221,808.90",-
NONLIFEINSU,2023-11-30,9906.74,9972.34,9788.12,9850.89,-0.66 %,"70,533,389.70",-
NONLIFEINSU,2023-11-29,10052.52,10164.35,9878.61,9915.97,-1.54 %,"93,565,711.50",-
NONLIFEINSU,2023-11-28,10072.9,10133.5,10011.8,10070.61,-0.02 %,"89,331,894.50",-
NONLIFEINSU,2023-11-27,10143.54,10238.27,10026.45,10072.89,-0.54 %,"157,498,376.00",-
NONLIFEINSU,2023-11-26,9762.22,10132.98,9724.78,10127.46,3.67 %,"190,123,603.20",-
NONLIFEINSU,2023-11-23,9589.58,9841.58,9481.56,9768.64,1.87 %,"108,857,630.50",-
NONLIFEINSU,2023-11-22,9466.59,9611.9,9391.07,9589.57,1.30 %,"74,426,277.50",-
NONLIFEINSU,2023-11-21,9600.78,9629.24,9410.33,9466.59,-1.40 %,"53,933,685.30",-
NONLIFEINSU,2023-11-20,9529.31,9676.49,9529.3,9600.78,0.75 %,"83,589,433.70",-
NONLIFEINSU,2023-11-09,9568.93,9660.48,9485.59,9529.3,-0.41 %,"44,747,308.80",-
NONLIFEINSU,2023-11-08,9591.67,9661.63,9542.95,9568.93,-0.24 %,"45,450,979.10",-
NONLIFEINSU,2023-11-07,9609.02,9639.55,9518.06,9591.66,-0.18 %,"82,115,424.20",-
NONLIFEINSU,2023-11-06,9396.39,9612.26,9377.34,9609.02,2.36 %,"53,286,949.40",-
NONLIFEINSU,2023-11-05,9499.65,9506.98,9327.95,9387.47,-1.18 %,"66,460,797.30",-
NONLIFEINSU,2023-11-02,9590.42,9602.52,9486.59,9499.65,-0.95 %,"66,543,872.60",-
NONLIFEINSU,2023-11-01,9625.94,9655.92,9557.44,9590.41,-0.37 %,"39,153,009.40",-
NONLIFEINSU,2023-10-31,9684.43,9689.36,9598.8,9625.94,-0.60 %,"29,109,767.50",-
NONLIFEINSU,2023-10-30,9601.21,9684.42,9510.19,9684.42,0.87 %,"50,397,326.00",-
NONLIFEINSU,2023-10-29,9793.94,9796.05,9601.21,9601.21,-1.97 %,"62,934,378.60",-
NONLIFEINSU,2023-10-19,9836.26,9904.54,9754.02,9793.93,-0.43 %,"71,817,491.00",-
NONLIFEINSU,2023-10-18,9561.42,9839.65,9561.41,9836.26,2.87 %,"94,486,370.10",-
NONLIFEINSU,2023-10-17,9613.03,9849.18,9519.51,9561.41,-0.54 %,"100,962,421.00",-
NONLIFEINSU,2023-10-16,9702.86,9719.49,9493.7,9613.02,-0.93 %,"90,224,090.40",-
NONLIFEINSU,2023-10-12,9852.63,9852.62,9687.7,9702.86,-1.52 %,"120,708,557.90",-
NONLIFEINSU,2023-10-11,9849.07,9958.79,9752.02,9852.62,-0.06 %,"95,769,058.80",-
NONLIFEINSU,2023-10-10,10028.21,10082.5,9793.78,9858.62,-1.69 %,"274,008,459.80",-
NONLIFEINSU,2023-10-09,10109.72,10179.0,10009.75,10028.2,-0.81 %,"77,324,187.20",-
NONLIFEINSU,2023-10-08,10301.46,10330.9,10079.91,10109.72,-1.86 %,"94,096,675.20",-
NONLIFEINSU,2023-10-05,10353.74,10387.14,10270.91,10301.45,-0.51 %,"78,605,046.10",-
NONLIFEINSU,2023-10-04,10291.85,10395.03,10289.82,10353.74,0.60 %,"68,443,067.10",-
NONLIFEINSU,2023-10-03,10363.54,10398.96,10262.36,10291.85,-0.69 %,"56,564,216.70",-
NONLIFEINSU,2023-10-02,10345.2,10403.71,10256.62,10363.54,0.18 %,"85,031,592.30",-
NONLIFEINSU,2023-10-01,10479.68,10479.68,10309.24,10345.2,-1.59 %,"77,560,182.30",-
NONLIFEINSU,2023-09-27,10612.92,10662.88,10487.69,10512.23,-0.95 %,"77,285,062.80",-
NONLIFEINSU,2023-09-26,10553.72,10735.06,10553.71,10612.92,0.56 %,"120,404,888.50",-
NONLIFEINSU,2023-09-25,10609.12,10679.06,10519.06,10553.71,-0.52 %,"67,626,236.40",-
NONLIFEINSU,2023-09-24,10775.36,10795.77,10581.26,10609.12,-1.45 %,"100,517,640.10",-
NONLIFEINSU,2023-09-21,10578.76,10832.84,10578.76,10765.75,1.77 %,"168,419,945.50",-
NONLIFEINSU,2023-09-19,10498.06,10587.45,10407.07,10578.76,0.77 %,"50,400,148.90",-
NONLIFEINSU,2023-09-18,10438.48,10579.73,10352.44,10498.06,0.57 %,"50,591,450.00",-
NONLIFEINSU,2023-09-17,10716.44,10743.85,10414.55,10438.48,-2.59 %,"125,914,187.80",-
NONLIFEINSU,2023-09-13,10475.65,10720.31,10475.64,10716.43,2.30 %,"128,038,071.40",-
NONLIFEINSU,2023-09-12,10636.67,10692.1,10449.75,10475.64,-1.41 %,"84,558,762.00",-
NONLIFEINSU,2023-09-11,10327.32,10625.04,10308.96,10625.04,2.88 %,"112,055,442.60",-
NONLIFEINSU,2023-09-10,10244.3,10366.72,10241.14,10327.31,0.87 %,"63,551,962.80",-
NONLIFEINSU,2023-09-07,10380.01,10398.21,10214.68,10238.31,-1.37 %,"84,038,968.60",-
NONLIFEINSU,2023-09-05,10438.88,10514.39,10341.18,10380.0,-0.56 %,"43,188,389.90",-
NONLIFEINSU,2023-09-04,10406.09,10540.11,10300.83,10438.87,0.32 %,"112,816,347.40",-
NONLIFEINSU,2023-09-03,10618.5,10618.49,10383.25,10406.08,-2.00 %,"98,735,785.20",-
NONLIFEINSU,2023-08-30,10622.44,10690.48,10573.62,10618.49,-0.04 %,"86,134,110.70",-
NONLIFEINSU,2023-08-29,10616.82,10701.41,10595.31,10622.43,0.05 %,"71,031,653.00",-
NONLIFEINSU,2023-08-28,10602.67,10723.22,10569.82,10616.82,0.13 %,"83,771,079.90",-
NONLIFEINSU,2023-08-27,10735.4,10754.86,10572.91,10602.67,-1.20 %,"108,889,843.00",-
NONLIFEINSU,2023-08-24,10975.28,11076.18,10697.38,10731.35,-2.08 %,"143,705,037.10",-
NONLIFEINSU,2023-08-23,10754.78,11065.89,10746.68,10975.28,2.16 %,"157,314,818.70",-
NONLIFEINSU,2023-08-22,10620.56,10746.15,10544.64,10743.05,1.15 %,"116,671,594.10",-
NONLIFEINSU,2023-08-21,10670.29,10715.15,10554.61,10620.55,-0.47 %,"108,556,161.50",-
NONLIFEINSU,2023-08-20,10843.03,10896.55,10653.05,10670.29,-1.59 %,"101,358,785.60",-
NONLIFEINSU,2023-08-17,10799.74,10984.74,10793.61,10843.03,0.55 %,"115,630,291.30",-
NONLIFEINSU,2023-08-16,10880.91,10890.32,10727.28,10783.5,-0.90 %,"130,171,155.60",-
NONLIFEINSU,2023-08-15,11065.13,11121.17,10820.96,10880.91,-1.66 %,"147,552,701.30",-
NONLIFEINSU,2023-08-14,11171.44,11213.53,11006.48,11065.13,-0.95 %,"164,603,768.60",-
NONLIFEINSU,2023-08-13,10929.87,11173.24,10877.29,11171.44,2.21 %,"184,462,413.00",-
NONLIFEINSU,2023-08-10,10794.65,11032.74,10696.13,10929.86,1.25 %,"170,598,981.70",-
NONLIFEINSU,2023-08-09,10484.13,10825.18,10379.15,10794.65,2.96 %,"150,777,145.50",-
NONLIFEINSU,2023-08-08,10596.38,10675.08,10415.06,10484.12,-1.06 %,"109,984,354.30",-
NONLIFEINSU,2023-08-07,10566.34,10756.32,10423.27,10596.38,0.07 %,"103,922,874.10",-
NONLIFEINSU,2023-08-06,10811.35,10841.6,10497.64,10588.74,-2.06 %,"158,582,263.90",-
NONLIFEINSU,2023-08-03,10867.16,10975.1,10780.37,10811.35,-0.51 %,"99,314,055.40",-
NONLIFEINSU,2023-08-02,10801.71,10883.24,10618.44,10867.15,0.61 %,"110,228,689.60",-
NONLIFEINSU,2023-08-01,11076.35,11182.67,10761.35,10801.7,-2.48 %,"152,369,253.40",-
NONLIFEINSU,2023-07-31,11071.74,11195.1,11050.84,11076.35,0.04 %,"144,881,646.80",-
NONLIFEINSU,2023-07-30,11282.11,11311.9,11005.06,11071.73,-1.86 %,"254,950,663.80",-
NONLIFEINSU,2023-07-27,11404.62,11504.23,11267.47,11282.11,-1.21 %,"197,439,410.00",-
NONLIFEINSU,2023-07-26,11507.27,11623.86,11396.24,11420.53,-0.75 %,"191,159,257.60",-
NONLIFEINSU,2023-07-25,11624.22,11744.36,11496.26,11507.26,-0.96 %,"211,939,996.00",-
NONLIFEINSU,2023-07-24,11776.32,11817.11,11588.54,11618.45,-1.14 %,"364,469,001.30",-
NONLIFEINSU,2023-07-23,11594.73,11868.35,11558.15,11752.84,1.36 %,"347,994,478.50",-
NONLIFEINSU,2023-07-20,11754.98,11783.17,11591.88,11594.73,-1.13 %,"243,463,506.80",-
NONLIFEINSU,2023-07-19,11740.62,11853.98,11653.82,11726.8,-0.02 %,"549,413,298.40",-
NONLIFEINSU,2023-07-18,11579.18,11862.99,11579.18,11728.69,1.55 %,"462,760,903.50",-
NONLIFEINSU,2023-07-17,11287.85,11552.74,11212.95,11549.95,2.32 %,"233,410,178.20",-
NONLIFEINSU,2023-07-16,11180.55,11323.3,11101.54,11287.84,0.96 %,"216,582,212.60",-
NONLIFEINSU,2023-07-13,11330.57,11426.77,11131.19,11180.54,-1.00 %,"284,085,634.40",-
NONLIFEINSU,2023-07-12,11186.77,11297.68,11166.93,11293.57,0.95 %,"284,058,715.00",-
NONLIFEINSU,2023-07-11,11222.78,11285.63,11135.47,11186.77,-0.32 %,"209,953,117.50",-
NONLIFEINSU,2023-07-10,11242.62,11411.34,11185.34,11222.77,-0.18 %,"318,381,892.30",-
NONLIFEINSU,2023-07-09,10997.56,11279.56,10982.5,11242.61,2.35 %,"297,736,944.20",-
NONLIFEINSU,2023-07-06,10994.63,11148.73,10861.8,10984.44,-0.21 %,"287,669,862.10",-
NONLIFEINSU,2023-07-05,11346.81,11369.47,10991.79,11007.31,-2.75 %,"345,694,645.10",-
NONLIFEINSU,2023-07-04,11283.13,11491.91,11193.31,11318.16,0.69 %,"419,838,924.20",-
NONLIFEINSU,2023-07-03,11345.22,11479.39,11193.64,11240.09,-0.76 %,"635,250,153.90",-
NONLIFEINSU,2023-07-02,11459.07,11633.78,11268.11,11326.59,-0.99 %,"601,878,960.00",-
NONLIFEINSU,2023-06-28,11547.76,11641.68,11357.05,11439.91,-0.52 %,"660,329,453.20",-
NONLIFEINSU,2023-06-27,11532.38,11578.96,11367.84,11499.78,-0.13 %,"482,994,006.10",-
NONLIFEINSU,2023-06-26,11683.59,11818.25,11435.4,11514.75,-0.97 %,"622,779,959.20",-
NONLIFEINSU,2023-06-25,10973.73,11680.15,10972.51,11627.3,6.09 %,"1,019,080,568.60",-
NONLIFEINSU,2023-06-22,10687.4,10963.8,10669.77,10960.33,2.77 %,"450,310,812.10",-
NONLIFEINSU,2023-06-21,10665.91,10934.51,10578.5,10665.07,-0.01 %,"374,877,180.70",-
NONLIFEINSU,2023-06-20,10923.98,11104.85,10640.56,10665.9,-2.36 %,"389,610,918.90",-
NONLIFEINSU,2023-06-19,11248.53,11274.97,10888.87,10923.98,-2.48 %,"539,056,053.30",-
NONLIFEINSU,2023-06-18,10729.48,11212.9,10671.81,11201.23,4.68 %,"632,124,346.90",-
NONLIFEINSU,2023-06-15,10574.03,10714.78,10446.92,10700.92,1.42 %,"400,621,359.80",-
NONLIFEINSU,2023-06-14,10628.38,10719.39,10369.16,10551.28,-0.63 %,"535,548,236.80",-
NONLIFEINSU,2023-06-13,10393.65,10778.4,10293.19,10618.55,1.90 %,"553,723,884.10",-
NONLIFEINSU,2023-06-12,10420.98,10494.76,10208.69,10393.65,-0.05 %,"346,843,764.10",-
NONLIFEINSU,2023-06-11,10242.43,10467.86,10233.92,10399.35,1.61 %,"367,318,317.60",-
NONLIFEINSU,2023-06-08,9732.03,10235.2,9673.25,10234.13,5.16 %,"503,159,664.90",-
NONLIFEINSU,2023-06-07,9744.22,9930.6,9688.95,9732.03,-0.12 %,"237,544,503.50",-
NONLIFEINSU,2023-06-06,9332.75,9746.96,9293.07,9744.21,4.64 %,"258,671,069.90",-
NONLIFEINSU,2023-06-05,9382.56,9503.94,9297.62,9312.52,-0.61 %,"254,212,302.70",-
NONLIFEINSU,2023-06-04,8962.51,9411.5,8955.2,9369.58,4.54 %,"134,249,696.40",-
NONLIFEINSU,2023-06-01,8795.55,8990.99,8727.74,8962.5,1.93 %,"128,036,196.00",-
NONLIFEINSU,2023-05-31,8941.06,9075.62,8788.97,8793.11,-2.47 %,"163,563,373.20",-
NONLIFEINSU,2023-05-30,9308.8,9308.8,9007.04,9015.46,-3.11 %,"175,508,086.90",-
NONLIFEINSU,2023-05-28,9554.23,9591.23,9270.9,9305.11,-2.65 %,"201,506,154.50",-
NONLIFEINSU,2023-05-24,9437.02,9558.46,9311.04,9558.46,1.29 %,"192,778,890.50",-
NONLIFEINSU,2023-05-23,9081.81,9454.76,9081.81,9437.01,3.91 %,"237,161,369.80",-
NONLIFEINSU,2023-05-22,9007.73,9153.28,8904.61,9081.8,0.82 %,"151,849,331.10",-
NONLIFEINSU,2023-05-21,8762.9,9024.34,8762.9,9007.72,2.79 %,"161,292,771.90",-
NONLIFEINSU,2023-05-18,8614.31,8813.32,8569.58,8762.89,1.72 %,"127,441,965.60",-
NONLIFEINSU,2023-05-17,8443.08,8615.84,8406.56,8614.3,2.03 %,"73,893,114.80",-
NONLIFEINSU,2023-05-16,8360.38,8448.77,8334.5,8443.07,0.99 %,"48,815,986.20",-
NONLIFEINSU,2023-05-15,8428.77,8428.77,8273.14,8360.38,-0.62 %,"60,335,663.80",-
NONLIFEINSU,2023-05-14,8452.68,8492.79,8373.6,8412.15,-0.48 %,"25,241,068.10",-
NONLIFEINSU,2023-05-11,8480.48,8525.57,8429.68,8452.67,-0.33 %,"30,532,877.30",-
NONLIFEINSU,2023-05-10,8449.64,8505.56,8430.53,8480.47,0.36 %,"26,339,486.50",-
NONLIFEINSU,2023-05-09,8429.04,8535.3,8425.54,8449.64,0.24 %,"31,335,728.80",-
NONLIFEINSU,2023-05-08,8535.99,8535.99,8400.91,8429.04,-1.25 %,"51,888,893.40",-
NONLIFEINSU,2023-05-07,8638.71,8676.01,8517.34,8535.98,-1.19 %,"30,260,507.00",-
NONLIFEINSU,2023-05-04,8507.04,8653.41,8494.71,8638.71,1.55 %,"42,963,959.20",-
NONLIFEINSU,2023-05-03,8517.37,8521.67,8455.86,8507.03,-0.12 %,"34,934,195.60",-
NONLIFEINSU,2023-05-02,8543.62,8543.62,8470.59,8517.37,-0.31 %,"19,983,760.30",-
NONLIFEINSU,2023-04-30,8590.28,8590.28,8496.91,8543.61,-0.54 %,"44,806,261.60",-
NONLIFEINSU,2023-04-27,8600.98,8649.95,8543.17,8590.28,-0.12 %,"35,192,433.60",-
NONLIFEINSU,2023-04-26,8651.93,8673.44,8581.41,8600.98,-0.59 %,"59,121,937.00",-
NONLIFEINSU,2023-04-25,8556.51,8670.01,8527.84,8651.93,1.12 %,"60,729,603.90",-
NONLIFEINSU,2023-04-24,8575.69,8580.98,8510.96,8556.51,-0.22 %,"32,840,623.30",-
NONLIFEINSU,2023-04-23,8605.23,8674.68,8499.87,8575.69,-0.34 %,"30,782,349.20",-
NONLIFEINSU,2023-04-20,8641.2,8678.97,8574.01,8605.23,-0.42 %,"57,418,781.40",-
NONLIFEINSU,2023-04-19,8570.36,8699.52,8556.03,8641.2,0.83 %,"59,456,692.90",-
NONLIFEINSU,2023-04-18,8564.93,8588.99,8526.42,8570.36,0.06 %,"55,788,158.50",-
NONLIFEINSU,2023-04-17,8622.16,8632.13,8508.54,8564.93,-0.66 %,"49,196,948.10",-
NONLIFEINSU,2023-04-16,8603.37,8676.34,8559.15,8622.16,0.22 %,"52,463,975.90",-
NONLIFEINSU,2023-04-13,8728.46,8807.46,8590.78,8603.37,-1.43 %,"82,172,012.90",-
NONLIFEINSU,2023-04-12,8385.17,8746.36,8385.17,8728.46,4.09 %,"113,435,980.40",-
NONLIFEINSU,2023-04-11,8322.26,8400.34,8293.34,8385.17,0.76 %,"43,709,377.20",-
NONLIFEINSU,2023-04-10,8291.19,8344.03,8246.72,8322.26,0.37 %,"33,407,263.30",-
NONLIFEINSU,2023-04-09,8444.55,8444.55,8258.54,8291.19,-1.82 %,"71,382,929.90",-
NONLIFEINSU,2023-04-06,8442.86,8472.51,8401.54,8444.55,0.02 %,"49,569,863.30",-
NONLIFEINSU,2023-04-05,8487.21,8508.54,8369.97,8442.86,-0.52 %,"80,598,557.70",-
NONLIFEINSU,2023-04-04,8591.59,8591.59,8451.24,8487.21,-1.39 %,"89,632,960.30",-
NONLIFEINSU,2023-04-03,8716.46,8736.63,8583.36,8606.84,-1.17 %,"46,648,349.50",-
NONLIFEINSU,2023-04-02,8739.34,8841.58,8661.45,8709.08,-0.54 %,"66,450,687.10",-
NONLIFEINSU,2023-03-30,8757.11,8845.31,8741.05,8756.32,-0.01 %,"40,114,111.90",-
NONLIFEINSU,2023-03-29,8738.45,8789.14,8686.92,8757.11,0.21 %,"38,056,118.50",-
NONLIFEINSU,2023-03-28,8774.41,8830.53,8699.2,8738.45,-0.12 %,"101,469,261.40",-
NONLIFEINSU,2023-03-27,8622.39,8774.35,8534.22,8748.82,1.47 %,"49,643,449.90",-
NONLIFEINSU,2023-03-26,8721.54,8795.07,8605.1,8622.39,-1.14 %,"47,922,439.80",-
NONLIFEINSU,2023-03-23,8759.38,8759.38,8674.59,8721.54,-0.43 %,"30,669,853.38",-
NONLIFEINSU,2023-03-22,8846.6,8873.52,8751.37,8759.38,-1.07 %,"56,349,112.00",-
NONLIFEINSU,2023-03-20,8770.47,8856.09,8751.11,8853.98,0.95 %,"109,047,690.30",-
NONLIFEINSU,2023-03-19,8757.9,8793.93,8723.57,8770.47,0.03 %,"37,740,494.70",-
NONLIFEINSU,2023-03-16,8790.24,8803.46,8688.21,8767.75,-0.26 %,"42,033,336.90",-
NONLIFEINSU,2023-03-15,8807.3,8815.25,8705.71,8790.24,-0.19 %,"42,150,524.60",-
NONLIFEINSU,2023-03-14,8759.69,8817.77,8717.06,8807.3,0.54 %,"36,619,478.50",-
NONLIFEINSU,2023-03-13,8842.43,8842.43,8706.6,8759.69,-0.94 %,"40,242,061.40",-
NONLIFEINSU,2023-03-12,8961.79,8998.35,8758.79,8842.43,-1.32 %,"116,676,877.50",-
NONLIFEINSU,2023-03-09,8707.62,8960.38,8703.48,8960.38,2.90 %,"70,684,431.90",-
NONLIFEINSU,2023-03-07,8623.88,8707.62,8584.03,8707.62,0.97 %,"42,936,919.20",-
NONLIFEINSU,2023-03-05,8694.64,8709.57,8562.8,8623.88,-0.74 %,"51,849,522.30",-
NONLIFEINSU,2023-03-02,8771.26,8771.26,8667.62,8687.83,-0.95 %,"47,172,602.40",-
NONLIFEINSU,2023-03-01,8876.83,8876.83,8760.23,8771.26,-1.10 %,"59,382,182.30",-
NONLIFEINSU,2023-02-28,8922.7,8933.93,8814.89,8868.88,-0.50 %,"51,513,342.60",-
NONLIFEINSU,2023-02-27,8905.92,8934.39,8712.27,8913.18,2.53 %,"87,758,302.60",-
NONLIFEINSU,2023-02-26,8870.52,8905.92,8583.23,8905.92,0.31 %,"106,851,837.70",-
NONLIFEINSU,2023-02-23,9085.45,9089.86,8838.21,8878.33,-2.19 %,"97,516,517.30",-
NONLIFEINSU,2023-02-22,8896.4,9095.28,8887.49,9077.25,2.03 %,"49,743,408.30",-
NONLIFEINSU,2023-02-20,8959.65,8959.65,8825.99,8896.4,-0.71 %,"71,025,905.60",-
NONLIFEINSU,2023-02-16,9083.67,9105.81,8927.21,8959.65,-1.37 %,"90,786,019.20",-
NONLIFEINSU,2023-02-15,9155.78,9239.53,9033.64,9083.67,-0.79 %,"77,314,035.70",-
NONLIFEINSU,2023-02-14,9205.57,9208.48,9106.34,9155.78,-0.54 %,"132,855,711.30",-
NONLIFEINSU,2023-02-12,9447.51,9447.51,9155.93,9205.57,-2.52 %,"186,997,555.50",-
NONLIFEINSU,2023-02-09,9389.57,9443.93,9277.89,9443.93,0.58 %,"121,706,465.20",-
NONLIFEINSU,2023-02-08,9418.1,9617.4,9336.09,9389.57,-0.30 %,"182,665,048.70",-
NONLIFEINSU,2023-02-07,9022.85,9418.1,9022.85,9418.1,4.38 %,"170,141,911.40",-
NONLIFEINSU,2023-02-06,9024.78,9071.98,8971.59,9022.85,-0.02 %,"69,323,979.60",-
NONLIFEINSU,2023-02-05,9076.08,9182.23,9001.92,9024.78,-0.45 %,"120,630,831.70",-
NONLIFEINSU,2023-02-02,9206.24,9240.99,9014.33,9065.74,-1.45 %,"167,731,588.70",-
NONLIFEINSU,2023-02-01,9197.47,9232.39,9118.55,9198.88,0.25 %,"137,027,475.20",-
NONLIFEINSU,2023-01-31,9216.51,9324.8,9161.13,9175.92,-0.37 %,"268,769,476.80",-
NONLIFEINSU,2023-01-30,9499.81,9547.49,9183.24,9209.56,-2.85 %,"182,624,271.00",-
NONLIFEINSU,2023-01-29,9497.73,9557.49,9398.93,9479.69,-0.09 %,"251,589,743.90",-
NONLIFEINSU,2023-01-26,9371.64,9616.03,9371.64,9488.4,1.49 %,"213,524,241.80",-
NONLIFEINSU,2023-01-25,9145.47,9433.56,9145.47,9349.31,2.12 %,"178,317,188.90",-
NONLIFEINSU,2023-01-24,9092.93,9164.45,9026.79,9155.43,0.66 %,"86,406,840.40",-
NONLIFEINSU,2023-01-23,9213.7,9335.74,9084.83,9095.27,-1.29 %,"106,432,284.90",-
NONLIFEINSU,2023-01-19,9194.39,9302.44,9165.49,9213.7,0.21 %,"119,000,072.10",-
NONLIFEINSU,2023-01-18,9290.1,9388.01,9177.15,9194.39,-1.03 %,"185,174,946.50",-
NONLIFEINSU,2023-01-17,9163.57,9332.69,9082.04,9290.1,1.27 %,"175,761,039.20",-
NONLIFEINSU,2023-01-12,9447.42,9516.43,9109.3,9174.02,-2.49 %,"370,051,894.40",-
NONLIFEINSU,2023-01-10,9686.14,9822.57,9341.84,9407.83,-2.87 %,"376,051,775.50",-
NONLIFEINSU,2023-01-09,9445.13,9718.07,9445.13,9686.14,2.55 %,"345,422,724.60",-
NONLIFEINSU,2023-01-08,9146.16,9611.98,9005.75,9445.13,3.52 %,"398,545,239.60",-
NONLIFEINSU,2023-01-05,9013.94,9153.86,8889.47,9123.56,1.45 %,"302,328,426.10",-
NONLIFEINSU,2023-01-04,8693.07,8993.23,8644.53,8993.23,3.45 %,"185,752,169.70",-
NONLIFEINSU,2023-01-03,8725.51,8800.93,8621.36,8693.07,-0.26 %,"226,006,812.00",-
NONLIFEINSU,2023-01-02,8461.71,8742.65,8346.62,8715.41,3.06 %,"191,076,764.80",-
NONLIFEINSU,2023-01-01,8300.91,8643.87,8300.91,8456.84,1.95 %,"228,488,957.20",-
NONLIFEINSU,2022-12-29,7946.23,8317.26,7891.11,8294.75,4.39 %,"139,408,959.90",-
NONLIFEINSU,2022-12-28,7939.53,8043.11,7874.11,7946.23,0.12 %,"97,426,754.40",-
NONLIFEINSU,2022-12-27,7662.16,7988.13,7653.0,7936.42,3.70 %,"166,253,742.80",-
NONLIFEINSU,2022-12-26,7401.81,7663.64,7401.81,7653.0,3.48 %,"69,913,755.70",-
NONLIFEINSU,2022-12-22,7417.0,7420.13,7376.6,7395.38,-0.29 %,"32,108,850.30",-
NONLIFEINSU,2022-12-21,7437.15,7454.46,7396.92,7417.0,-0.27 %,"19,003,795.10",-
NONLIFEINSU,2022-12-20,7409.31,7480.18,7403.9,7437.15,0.38 %,"28,361,158.10",-
NONLIFEINSU,2022-12-19,7396.04,7426.8,7363.34,7409.31,0.18 %,"25,350,492.20",-
NONLIFEINSU,2022-12-18,7481.22,7499.07,7375.96,7396.04,-0.90 %,"39,271,010.20",-
NONLIFEINSU,2022-12-15,7501.76,7501.76,7425.1,7463.12,-0.52 %,"24,254,035.70",-
NONLIFEINSU,2022-12-14,7509.81,7564.4,7477.01,7501.76,-0.11 %,"20,581,235.90",-
NONLIFEINSU,2022-12-13,7483.79,7547.43,7459.06,7509.81,0.35 %,"17,860,653.80",-
NONLIFEINSU,2022-12-12,7453.06,7504.84,7431.32,7483.79,0.41 %,"26,867,295.30",-
NONLIFEINSU,2022-12-11,7551.46,7551.46,7435.64,7453.06,-1.30 %,"31,460,743.70",-
NONLIFEINSU,2022-12-07,7488.06,7606.61,7542.34,7551.46,-0.48 %,"20,714,428.50",-
NONLIFEINSU,2022-12-06,7615.11,7618.97,7567.11,7588.06,-0.36 %,"32,020,522.90",-
NONLIFEINSU,2022-12-05,7708.11,7766.5,7587.12,7615.11,-1.19 %,"88,797,215.50",-
NONLIFEINSU,2022-12-04,7649.37,7717.68,7636.04,7707.06,0.75 %,"48,602,061.20",-
NONLIFEINSU,2022-12-01,7664.51,7722.22,7628.18,7649.37,-0.20 %,"26,188,785.90",-
NONLIFEINSU,2022-11-30,7672.01,7687.34,7618.04,7664.51,-0.10 %,"34,983,954.30",-
NONLIFEINSU,2022-11-29,7686.61,7686.61,7604.61,7672.01,-0.19 %,"19,076,575.70",-
NONLIFEINSU,2022-11-28,7699.63,7759.3,7671.54,7686.61,-0.17 %,"29,429,697.60",-
NONLIFEINSU,2022-11-27,7623.34,7703.13,7623.34,7699.63,1.00 %,"69,984,748.80",-
NONLIFEINSU,2022-11-24,7626.6,7641.84,7588.07,7623.34,-0.04 %,"14,062,172.50",-
NONLIFEINSU,2022-11-23,7673.39,7673.39,7563.21,7626.6,-0.32 %,"16,616,469.70",-
NONLIFEINSU,2022-11-22,7675.99,7713.3,7628.82,7650.82,-0.33 %,"20,728,038.00",-
NONLIFEINSU,2022-11-17,7573.82,7688.1,7573.82,7675.99,1.35 %,"25,700,830.80",-
NONLIFEINSU,2022-11-16,7551.71,7593.47,7545.54,7573.81,0.29 %,"28,456,150.20",-
NONLIFEINSU,2022-11-15,7544.71,7629.37,7538.65,7551.7,0.09 %,"16,922,240.40",-
NONLIFEINSU,2022-11-14,7532.87,7577.73,7500.3,7544.71,0.24 %,"26,411,512.90",-
NONLIFEINSU,2022-11-13,7545.46,7596.33,7471.66,7527.01,-0.24 %,"17,504,998.70",-
NONLIFEINSU,2022-11-10,7634.0,7661.31,7544.39,7545.45,-1.16 %,"26,057,350.60",-
NONLIFEINSU,2022-11-09,7812.05,7883.19,7623.48,7633.99,-1.86 %,"35,777,576.10",-
NONLIFEINSU,2022-11-08,7754.96,7793.52,7718.52,7778.35,0.30 %,"29,582,631.90",-
NONLIFEINSU,2022-11-07,7834.93,7890.52,7745.85,7754.95,-1.02 %,"54,482,793.60",-
NONLIFEINSU,2022-11-06,7701.67,7839.63,7664.43,7834.93,1.73 %,"39,632,673.60",-
NONLIFEINSU,2022-11-03,7701.05,7722.36,7639.38,7701.67,0.01 %,"23,894,379.10",-
NONLIFEINSU,2022-11-02,7702.67,7775.72,7654.76,7701.04,-0.02 %,"55,851,220.10",-
NONLIFEINSU,2022-11-01,7520.33,7702.67,7503.76,7702.67,2.59 %,"44,462,582.90",-
NONLIFEINSU,2022-10-31,7496.78,7513.84,7446.62,7507.85,0.00 %,"13,877,523.30",-
NONLIFEINSU,2022-10-23,7406.69,7496.78,7406.69,7496.78,1.22 %,"17,083,041.50",-
NONLIFEINSU,2022-10-20,7439.56,7477.66,7406.4,7406.69,-0.44 %,"15,569,076.00",-
NONLIFEINSU,2022-10-19,7495.07,7502.88,7396.31,7439.56,-0.74 %,"17,861,209.90",-
NONLIFEINSU,2022-10-17,7482.3,7496.06,7454.63,7495.07,0.17 %,"12,542,374.40",-
NONLIFEINSU,2022-10-16,7538.54,7572.78,7479.82,7482.3,-0.75 %,"29,789,727.30",-
NONLIFEINSU,2022-10-13,7505.92,7595.58,7500.17,7538.53,0.43 %,"30,695,569.90",-
NONLIFEINSU,2022-10-12,7459.19,7589.15,7445.8,7505.92,0.63 %,"32,922,447.90",-
NONLIFEINSU,2022-10-11,7529.98,7529.97,7447.71,7459.18,-0.94 %,"19,877,836.50",-
NONLIFEINSU,2022-10-10,7644.03,7669.78,7528.67,7529.97,-1.49 %,"32,277,999.60",-
NONLIFEINSU,2022-10-09,7508.54,7653.27,7503.85,7644.02,1.80 %,"24,191,633.30",-
NONLIFEINSU,2022-09-29,7486.7,7529.83,7459.78,7508.53,0.29 %,"29,573,251.50",-
NONLIFEINSU,2022-09-28,7459.33,7498.74,7453.44,7486.69,0.37 %,"19,846,630.10",-
NONLIFEINSU,2022-09-27,7427.59,7525.87,7413.83,7459.32,0.43 %,"20,916,878.70",-
NONLIFEINSU,2022-09-25,7486.68,7502.14,7405.46,7427.58,-0.79 %,"29,341,805.80",-
NONLIFEINSU,2022-09-22,7545.26,7560.57,7470.3,7486.68,-0.78 %,"21,799,731.40",-
NONLIFEINSU,2022-09-21,7525.62,7595.22,7514.53,7545.25,0.26 %,"30,580,741.00",-
NONLIFEINSU,2022-09-20,7642.81,7678.06,7506.24,7525.61,-1.53 %,"53,255,127.10",-
NONLIFEINSU,2022-09-18,7774.02,7774.02,7629.24,7642.81,-1.60 %,"38,551,514.10",-
NONLIFEINSU,2022-09-16,7794.77,7794.77,7702.93,7767.42,-0.35 %,"28,535,801.70",-
NONLIFEINSU,2022-09-15,7991.45,7996.8,7783.59,7794.77,-2.46 %,"104,747,983.30",-
NONLIFEINSU,2022-09-14,7874.49,8032.27,7869.2,7991.44,1.49 %,"70,073,373.90",-
NONLIFEINSU,2022-09-13,7815.72,7907.07,7815.72,7874.49,0.75 %,"57,695,033.20",-
NONLIFEINSU,2022-09-12,7862.61,7878.43,7804.84,7815.72,-0.60 %,"30,741,411.30",-
NONLIFEINSU,2022-09-11,7901.05,7937.11,7852.57,7862.6,-0.49 %,"67,923,579.70",-
NONLIFEINSU,2022-09-08,7899.34,7960.93,7877.41,7901.05,0.02 %,"151,902,622.70",-
NONLIFEINSU,2022-09-07,7933.24,7950.64,7884.79,7899.34,-0.43 %,"64,638,477.60",-
NONLIFEINSU,2022-09-06,8081.14,8082.43,7919.84,7933.23,-1.83 %,"123,270,269.50",-
NONLIFEINSU,2022-09-05,8095.6,8109.13,8033.77,8081.13,-0.05 %,"86,819,354.50",-
NONLIFEINSU,2022-09-04,7938.5,8108.45,7938.49,8085.5,1.85 %,"105,392,439.00",-
NONLIFEINSU,2022-09-02,7979.02,8032.77,7932.67,7938.49,-0.39 %,"30,146,854.80",-
NONLIFEINSU,2022-09-01,7907.37,8050.05,7845.44,7969.5,0.79 %,"97,175,125.00",-
NONLIFEINSU,2022-08-31,7955.94,7969.87,7899.75,7907.37,-0.61 %,"33,576,147.00",-
NONLIFEINSU,2022-08-30,7962.31,8022.19,7955.94,7955.94,-0.08 %,"32,217,249.30",-
NONLIFEINSU,2022-08-29,7955.23,7977.3,7912.92,7962.31,0.09 %,"30,184,319.30",-
NONLIFEINSU,2022-08-28,8121.17,8121.17,7953.43,7955.22,-2.04 %,"61,634,864.40",-
NONLIFEINSU,2022-08-26,8177.97,8177.96,8106.34,8121.17,0.00 %,"31,860,798.70",-
NONLIFEINSU,2022-08-25,8199.7,8323.96,8166.84,8177.96,0.00 %,"53,380,857.90",-
NONLIFEINSU,2022-08-24,8214.87,8234.4,8179.68,8199.69,0.00 %,"34,014,851.50",-
NONLIFEINSU,2022-08-23,8219.89,8252.12,8195.56,8214.87,0.00 %,"27,798,511.20",-
NONLIFEINSU,2022-08-22,8267.22,8296.5,8203.65,8219.89,0.00 %,"42,948,868.60",-
NONLIFEINSU,2022-08-21,8258.92,8309.35,8219.77,8267.22,0.00 %,"47,237,526.30",-
NONLIFEINSU,2022-08-18,8201.36,8273.59,8188.19,8258.91,0.00 %,"59,736,140.10",-
NONLIFEINSU,2022-08-17,8168.28,8224.09,8129.91,8201.36,0.00 %,"39,853,776.10",-
NONLIFEINSU,2022-08-16,8313.77,8394.82,8153.53,8168.27,0.00 %,"73,860,845.10",-
NONLIFEINSU,2022-08-15,8056.1,8311.55,8056.09,8310.29,0.00 %,"93,357,613.10",-
NONLIFEINSU,2022-08-14,8108.95,8159.22,8026.18,8056.09,0.00 %,"38,730,379.00",-
NONLIFEINSU,2022-08-11,8162.04,8223.95,8093.32,8108.94,0.00 %,"87,458,630.40",-
NONLIFEINSU,2022-08-10,8248.54,8290.6,8172.72,8172.72,0.00 %,"65,666,414.90",-
NONLIFEINSU,2022-08-09,8371.99,8379.98,8242.25,8248.54,0.00 %,"62,200,937.80",-
NONLIFEINSU,2022-08-08,8408.47,8498.31,8345.5,8371.98,0.00 %,"84,565,296.60",-
NONLIFEINSU,2022-08-07,8407.72,8476.78,8402.05,8408.46,0.00 %,"48,457,666.60",-
NONLIFEINSU,2022-08-05,8542.8,8568.01,8406.42,8407.72,0.00 %,"67,405,540.00",-
NONLIFEINSU,2022-08-04,8589.65,8663.35,8502.94,8503.03,0.00 %,"109,194,517.00",-
NONLIFEINSU,2022-08-03,8631.46,8678.85,8528.49,8551.16,0.00 %,"99,845,976.10",-
NONLIFEINSU,2022-08-02,8644.37,8687.97,8559.24,8636.71,0.00 %,"82,802,052.90",-
NONLIFEINSU,2022-08-01,8692.68,8842.48,8635.47,8644.36,0.00 %,"228,563,994.90",-
NONLIFEINSU,2022-07-31,8290.06,8675.73,8290.06,8664.14,0.00 %,"244,313,176.10",-
NONLIFEINSU,2022-07-29,8309.91,8349.0,8260.36,8290.06,0.00 %,"27,616,768.90",-
NONLIFEINSU,2022-07-28,8305.63,8391.68,8277.74,8305.08,0.00 %,"91,193,262.70",-
NONLIFEINSU,2022-07-27,8261.83,8312.77,8173.24,8305.63,0.00 %,"43,059,460.90",-
NONLIFEINSU,2022-07-26,8363.42,8410.63,8247.6,8261.82,0.00 %,"85,642,070.50",-
NONLIFEINSU,2022-07-25,8237.66,8369.43,8237.65,8363.42,0.00 %,"98,107,783.20",-
NONLIFEINSU,2022-07-24,8118.75,8238.45,8118.75,8237.65,0.00 %,"42,412,602.20",-
NONLIFEINSU,2022-07-22,8152.31,8158.06,8053.64,8119.66,0.00 %,"32,553,779.30",-
NONLIFEINSU,2022-07-21,8216.64,8229.7,8123.27,8152.31,0.00 %,"43,149,748.50",-
NONLIFEINSU,2022-07-20,8180.74,8246.3,8120.89,8197.15,0.00 %,"39,306,117.20",-
NONLIFEINSU,2022-07-19,8099.35,8219.91,8099.35,8160.44,0.00 %,"50,526,122.00",-
NONLIFEINSU,2022-07-18,7998.69,8093.69,7990.2,8087.84,0.00 %,"40,137,668.60",-
NONLIFEINSU,2022-07-17,7986.32,8011.7,7927.63,7979.35,0.00 %,"31,654,027.10",-
NONLIFEINSU,2022-07-15,7989.69,8020.98,7950.85,7986.31,0.00 %,"28,622,853.30",-
NONLIFEINSU,2022-07-14,7960.92,8042.97,7905.24,7989.69,0.00 %,"46,315,452.50",-
NONLIFEINSU,2022-07-13,7835.62,7986.04,7829.14,7976.95,0.00 %,"53,480,660.20",-
NONLIFEINSU,2022-07-12,7742.16,7853.03,7699.02,7812.47,0.00 %,"50,066,949.10",-
NONLIFEINSU,2022-07-11,8107.65,8107.65,7691.25,7742.15,0.00 %,"89,311,678.70",-
NONLIFEINSU,2022-07-08,8207.48,8213.47,8054.93,8107.65,0.00 %,"33,140,377.90",-
NONLIFEINSU,2022-07-07,8250.02,8357.11,8128.39,8197.0,0.00 %,"59,718,990.30",-
NONLIFEINSU,2022-07-06,8272.33,8295.03,8088.29,8214.9,0.00 %,"71,338,601.90",-
NONLIFEINSU,2022-07-05,8512.35,8562.29,8229.4,8265.7,0.00 %,"102,678,459.20",-
NONLIFEINSU,2022-07-04,8463.99,8851.01,8414.44,8505.57,0.00 %,"205,643,528.40",-
NONLIFEINSU,2022-07-03,8274.71,8475.36,8179.6,8457.5,0.00 %,"94,187,576.30",-
NONLIFEINSU,2022-07-01,8301.7,8376.21,8192.2,8274.7,0.00 %,"67,776,931.20",-
NONLIFEINSU,2022-06-30,7924.95,8314.42,7924.95,8292.97,0.00 %,"108,574,919.20",-
NONLIFEINSU,2022-06-29,7717.95,7914.86,7703.63,7905.31,0.00 %,"61,119,071.90",-
NONLIFEINSU,2022-06-28,7827.91,7827.91,7677.31,7717.95,0.00 %,"46,744,621.70",-
NONLIFEINSU,2022-06-27,7944.15,8040.55,7799.48,7827.91,0.00 %,"65,954,039.70",-
NONLIFEINSU,2022-06-26,7562.86,7930.33,7547.69,7925.74,0.00 %,"87,534,436.10",-
NONLIFEINSU,2022-06-24,7433.94,7562.86,7257.52,7562.86,0.00 %,"36,732,457.70",-
NONLIFEINSU,2022-06-23,7651.99,7662.71,7367.08,7433.93,0.00 %,"59,761,359.60",-
NONLIFEINSU,2022-06-22,7824.88,7824.87,7632.56,7651.99,0.00 %,"32,940,839.50",-
NONLIFEINSU,2022-06-21,7653.21,7870.45,7647.57,7807.21,0.00 %,"38,901,818.70",-
NONLIFEINSU,2022-06-20,7909.14,7909.14,7549.98,7648.88,0.00 %,"96,579,308.30",-
NONLIFEINSU,2022-06-19,8047.26,8158.63,7824.81,7892.43,0.00 %,"41,169,701.00",-
NONLIFEINSU,2022-06-17,8089.84,8132.55,8008.31,8047.25,0.00 %,"19,339,640.20",-
NONLIFEINSU,2022-06-16,8031.84,8094.47,7976.79,8065.83,0.00 %,"44,984,131.20",-
NONLIFEINSU,2022-06-15,8166.11,8170.13,7848.25,8031.83,0.00 %,"84,256,337.30",-
NONLIFEINSU,2022-06-14,8408.84,8413.68,8137.62,8166.11,0.00 %,"72,673,093.60",-
NONLIFEINSU,2022-06-13,8512.23,8554.22,8349.09,8408.84,0.00 %,"34,164,285.00",-
NONLIFEINSU,2022-06-10,8590.6,8590.59,8374.48,8511.03,0.00 %,"35,235,510.20",-
NONLIFEINSU,2022-06-09,8658.8,8863.06,8587.54,8616.84,0.00 %,"81,778,089.00",-
NONLIFEINSU,2022-06-08,8345.36,8782.65,8326.28,8658.8,0.00 %,"75,758,929.40",-
NONLIFEINSU,2022-06-07,8485.14,8489.48,8310.64,8345.35,0.00 %,"72,821,076.00",-
NONLIFEINSU,2022-06-06,8534.68,8617.32,8355.38,8474.93,0.00 %,"59,787,541.90",-
NONLIFEINSU,2022-06-03,8697.35,8702.36,8466.45,8534.67,0.00 %,"62,649,358.90",-
NONLIFEINSU,2022-06-02,8823.55,8845.87,8624.57,8701.83,0.00 %,"77,352,109.80",-
NONLIFEINSU,2022-06-01,8997.09,9007.47,8806.53,8839.98,0.00 %,"75,773,117.50",-
NONLIFEINSU,2022-05-31,9233.51,9239.66,8920.96,8997.08,0.00 %,"66,107,843.50",-
NONLIFEINSU,2022-05-30,9482.46,9503.61,9223.79,9233.5,0.00 %,"71,117,054.60",-
NONLIFEINSU,2022-05-27,9555.8,9581.62,9404.88,9482.46,0.00 %,"35,921,709.40",-
NONLIFEINSU,2022-05-26,9548.37,9634.92,9464.66,9551.43,0.00 %,"31,735,620.60",-
NONLIFEINSU,2022-05-25,9408.98,9615.66,9408.98,9543.49,0.00 %,"57,807,881.90",-
NONLIFEINSU,2022-05-24,9386.04,9486.13,9341.36,9408.98,0.00 %,"62,558,455.80",-
NONLIFEINSU,2022-05-23,9548.77,9582.65,9317.39,9384.98,0.00 %,"92,862,278.70",-
NONLIFEINSU,2022-05-20,9693.19,9706.57,9512.43,9545.69,0.00 %,"59,760,926.00",-
NONLIFEINSU,2022-05-19,9836.4,9859.27,9637.44,9688.2,0.00 %,"87,166,414.50",-
NONLIFEINSU,2022-05-18,9872.01,9902.47,9698.34,9831.24,0.00 %,"73,524,330.40",-
NONLIFEINSU,2022-05-17,10357.81,10363.56,9854.6,9872.0,0.00 %,"111,315,670.90",-
NONLIFEINSU,2022-05-12,10467.1,10599.29,10333.23,10357.81,0.00 %,"78,719,758.60",-
NONLIFEINSU,2022-05-11,10197.98,10441.72,10197.98,10441.72,0.00 %,"116,972,751.00",-
NONLIFEINSU,2022-05-10,10079.52,10205.1,10066.85,10197.98,0.00 %,"39,105,610.30",-
NONLIFEINSU,2022-05-09,10016.9,10123.75,9972.42,10073.93,0.00 %,"44,097,945.30",-
NONLIFEINSU,2022-05-08,10007.41,10016.9,9834.63,10016.9,0.00 %,"158,311,306.80",-
NONLIFEINSU,2022-05-05,10271.59,10271.58,9986.94,10007.41,0.00 %,"237,232,778.90",-
NONLIFEINSU,2022-05-04,10482.41,10482.4,10191.95,10271.58,0.00 %,"139,672,442.50",-
NONLIFEINSU,2022-05-02,10736.08,10736.66,10417.31,10482.41,-2.04 %,"74,163,142.50",-
NONLIFEINSU,2022-04-28,10745.73,10879.37,10650.39,10701.03,0.00 %,"195,822,980.00",-
NONLIFEINSU,2022-04-27,10717.38,10775.62,10605.73,10742.37,0.00 %,"89,023,169.60",-
NONLIFEINSU,2022-04-26,10794.49,10880.26,10638.41,10711.68,0.00 %,"97,769,510.80",-
NONLIFEINSU,2022-04-25,10957.06,11107.13,10767.53,10811.83,0.00 %,"200,195,764.70",-
NONLIFEINSU,2022-04-24,10528.81,11013.64,10528.8,10961.93,0.00 %,"278,877,560.00",-
NONLIFEINSU,2022-04-21,10627.71,10652.72,10302.11,10527.55,0.00 %,"242,344,341.10",-
NONLIFEINSU,2022-04-20,10778.13,10811.59,10580.23,10612.76,0.00 %,"149,408,338.20",-
NONLIFEINSU,2022-04-19,10720.15,10903.71,10592.3,10782.58,0.00 %,"172,268,383.30",-
NONLIFEINSU,2022-04-18,11062.52,11087.68,10703.92,10720.14,0.00 %,"195,427,345.80",-
NONLIFEINSU,2022-04-17,11183.17,11216.85,10970.84,11062.51,0.00 %,"174,639,405.90",-
NONLIFEINSU,2022-04-13,11053.73,11231.88,10876.27,11183.16,0.00 %,"178,443,450.80",-
NONLIFEINSU,2022-04-12,11302.72,11313.63,11016.65,11053.71,0.00 %,"175,347,957.50",-
NONLIFEINSU,2022-04-11,11452.26,11680.01,11241.21,11288.83,0.00 %,"430,911,806.50",-
NONLIFEINSU,2022-04-07,11335.3,11528.5,11335.29,11444.42,0.00 %,"254,798,226.40",-
NONLIFEINSU,2022-04-06,11527.08,11534.48,11249.57,11335.29,0.00 %,"280,842,313.00",-
NONLIFEINSU,2022-04-05,11873.92,11873.92,11301.92,11527.07,0.00 %,"537,760,958.70",-
NONLIFEINSU,2022-04-04,12093.65,12114.37,11871.1,11873.92,0.00 %,"310,517,418.10",-
NONLIFEINSU,2022-04-03,12279.28,12304.31,12010.24,12074.04,0.00 %,"366,752,752.90",-
NONLIFEINSU,2022-03-31,12293.33,12427.53,12147.58,12246.05,0.00 %,"348,684,406.20",-
NONLIFEINSU,2022-03-30,12092.15,12286.07,11955.42,12283.35,0.00 %,"450,051,064.00",-
NONLIFEINSU,2022-03-29,12206.71,12214.34,12031.06,12092.15,0.00 %,"293,909,365.70",-
NONLIFEINSU,2022-03-28,12455.37,12455.52,12151.48,12168.84,0.00 %,"536,199,925.60",-
NONLIFEINSU,2022-03-27,12413.2,12911.13,12373.24,12421.33,0.00 %,"1,844,802,522.30",-
NONLIFEINSU,2022-03-24,12167.73,12436.32,12143.41,12288.56,0.00 %,"756,126,913.50",-
NONLIFEINSU,2022-03-23,12245.56,12264.07,12133.04,12160.61,0.00 %,"332,954,345.00",-
NONLIFEINSU,2022-03-22,12165.2,12269.51,12154.02,12240.14,0.00 %,"354,239,504.50",-
NONLIFEINSU,2022-03-21,12116.16,12165.2,11993.63,12155.49,0.00 %,"298,009,213.20",-
NONLIFEINSU,2022-03-20,12194.61,12292.93,12027.63,12109.2,0.00 %,"486,440,452.50",-
NONLIFEINSU,2022-03-16,12119.54,12195.01,12074.61,12183.46,0.00 %,"457,484,521.60",-
NONLIFEINSU,2022-03-15,12064.6,12143.81,11947.95,12106.24,0.00 %,"556,785,621.30",-
NONLIFEINSU,2022-03-14,11965.61,12145.25,11909.62,12038.91,0.00 %,"286,752,355.20",-
NONLIFEINSU,2022-03-13,11413.78,11965.6,11413.77,11965.6,0.00 %,"736,622,707.20",-
NONLIFEINSU,2022-03-10,11149.64,11397.73,11065.33,11397.73,0.00 %,"280,924,280.60",-
NONLIFEINSU,2022-03-09,11354.91,11405.46,11104.73,11156.36,0.00 %,"239,689,064.60",-
NONLIFEINSU,2022-03-07,11355.78,11469.75,11303.28,11348.16,0.00 %,"274,313,064.00",-
NONLIFEINSU,2022-03-06,11356.43,11441.69,11215.84,11338.29,0.00 %,"297,299,222.70",-
NONLIFEINSU,2022-03-02,11689.69,11755.27,11292.35,11356.43,0.00 %,"454,450,032.20",-
NONLIFEINSU,2022-02-28,11955.31,12099.79,11606.92,11679.61,0.00 %,"347,338,820.50",-
NONLIFEINSU,2022-02-27,12003.34,12127.79,11875.66,11948.3,0.00 %,"337,219,327.80",-
NONLIFEINSU,2022-02-24,12233.91,12233.91,11841.89,11981.24,0.00 %,"427,639,495.40",-
NONLIFEINSU,2022-02-23,12344.58,12372.37,12183.78,12226.79,0.00 %,"183,447,855.80",-
NONLIFEINSU,2022-02-22,12216.46,12398.57,12216.45,12337.25,0.00 %,"256,891,738.00",-
NONLIFEINSU,2022-02-21,12170.22,12305.43,12138.75,12209.23,0.00 %,"335,743,018.00",-
NONLIFEINSU,2022-02-20,12417.42,12417.41,12111.4,12170.22,0.00 %,"385,187,957.80",-
NONLIFEINSU,2022-02-17,12470.15,12617.16,12409.53,12450.97,0.00 %,"223,005,614.60",-
NONLIFEINSU,2022-02-16,12556.71,12708.77,12450.58,12457.17,0.00 %,"409,428,900.70",-
NONLIFEINSU,2022-02-15,12378.99,12572.02,12349.71,12563.98,0.00 %,"343,412,778.10",-
NONLIFEINSU,2022-02-14,12359.34,12529.27,12323.47,12378.98,0.00 %,"417,913,565.80",-
NONLIFEINSU,2022-02-13,12939.01,12939.0,12346.84,12393.34,0.00 %,"677,442,739.10",-
NONLIFEINSU,2022-02-10,13033.27,13125.94,12895.38,12945.88,0.00 %,"643,155,860.40",-
NONLIFEINSU,2022-02-09,13225.77,13233.51,12929.49,13027.01,0.00 %,"543,642,890.60",-
NONLIFEINSU,2022-02-08,13236.53,13402.95,13143.09,13225.77,0.00 %,"963,008,003.90",-
NONLIFEINSU,2022-02-07,13089.27,13310.49,13026.44,13168.91,0.00 %,"774,801,254.40",-
NONLIFEINSU,2022-02-06,13263.65,13318.09,13031.12,13089.26,0.00 %,"970,511,404.40",-
NONLIFEINSU,2022-02-03,13260.96,13422.26,13197.52,13214.72,0.00 %,"1,117,112,038.30",-
NONLIFEINSU,2022-02-01,13124.72,13214.27,12980.01,13202.55,0.00 %,"733,032,428.40",-
NONLIFEINSU,2022-01-31,13295.43,13329.48,13086.7,13110.69,0.00 %,"557,958,317.00",-
NONLIFEINSU,2022-01-30,12928.39,13340.81,12928.39,13289.46,0.00 %,"900,960,096.40",-
NONLIFEINSU,2022-01-27,12766.62,12970.88,12766.25,12857.85,0.00 %,"725,248,549.90",-
NONLIFEINSU,2022-01-26,12866.57,12907.67,12583.85,12724.02,0.00 %,"708,052,548.60",-
NONLIFEINSU,2022-01-25,12906.23,13084.98,12751.48,12866.56,0.00 %,"1,117,101,445.00",-
NONLIFEINSU,2022-01-24,13390.64,13402.67,12788.17,12883.86,0.00 %,"1,425,813,644.00",-
NONLIFEINSU,2022-01-23,13411.46,13627.8,13318.14,13390.64,0.00 %,"1,285,559,814.00",-
NONLIFEINSU,2022-01-20,13089.84,13398.11,13073.28,13359.93,0.00 %,"1,201,031,246.80",-
NONLIFEINSU,2022-01-19,13207.0,13335.95,13075.94,13089.84,0.00 %,"857,352,198.20",-
NONLIFEINSU,2022-01-18,13383.23,13452.61,13183.75,13207.0,0.00 %,"1,272,947,308.40",-
NONLIFEINSU,2022-01-17,13346.16,13434.79,13206.71,13385.11,0.00 %,"1,055,002,152.50",-
NONLIFEINSU,2022-01-16,13095.29,13473.03,13095.29,13334.7,0.00 %,"1,224,223,033.70",-
NONLIFEINSU,2022-01-13,12779.67,13106.13,12772.05,13068.48,0.00 %,"945,543,702.60",-
NONLIFEINSU,2022-01-12,13064.28,13176.0,12713.86,12779.92,0.00 %,"984,580,995.30",-
NONLIFEINSU,2022-01-11,12711.38,13165.18,12709.74,13046.37,0.00 %,"1,186,471,380.30",-
NONLIFEINSU,2022-01-10,12519.43,12780.25,12519.43,12710.08,0.00 %,"1,002,807,606.50",-
NONLIFEINSU,2022-01-09,12139.66,12723.14,12139.65,12519.43,0.00 %,"691,841,831.40",-
NONLIFEINSU,2022-01-06,11895.73,12142.98,11846.26,12139.65,0.00 %,"304,918,692.20",-
NONLIFEINSU,2022-01-05,12130.55,12130.61,11849.96,11895.72,0.00 %,"467,801,113.20",-
NONLIFEINSU,2022-01-04,12082.84,12198.27,11961.35,12123.81,0.00 %,"385,785,602.30",-
NONLIFEINSU,2022-01-03,12052.71,12271.64,11979.97,12082.84,0.00 %,"635,658,888.10",-
NONLIFEINSU,2022-01-02,11616.35,12095.76,11595.43,12021.48,0.00 %,"442,449,140.50",-
NONLIFEINSU,2021-12-29,11358.5,11664.98,11209.16,11610.08,0.00 %,"294,169,321.00",-
NONLIFEINSU,2021-12-28,11393.73,11468.38,11148.09,11358.5,0.00 %,"330,458,171.30",-
NONLIFEINSU,2021-12-27,12125.33,12196.92,11365.87,11393.72,0.00 %,"993,695,170.10",-
NONLIFEINSU,2021-12-26,11152.66,12013.45,11150.89,12013.45,0.00 %,"997,838,780.70",-
NONLIFEINSU,2021-12-23,10719.79,11142.73,10633.95,11101.76,0.00 %,"470,830,541.60",-
NONLIFEINSU,2021-12-22,10232.43,10719.79,10232.43,10719.79,0.00 %,"281,622,713.70",-
NONLIFEINSU,2021-12-21,10028.09,10256.15,10028.09,10232.43,0.00 %,"138,426,682.30",-
NONLIFEINSU,2021-12-20,10198.28,10217.93,9997.55,10028.09,0.00 %,"156,154,416.40",-
NONLIFEINSU,2021-12-16,10462.89,10493.12,10171.39,10198.28,0.00 %,"157,068,535.00",-
NONLIFEINSU,2021-12-15,10451.97,10804.0,10262.79,10462.89,0.00 %,"312,398,070.70",-
NONLIFEINSU,2021-12-14,9790.66,10442.13,9790.65,10435.83,0.00 %,"129,011,516.40",-
NONLIFEINSU,2021-12-13,10333.51,10333.51,9710.24,9790.65,0.00 %,"362,111,298.20",-
NONLIFEINSU,2021-12-12,10826.76,10879.06,10322.43,10336.64,0.00 %,"274,529,387.60",-
NONLIFEINSU,2021-12-09,10887.03,10891.73,10686.32,10826.76,0.00 %,"208,514,362.50",-
NONLIFEINSU,2021-12-08,11122.73,11272.89,10851.74,10887.03,0.00 %,"199,417,098.60",-
NONLIFEINSU,2021-12-07,11276.56,11627.05,11086.72,11122.73,0.00 %,"213,803,256.10",-
NONLIFEINSU,2021-12-06,11257.62,11317.69,10930.14,11283.71,0.00 %,"300,110,938.40",-
NONLIFEINSU,2021-12-05,11506.31,11525.69,11143.69,11257.62,0.00 %,"308,629,521.20",-
NONLIFEINSU,2021-12-02,11752.21,11825.05,11446.85,11506.31,0.00 %,"268,913,454.00",-
NONLIFEINSU,2021-12-01,11769.73,11898.02,11743.65,11752.21,0.00 %,"192,451,543.80",-
NONLIFEINSU,2021-11-30,11674.65,11814.03,11559.33,11774.43,0.00 %,"229,753,263.00",-
NONLIFEINSU,2021-11-29,11742.48,11892.08,11556.8,11674.65,0.00 %,"294,655,770.20",-
NONLIFEINSU,2021-11-28,12128.42,12128.42,11677.03,11742.48,0.00 %,"546,700,589.90",-
NONLIFEINSU,2021-11-25,12297.53,12312.92,12122.89,12128.42,0.00 %,"308,294,828.10",-
NONLIFEINSU,2021-11-24,12207.63,12305.93,12027.71,12285.27,0.00 %,"380,545,105.80",-
NONLIFEINSU,2021-11-23,12441.15,12456.89,12180.92,12249.05,0.00 %,"314,088,036.50",-
NONLIFEINSU,2021-11-22,12351.06,12665.84,12324.32,12450.54,0.00 %,"374,571,439.70",-
NONLIFEINSU,2021-11-21,12403.49,12420.83,12301.33,12351.06,0.00 %,"291,771,830.50",-
NONLIFEINSU,2021-11-18,12619.58,12627.62,12352.69,12415.22,0.00 %,"373,572,821.70",-
NONLIFEINSU,2021-11-17,12643.27,12766.37,12617.57,12619.58,0.00 %,"739,035,402.10",-
NONLIFEINSU,2021-11-16,12437.56,12630.07,12313.01,12625.81,0.00 %,"446,150,357.20",-
NONLIFEINSU,2021-11-15,12225.16,12446.44,12225.16,12437.56,0.00 %,"268,103,626.40",-
NONLIFEINSU,2021-11-14,12205.09,12315.11,12124.49,12225.16,0.00 %,"284,732,935.80",-
NONLIFEINSU,2021-11-11,12498.82,12498.83,12169.08,12205.09,0.00 %,"308,544,318.70",-
NONLIFEINSU,2021-11-09,12971.37,12971.37,12332.84,12498.83,0.00 %,"425,928,728.00",-
NONLIFEINSU,2021-11-08,13092.42,13147.09,12908.85,12963.32,0.00 %,"293,205,863.80",-
NONLIFEINSU,2021-11-03,13205.85,13298.37,13042.9,13092.42,0.00 %,"346,303,326.50",-
NONLIFEINSU,2021-11-02,13031.73,13229.68,12815.71,13205.86,0.00 %,"513,713,900.60",-
NONLIFEINSU,2021-11-01,13124.29,13296.9,12955.19,13040.87,0.00 %,"550,643,843.10",-
NONLIFEINSU,2021-10-31,12492.42,13134.92,12468.7,13095.46,0.00 %,"534,560,019.80",-
NONLIFEINSU,2021-10-28,12489.19,12613.23,12371.49,12492.43,0.00 %,"329,290,863.40",-
NONLIFEINSU,2021-10-27,12307.29,12772.76,12216.16,12489.2,0.00 %,"620,772,046.30",-
NONLIFEINSU,2021-10-26,11989.76,12361.47,11989.76,12310.97,0.00 %,"446,520,715.00",-
NONLIFEINSU,2021-10-25,11516.62,11991.06,11516.63,11989.76,0.00 %,"254,122,373.90",-
NONLIFEINSU,2021-10-24,11471.91,11594.28,11435.44,11522.16,0.00 %,"138,193,717.70",-
NONLIFEINSU,2021-10-21,11502.1,11556.61,11413.82,11479.74,0.00 %,"194,907,187.80",-
NONLIFEINSU,2021-10-20,11264.14,11565.45,11255.1,11503.2,0.00 %,"196,437,908.10",-
NONLIFEINSU,2021-10-19,11561.86,11572.31,11145.0,11255.1,0.00 %,"318,054,272.80",-
NONLIFEINSU,2021-10-18,11972.42,11999.97,11570.85,11572.31,0.00 %,"253,225,732.10",-
NONLIFEINSU,2021-10-17,11908.72,12030.21,11778.1,11999.97,0.00 %,"115,185,971.70",-
NONLIFEINSU,2021-10-11,11950.07,11956.46,11732.58,11877.5,0.00 %,"255,754,578.80",-
NONLIFEINSU,2021-10-10,12029.06,12234.19,11949.8,11956.46,0.00 %,"319,208,339.10",-
NONLIFEINSU,2021-10-06,11610.76,12009.2,11610.77,12009.2,0.00 %,"330,658,124.50",-
NONLIFEINSU,2021-10-05,11328.55,11633.32,11327.51,11599.28,0.00 %,"249,776,146.00",-
NONLIFEINSU,2021-10-04,11346.76,11465.95,11196.0,11333.6,0.00 %,"289,737,743.10",-
NONLIFEINSU,2021-10-03,11520.85,11567.93,11326.54,11346.76,0.00 %,"285,495,615.30",-
NONLIFEINSU,2021-09-30,11639.82,11746.29,11517.88,11535.26,0.00 %,"281,383,368.10",-
NONLIFEINSU,2021-09-29,11384.16,11687.68,11274.66,11639.83,0.00 %,"349,748,263.80",-
NONLIFEINSU,2021-09-28,11708.59,11758.96,11326.0,11384.16,0.00 %,"478,759,228.10",-
NONLIFEINSU,2021-09-27,12140.57,12147.88,11701.02,11708.6,0.00 %,"453,222,237.20",-
NONLIFEINSU,2021-09-26,12502.75,12539.56,12139.82,12147.88,0.00 %,"428,963,639.30",-
NONLIFEINSU,2021-09-23,12591.54,12798.07,12426.05,12502.75,0.00 %,"455,583,801.20",-
NONLIFEINSU,2021-09-22,12149.67,12621.64,12149.68,12591.54,0.00 %,"516,326,129.80",-
NONLIFEINSU,2021-09-21,12067.36,12555.71,11696.42,12149.68,0.00 %,"680,224,288.50",-
NONLIFEINSU,2021-09-20,12729.12,12744.76,12051.33,12077.66,0.00 %,"775,541,282.30",-
NONLIFEINSU,2021-09-16,13075.68,13075.68,12581.43,12683.44,0.00 %,"804,226,564.80",-
NONLIFEINSU,2021-09-15,13349.07,13349.07,12973.49,13064.26,0.00 %,"448,316,370.00",-
NONLIFEINSU,2021-09-14,13640.47,13659.83,13285.86,13341.76,0.00 %,"384,682,090.80",-
NONLIFEINSU,2021-09-13,13524.39,13833.26,13524.4,13619.62,0.00 %,"592,083,238.70",-
NONLIFEINSU,2021-09-12,13034.98,13427.25,13026.57,13420.76,0.00 %,"594,194,410.80",-
NONLIFEINSU,2021-09-09,13011.56,13221.64,12953.63,12995.99,0.00 %,"540,323,086.20",-
NONLIFEINSU,2021-09-08,13330.18,13345.15,12992.77,13003.46,0.00 %,"595,525,561.10",-
NONLIFEINSU,2021-09-07,13649.94,13688.41,13264.38,13330.19,0.00 %,"545,898,310.40",-
NONLIFEINSU,2021-09-06,12960.0,13640.6,12920.62,13620.42,0.00 %,"788,557,249.50",-
NONLIFEINSU,2021-09-05,13517.45,13572.33,12751.98,12976.78,0.00 %,"1,076,972,799.15",-
NONLIFEINSU,2021-09-02,13726.55,13785.75,13445.2,13496.24,0.00 %,"773,437,602.30",-
NONLIFEINSU,2021-09-01,13795.36,13959.02,13717.99,13731.77,0.00 %,"776,651,715.80",-
NONLIFEINSU,2021-08-31,14176.62,14181.36,13788.95,13795.36,0.00 %,"1,044,906,089.50",-
NONLIFEINSU,2021-08-29,14415.62,14480.44,14132.07,14167.94,0.00 %,"917,613,368.50",-
NONLIFEINSU,2021-08-26,14477.9,14610.97,14382.65,14415.63,0.00 %,"977,381,873.70",-
NONLIFEINSU,2021-08-25,14912.72,14921.97,14459.31,14468.37,0.00 %,"1,129,965,940.40",-
NONLIFEINSU,2021-08-24,14962.54,15293.02,14824.84,14888.57,0.00 %,"2,135,729,818.70",-
NONLIFEINSU,2021-08-19,14352.99,15192.82,14333.92,14775.76,0.00 %,"2,937,737,884.80",-
NONLIFEINSU,2021-08-18,14257.35,14403.69,14145.48,14318.3,0.00 %,"1,355,540,857.20",-
NONLIFEINSU,2021-08-17,14409.1,14501.85,14195.78,14240.3,0.00 %,"1,069,528,064.10",-
NONLIFEINSU,2021-08-16,14490.08,14560.3,14366.2,14372.89,0.00 %,"862,272,653.50",-
NONLIFEINSU,2021-08-15,14517.97,14643.48,14345.99,14438.28,0.00 %,"1,285,230,753.90",-
NONLIFEINSU,2021-08-12,14658.76,14790.26,14643.45,14662.89,0.00 %,"1,525,771,597.70",-
NONLIFEINSU,2021-08-11,14638.94,14804.92,14638.94,14674.69,0.00 %,"1,102,950,339.90",-
NONLIFEINSU,2021-08-10,14516.54,14699.46,14514.98,14630.89,0.00 %,"936,766,373.20",-
NONLIFEINSU,2021-08-09,14494.48,14591.01,14430.08,14489.78,0.00 %,"856,742,539.70",-
NONLIFEINSU,2021-08-08,14682.14,14740.64,14428.9,14449.0,0.00 %,"1,134,827,111.00",-
NONLIFEINSU,2021-08-05,14742.56,14782.2,14643.87,14651.79,0.00 %,"1,111,190,464.60",-
NONLIFEINSU,2021-08-04,14813.09,14844.52,14695.46,14708.14,0.00 %,"1,035,774,195.90",-
NONLIFEINSU,2021-08-03,14767.12,14813.09,14667.32,14791.45,0.00 %,"894,301,884.90",-
NONLIFEINSU,2021-08-02,14845.64,14892.41,14701.83,14730.76,0.00 %,"882,690,641.00",-
NONLIFEINSU,2021-08-01,15006.36,15090.46,14791.4,14819.89,0.00 %,"1,008,564,972.10",-
NONLIFEINSU,2021-07-29,15183.94,15325.49,14984.01,14992.84,0.00 %,"1,591,616,572.40",-
NONLIFEINSU,2021-07-28,14646.13,15066.86,14638.04,15063.58,0.00 %,"2,143,494,984.40",-
NONLIFEINSU,2021-07-27,14477.17,14631.41,14432.74,14614.02,0.00 %,"1,011,980,311.20",-
NONLIFEINSU,2021-07-26,14471.25,14571.42,14416.28,14491.45,0.00 %,"813,172,000.10",-
NONLIFEINSU,2021-07-25,14416.69,14471.26,14360.17,14471.26,0.00 %,"1,052,025,173.00",-
NONLIFEINSU,2021-07-22,14391.33,14505.21,14386.79,14420.99,0.00 %,"730,738,579.00",-
NONLIFEINSU,2021-07-20,14591.9,14615.0,14363.33,14382.29,0.00 %,"662,923,082.40",-
NONLIFEINSU,2021-07-19,14529.06,14688.77,14474.59,14570.45,0.00 %,"868,929,060.70",-
NONLIFEINSU,2021-07-18,14045.71,14457.34,14045.71,14457.34,0.00 %,"801,816,013.40",-
NONLIFEINSU,2021-07-15,14044.45,14119.3,13971.45,14016.12,0.00 %,"728,246,172.00",-
NONLIFEINSU,2021-07-14,14061.9,14116.02,13950.03,13979.86,0.00 %,"534,615,558.00",-
NONLIFEINSU,2021-07-13,14142.61,14142.61,13974.27,14061.91,0.00 %,"553,864,467.00",-
NONLIFEINSU,2021-07-12,14348.69,14350.73,13946.34,14039.01,0.00 %,"737,121,053.00",-
NONLIFEINSU,2021-07-11,14055.19,14277.91,13981.38,14277.91,0.00 %,"639,967,259.00",-
NONLIFEINSU,2021-07-08,13932.94,13948.83,13810.63,13899.38,0.00 %,"584,372,952.00",-
NONLIFEINSU,2021-07-07,13887.12,14161.38,13818.45,13895.8,0.00 %,"495,137,162.00",-
NONLIFEINSU,2021-07-06,13878.23,14092.19,13837.3,14040.57,0.00 %,"493,109,805.00",-
NONLIFEINSU,2021-07-05,14193.57,14193.58,13846.91,13874.48,0.00 %,"615,908,626.00",-
NONLIFEINSU,2021-07-04,14166.29,14217.19,13955.6,14016.69,0.00 %,"691,824,212.00",-
NONLIFEINSU,2021-07-01,14220.77,14319.59,14128.83,14136.48,0.00 %,"1,044,921,648.00",-
NONLIFEINSU,2021-06-30,14150.42,14177.06,13989.29,14142.19,0.00 %,"1,138,429,841.00",-
NONLIFEINSU,2021-06-29,14404.43,14486.63,14113.37,14133.57,0.00 %,"825,944,707.00",-
NONLIFEINSU,2021-06-28,14446.77,14562.0,14340.16,14385.1,0.00 %,"1,029,873,874.00",-
NONLIFEINSU,2021-06-27,14512.73,14582.7,14384.84,14422.37,0.00 %,"868,219,438.00",-
NONLIFEINSU,2021-06-24,14654.86,14682.44,14450.89,14457.69,0.00 %,"1,159,979,623.00",-
NONLIFEINSU,2021-06-23,14778.6,14931.53,14466.2,14634.92,0.00 %,"1,348,798,860.00",-
NONLIFEINSU,2021-06-22,14438.03,14811.54,14438.03,14811.54,0.00 %,"1,171,760,000.00",-
NONLIFEINSU,2021-06-21,14917.31,14917.31,14418.65,14432.09,0.00 %,"1,629,330,000.00",-
NONLIFEINSU,2021-06-20,15176.73,15313.31,14705.74,14855.18,0.00 %,"2,068,070,000.00",-
NONLIFEINSU,2021-06-17,15172.92,15237.99,14965.02,15134.43,0.00 %,"1,837,720,000.00",-
NONLIFEINSU,2021-06-16,15162.48,15407.2,14878.5,15081.45,0.00 %,"1,759,218,471.00",-
NONLIFEINSU,2021-06-15,15644.03,15711.5,15467.2,15484.57,0.00 %,"2,230,801,490.00",-
NONLIFEINSU,2021-06-14,15309.74,15505.25,15239.37,15486.33,0.00 %,"2,206,183,621.00",-
NONLIFEINSU,2021-06-13,15306.19,15306.19,15083.68,15178.65,0.00 %,-,-
NONLIFEINSU,2021-06-10,15484.75,15512.31,15145.55,15200.18,0.00 %,-,-
NONLIFEINSU,2021-06-09,15492.58,15635.17,15216.18,15245.84,0.00 %,-,-
NONLIFEINSU,2021-06-08,14752.77,15218.51,14690.74,15206.84,0.00 %,-,-
NONLIFEINSU,2021-06-07,14635.81,14717.8,14561.4,14652.68,0.00 %,-,-
NONLIFEINSU,2021-06-06,14747.41,14776.16,14619.79,14619.79,0.00 %,-,-
NONLIFEINSU,2021-06-03,14894.11,15002.43,14702.47,14702.47,0.00 %,-,-
NONLIFEINSU,2021-06-02,14383.17,14345.14,14609.57,14815.78,0.00 %,-,-
NONLIFEINSU,2021-06-01,14562.35,14565.79,14144.77,14336.68,0.00 %,-,-
NONLIFEINSU,2021-05-31,14934.97,14978.81,14416.79,14444.8,0.00 %,-,-
NONLIFEINSU,2021-05-30,14887.41,15053.67,14700.13,14825.67,0.00 %,-,-
NONLIFEINSU,2021-05-27,14452.12,14893.99,14369.96,14761.55,0.00 %,-,-
NONLIFEINSU,2021-05-25,14434.79,14619.27,14273.2,14619.27,0.00 %,-,-
NONLIFEINSU,2021-05-24,14222.6,14459.86,14222.6,14366.17,0.00 %,-,-
NONLIFEINSU,2021-05-23,14179.2,14212.89,13933.34,14169.53,0.00 %,-,-
NONLIFEINSU,2021-05-20,14278.57,14286.84,14130.79,14181.23,0.00 %,-,-
NONLIFEINSU,2021-05-19,14496.86,14496.86,14177.94,14204.69,0.00 %,-,-
NONLIFEINSU,2021-05-18,14362.62,14392.56,14228.37,14362.64,0.00 %,-,-
NONLIFEINSU,2021-05-17,14375.25,14576.21,14263.65,14281.56,0.00 %,-,-
NONLIFEINSU,2021-05-16,13656.55,14259.7,13656.55,14242.47,0.00 %,-,-
NONLIFEINSU,2021-05-13,13714.35,13760.42,13638.76,13659.52,0.00 %,-,-
NONLIFEINSU,2021-05-12,13695.97,13745.0,13551.2,13654.0,0.00 %,-,-
NONLIFEINSU,2021-05-11,13536.1,13838.77,13486.93,13622.39,0.00 %,-,-
NONLIFEINSU,2021-05-10,13087.28,13481.2,13044.2,13445.89,0.00 %,-,-
NONLIFEINSU,2021-05-09,13121.87,12997.0,12997.0,13099.85,0.00 %,-,-
NONLIFEINSU,2021-05-06,13296.7,13296.7,13099.22,13132.98,0.00 %,-,-
NONLIFEINSU,2021-05-05,13251.33,13360.93,13231.31,13263.29,0.00 %,-,-
NONLIFEINSU,2021-05-04,13347.47,13353.08,13214.25,13254.02,0.00 %,-,-
NONLIFEINSU,2021-05-03,13425.66,13649.16,13232.14,13287.49,0.00 %,-,-
NONLIFEINSU,2021-05-02,12938.98,13368.46,12901.25,13368.46,0.00 %,-,-
NONLIFEINSU,2021-04-29,12749.09,12962.09,12703.84,12919.67,0.00 %,-,-
NONLIFEINSU,2021-04-28,12920.62,13011.36,12679.95,12794.88,0.00 %,-,-
NONLIFEINSU,2021-04-27,12356.46,12899.72,12331.65,12899.72,0.00 %,-,-
NONLIFEINSU,2021-04-26,12760.45,12824.52,12333.41,12358.52,0.00 %,-,-
NONLIFEINSU,2021-04-25,13259.04,13259.04,12662.56,12743.05,0.00 %,-,-
NONLIFEINSU,2021-04-22,13119.96,13213.38,12952.08,13182.86,0.00 %,-,-
NONLIFEINSU,2021-04-21,13244.65,13276.88,13056.17,13067.96,0.00 %,-,-
NONLIFEINSU,2021-04-20,13246.58,13386.29,13172.44,13222.19,0.00 %,-,-
NONLIFEINSU,2021-04-19,13469.99,13470.89,13226.57,13246.58,0.00 %,-,-
NONLIFEINSU,2021-04-18,13666.4,13699.81,13444.41,13485.71,0.00 %,-,-
NONLIFEINSU,2021-04-15,13710.36,13805.38,13632.71,13668.9,0.00 %,-,-
NONLIFEINSU,2021-04-13,13771.43,13847.8,13656.97,13659.87,0.00 %,-,-
NONLIFEINSU,2021-04-12,13609.04,13842.97,13609.04,13748.8,0.00 %,-,-
NONLIFEINSU,2021-04-08,13589.15,13716.62,13557.08,13585.04,0.00 %,-,-
NONLIFEINSU,2021-04-07,13884.55,13929.16,13616.27,13647.67,0.00 %,-,-
NONLIFEINSU,2021-04-06,14226.88,14226.88,13843.06,13849.06,0.00 %,-,-
NONLIFEINSU,2021-04-05,14420.4,14492.81,14016.25,14136.82,0.00 %,-,-
NONLIFEINSU,2021-04-04,13911.52,14327.62,13895.67,14243.43,0.00 %,-,-
NONLIFEINSU,2021-04-01,14036.45,14042.5,13668.81,13699.45,0.00 %,-,-
NONLIFEINSU,2021-03-31,13669.61,13722.74,13464.81,13674.44,0.00 %,-,-
NONLIFEINSU,2021-03-30,12979.2,13351.9,12979.2,13324.76,0.00 %,-,-
NONLIFEINSU,2021-03-29,12994.7,13111.95,12905.73,12926.45,0.00 %,-,-
NONLIFEINSU,2021-03-25,12991.02,13327.99,12900.66,12948.34,0.00 %,-,-
NONLIFEINSU,2021-03-24,12781.46,13055.02,12781.46,13002.5,0.00 %,-,-
NONLIFEINSU,2021-03-23,12753.75,12805.86,12521.71,12781.46,0.00 %,-,-
NONLIFEINSU,2021-03-22,12951.83,12964.81,12568.58,12607.42,0.00 %,-,-
NONLIFEINSU,2021-03-21,12277.96,12791.0,12277.96,12791.0,0.00 %,-,-
NONLIFEINSU,2021-03-18,12024.85,12328.2,12024.85,12229.66,0.00 %,-,-
NONLIFEINSU,2021-03-17,11869.31,12038.57,11803.7,12038.57,0.00 %,-,-
NONLIFEINSU,2021-03-16,11981.05,12072.62,11674.72,11813.7,0.00 %,-,-
NONLIFEINSU,2021-03-15,12080.1,12247.69,11806.38,11876.3,0.00 %,-,-
NONLIFEINSU,2021-03-14,12436.12,12528.2,12020.43,12068.91,0.00 %,-,-
NONLIFEINSU,2021-03-10,12712.33,12712.33,12443.45,12443.45,0.00 %,-,-
NONLIFEINSU,2021-03-09,12738.12,12753.2,12549.45,12570.81,0.00 %,-,-
NONLIFEINSU,2021-03-07,12939.38,12946.78,12685.13,12685.51,0.00 %,-,-
NONLIFEINSU,2021-03-04,12541.33,12821.75,12535.63,12771.01,0.00 %,-,-
NONLIFEINSU,2021-03-03,12617.66,12622.88,12335.5,12446.56,0.00 %,-,-
NONLIFEINSU,2021-03-02,13011.8,13065.83,12544.15,12614.44,0.00 %,-,-
NONLIFEINSU,2021-03-01,12839.99,13021.07,12645.07,12958.01,0.00 %,-,-
NONLIFEINSU,2021-02-28,13064.13,13147.15,12764.29,12774.18,0.00 %,-,-
NONLIFEINSU,2021-02-25,13192.43,13192.43,12918.07,12952.28,0.00 %,-,-
NONLIFEINSU,2021-02-24,12950.19,13300.84,12950.19,13128.46,0.00 %,-,-
NONLIFEINSU,2021-02-23,13088.75,13088.75,12605.0,12944.81,0.00 %,-,-
NONLIFEINSU,2021-02-22,13219.37,13265.12,12898.68,12996.85,0.00 %,-,-
NONLIFEINSU,2021-02-21,13215.64,13224.03,13025.93,13105.36,0.00 %,-,-
NONLIFEINSU,2021-02-18,13230.85,13236.9,13170.58,13189.25,0.00 %,-,-
NONLIFEINSU,2021-02-17,13383.21,13383.21,13226.2,13239.55,0.00 %,-,-
NONLIFEINSU,2021-02-16,13550.63,13579.77,13272.7,13376.13,0.00 %,-,-
NONLIFEINSU,2021-02-15,13026.89,13448.16,13172.92,13413.99,0.00 %,-,-
NONLIFEINSU,2021-02-14,13134.88,13254.63,12887.2,12966.55,0.00 %,-,-
NONLIFEINSU,2021-02-11,13284.97,13317.34,13021.66,13043.9,0.00 %,-,-
NONLIFEINSU,2021-02-10,13192.62,13251.11,13054.15,13251.11,0.00 %,-,-
NONLIFEINSU,2021-02-09,13362.37,13366.28,13080.67,13155.29,0.00 %,-,-
NONLIFEINSU,2021-02-08,13652.61,13719.02,13364.22,13390.12,0.00 %,-,-
NONLIFEINSU,2021-02-07,13075.66,13518.59,13075.66,13514.85,0.00 %,-,-
NONLIFEINSU,2021-02-04,12972.52,13041.1,12749.08,13024.56,0.00 %,-,-
NONLIFEINSU,2021-02-03,13274.01,13332.57,12807.63,12945.81,0.00 %,-,-
NONLIFEINSU,2021-02-02,12476.77,13056.43,12459.31,13048.99,0.00 %,-,-
NONLIFEINSU,2021-02-01,12377.43,12524.7,12301.14,12422.78,0.00 %,-,-
NONLIFEINSU,2021-01-31,12656.94,12656.94,12240.49,12298.12,0.00 %,-,-
NONLIFEINSU,2021-01-28,12220.98,12763.33,12217.51,12562.16,0.00 %,-,-
NONLIFEINSU,2021-01-27,11812.85,12151.78,11672.27,12151.78,0.00 %,-,-
NONLIFEINSU,2021-01-26,11773.63,11879.17,11566.08,11687.09,0.00 %,-,-
NONLIFEINSU,2021-01-25,11808.85,11903.34,11602.44,11785.66,0.00 %,-,-
NONLIFEINSU,2021-01-24,11623.17,11718.8,11548.62,11706.32,0.00 %,-,-
NONLIFEINSU,2021-01-21,11006.43,11482.31,11006.43,11482.31,0.00 %,-,-
NONLIFEINSU,2021-01-20,10904.14,10942.08,10734.24,10942.08,0.00 %,-,-
NONLIFEINSU,2021-01-19,10976.54,11004.18,10673.27,10756.1,0.00 %,-,-
NONLIFEINSU,2021-01-18,10877.59,10901.54,10714.79,10880.99,0.00 %,-,-
NONLIFEINSU,2021-01-17,10675.25,10754.86,10596.6,10754.86,0.00 %,-,-
OTHERS,2026-01-14,2350.65,2385.25,2348.79,2357.74,-0.13 %,"290,632,082.20",-
OTHERS,2026-01-13,2332.25,2368.8,2330.44,2360.9,0.78 %,"497,526,675.60",-
OTHERS,2026-01-12,2349.5,2370.07,2339.79,2342.55,-0.30 %,"458,890,368.00",-
OTHERS,2026-01-08,2350.61,2357.68,2342.22,2349.5,-0.07 %,"248,164,811.80",-
OTHERS,2026-01-07,2373.3,2379.74,2345.08,2351.21,-0.54 %,"361,228,142.20",-
OTHERS,2026-01-06,2355.85,2380.17,2346.52,2363.9,0.77 %,"583,181,307.00",-
OTHERS,2026-01-05,2327.39,2352.83,2321.23,2345.73,0.74 %,"498,953,994.90",-
OTHERS,2026-01-04,2358.8,2361.57,2316.35,2328.6,-1.69 %,"383,508,939.54",-
OTHERS,2026-01-01,2377.84,2381.96,2357.93,2368.71,0.01 %,"418,624,941.30",-
OTHERS,2025-12-31,2360.26,2391.56,2356.98,2368.44,0.35 %,"406,897,762.70",-
OTHERS,2025-12-29,2375.99,2393.21,2354.3,2360.26,-0.67 %,"266,651,150.00",-
OTHERS,2025-12-28,2319.31,2377.23,2319.31,2376.14,2.56 %,"345,688,579.00",-
OTHERS,2025-12-24,2339.96,2339.96,2313.53,2316.89,-0.28 %,"155,375,668.40",-
OTHERS,2025-12-23,2285.14,2325.35,2284.37,2323.43,1.29 %,"175,308,697.00",-
OTHERS,2025-12-22,2300.89,2319.4,2290.06,2293.95,-0.69 %,"164,314,514.20",-
OTHERS,2025-12-21,2310.27,2327.89,2298.6,2309.95,-0.42 %,"261,339,291.10",-
OTHERS,2025-12-18,2372.2,2372.2,2317.57,2319.73,-1.19 %,"232,194,676.30",-
OTHERS,2025-12-17,2356.75,2366.13,2339.61,2347.72,0.05 %,"284,853,079.30",-
OTHERS,2025-12-16,2328.27,2346.48,2319.14,2346.48,1.15 %,"231,564,781.50",-
OTHERS,2025-12-15,2304.45,2334.51,2304.45,2319.71,-0.17 %,"212,955,445.30",-
OTHERS,2025-12-14,2339.68,2349.46,2314.46,2323.7,-0.46 %,"248,518,453.20",-
OTHERS,2025-12-11,2346.86,2354.79,2328.64,2334.38,-0.63 %,"232,501,742.40",-
OTHERS,2025-12-10,2368.28,2368.28,2330.49,2349.25,-0.40 %,"268,213,834.70",-
OTHERS,2025-12-09,2350.12,2366.25,2341.99,2358.67,0.34 %,"234,975,114.40",-
OTHERS,2025-12-08,2355.53,2371.8,2342.56,2350.57,-0.22 %,"367,475,598.10",-
OTHERS,2025-12-07,2359.14,2382.28,2340.95,2355.74,-0.13 %,"363,299,512.70",-
OTHERS,2025-12-03,2380.92,2401.94,2353.2,2358.72,-0.53 %,"437,981,759.50",-
OTHERS,2025-12-02,2351.72,2393.26,2351.72,2371.38,0.00 %,"255,670,150.60",-
OTHERS,2025-12-01,2375.98,2391.0,2360.02,2371.3,-0.18 %,"353,382,026.10",-
OTHERS,2025-11-30,2391.13,2423.26,2361.88,2375.66,-1.04 %,"443,532,756.50",-
OTHERS,2025-11-27,2430.69,2430.69,2390.45,2400.69,-0.05 %,"373,118,460.00",-
OTHERS,2025-11-26,2400.83,2410.06,2375.76,2402.0,0.46 %,"382,313,085.10",-
OTHERS,2025-11-25,2389.62,2400.87,2367.06,2391.03,0.50 %,"459,344,878.30",-
OTHERS,2025-11-24,2349.29,2380.87,2343.1,2379.15,1.65 %,"519,200,042.50",-
OTHERS,2025-11-23,2312.42,2365.61,2312.25,2340.44,1.19 %,"396,352,919.00",-
OTHERS,2025-11-20,2306.05,2322.33,2295.73,2312.97,0.30 %,"263,705,955.90",-
OTHERS,2025-11-19,2323.53,2330.02,2294.96,2306.05,-0.33 %,"231,779,850.30",-
OTHERS,2025-11-18,2283.7,2345.68,2283.69,2313.68,0.54 %,"180,036,069.70",-
OTHERS,2025-11-17,2334.93,2334.97,2295.92,2301.34,-0.50 %,"145,287,409.90",-
OTHERS,2025-11-16,2314.81,2342.97,2277.77,2312.88,0.73 %,"297,699,083.60",-
OTHERS,2025-11-13,2293.07,2328.39,2289.34,2296.15,-0.25 %,"164,327,913.40",-
OTHERS,2025-11-12,2324.73,2355.36,2298.36,2301.88,-1.34 %,"151,304,912.00",-
OTHERS,2025-11-11,2373.95,2380.48,2329.83,2333.07,-0.68 %,"124,021,959.60",-
OTHERS,2025-11-10,2383.68,2383.68,2328.56,2349.01,-0.30 %,"246,828,000.50",-
OTHERS,2025-11-09,2368.16,2368.24,2313.44,2356.03,-0.13 %,"371,308,126.30",-
OTHERS,2025-11-06,2369.9,2387.54,2342.24,2359.07,-0.62 %,"226,906,121.80",-
OTHERS,2025-11-05,2372.37,2389.89,2347.02,2373.8,0.45 %,"268,212,715.40",-
OTHERS,2025-11-04,2413.08,2413.08,2352.65,2363.28,-1.81 %,"421,008,594.80",-
OTHERS,2025-11-03,2387.6,2429.9,2370.38,2406.94,0.43 %,"439,171,832.50",-
OTHERS,2025-11-02,2395.47,2411.35,2350.42,2396.68,1.23 %,"461,784,735.00",-
OTHERS,2025-10-30,2346.82,2397.59,2317.01,2367.5,1.06 %,"529,128,128.40",-
OTHERS,2025-10-29,2361.7,2392.42,2325.15,2342.65,-1.21 %,"401,801,505.90",-
OTHERS,2025-10-28,2326.68,2399.36,2308.6,2371.33,1.92 %,"378,313,788.10",-
OTHERS,2025-10-26,2266.19,2335.88,2238.89,2326.67,3.06 %,"438,668,126.10",-
OTHERS,2025-10-19,2240.24,2281.44,2221.02,2257.65,1.17 %,"406,671,659.30",-
OTHERS,2025-10-16,2273.1,2299.99,2212.48,2231.59,-2.22 %,"274,228,791.90",-
OTHERS,2025-10-15,2310.5,2328.06,2270.83,2282.2,-1.22 %,"400,443,454.00",-
OTHERS,2025-10-14,2292.19,2323.31,2270.51,2310.5,0.80 %,"519,301,152.00",-
OTHERS,2025-10-13,2213.71,2301.57,2157.87,2292.18,5.02 %,"493,739,307.20",-
OTHERS,2025-10-12,2307.33,2307.33,2172.24,2182.68,-4.79 %,"707,988,784.10",-
OTHERS,2025-10-09,2292.55,2407.48,2278.6,2292.52,0.24 %,"473,617,135.00",-
OTHERS,2025-10-08,2342.03,2350.82,2250.8,2287.05,-1.24 %,"496,716,871.40",-
OTHERS,2025-10-07,2433.99,2448.45,2315.75,2315.8,-4.83 %,"376,913,124.80",-
OTHERS,2025-09-28,2439.67,2465.56,2430.1,2433.43,-0.14 %,"221,233,992.20",-
OTHERS,2025-09-25,2438.59,2471.68,2417.35,2436.88,-0.50 %,"461,360,411.80",-
OTHERS,2025-09-24,2513.39,2516.6,2434.05,2449.11,-2.16 %,"369,749,550.80",-
OTHERS,2025-09-23,2454.43,2510.66,2429.17,2503.22,2.51 %,"631,664,750.60",-
OTHERS,2025-09-21,2370.25,2484.74,2276.24,2441.82,1.53 %,"1,444,313,338.80",-
OTHERS,2025-09-18,2581.6,2581.6,2366.86,2404.98,-7.48 %,"29,337,846.80",-
OTHERS,2025-09-08,2641.47,2649.52,2589.6,2599.44,-1.38 %,"632,028,687.40",-
OTHERS,2025-09-07,2633.69,2673.5,2633.69,2635.84,-0.33 %,"531,557,864.50",-
OTHERS,2025-09-04,2646.86,2685.4,2623.71,2644.55,-0.51 %,"636,353,685.00",-
OTHERS,2025-09-03,2676.43,2690.19,2654.36,2658.0,-0.27 %,"623,171,251.50",-
OTHERS,2025-09-02,2683.98,2822.31,2663.38,2665.28,-0.53 %,"539,104,634.20",-
OTHERS,2025-09-01,2673.87,2719.31,2668.78,2679.6,-0.04 %,"621,377,588.20",-
OTHERS,2025-08-31,2715.43,2725.34,2670.77,2680.57,-1.25 %,"1,036,386,901.90",-
OTHERS,2025-08-28,2777.04,2790.41,2702.48,2714.43,-1.70 %,"1,438,306,514.40",-
OTHERS,2025-08-27,2729.82,2767.81,2707.48,2761.49,2.14 %,"1,479,789,879.50",-
OTHERS,2025-08-26,2679.26,2706.47,2665.91,2703.55,1.43 %,"981,310,725.10",-
OTHERS,2025-08-25,2591.83,2672.07,2579.05,2665.53,2.80 %,"1,203,467,072.00",-
OTHERS,2025-08-24,2595.35,2629.85,2585.19,2593.05,-0.11 %,"616,393,397.70",-
OTHERS,2025-08-21,2630.74,2630.74,2588.57,2595.79,-0.52 %,"581,753,200.80",-
OTHERS,2025-08-20,2588.47,2635.05,2587.42,2609.45,-0.11 %,"651,391,078.00",-
OTHERS,2025-08-19,2598.72,2662.51,2598.71,2612.29,0.09 %,"521,891,480.50",-
OTHERS,2025-08-18,2625.0,2638.55,2604.6,2609.88,-0.59 %,"600,532,408.60",-
OTHERS,2025-08-17,2657.74,2681.27,2617.4,2625.31,-1.34 %,"1,300,788,382.90",-
OTHERS,2025-08-14,2635.0,2672.04,2608.07,2660.99,1.80 %,"1,005,936,060.60",-
OTHERS,2025-08-13,2624.44,2637.87,2607.01,2613.83,0.03 %,"527,156,597.05",-
OTHERS,2025-08-12,2622.21,2657.08,2607.17,2612.92,-0.63 %,"631,248,243.70",-
OTHERS,2025-08-11,2620.43,2663.59,2612.94,2629.47,0.31 %,"1,048,209,717.80",-
OTHERS,2025-08-07,2564.48,2644.53,2561.8,2621.3,1.03 %,"647,908,923.70",-
OTHERS,2025-08-06,2565.85,2629.84,2565.43,2594.5,0.44 %,"641,073,143.40",-
OTHERS,2025-08-05,2657.46,2677.64,2580.39,2583.08,-2.83 %,"1,058,090,095.20",-
OTHERS,2025-08-04,2670.6,2703.29,2608.34,2658.32,-0.45 %,"1,270,571,024.00",-
OTHERS,2025-08-03,2772.83,2773.72,2656.67,2670.34,-3.48 %,"1,656,924,858.00",-
OTHERS,2025-07-31,2809.35,2823.67,2756.21,2766.63,-0.30 %,"2,242,277,565.90",-
OTHERS,2025-07-30,2753.55,2829.29,2753.55,2774.99,0.85 %,"2,087,684,054.90",-
OTHERS,2025-07-29,2665.95,2775.35,2665.95,2751.57,2.59 %,"1,377,931,216.00",-
OTHERS,2025-07-28,2712.72,2715.07,2668.17,2682.12,-0.70 %,"1,021,920,286.70",-
OTHERS,2025-07-27,2719.98,2748.26,2697.75,2700.97,-0.87 %,"1,712,682,200.30",-
OTHERS,2025-07-24,2718.67,2741.96,2704.37,2724.6,-0.09 %,"1,096,355,891.70",-
OTHERS,2025-07-23,2688.83,2730.66,2671.53,2727.06,1.45 %,"1,474,613,650.00",-
OTHERS,2025-07-22,2603.11,2695.45,2594.14,2688.14,3.27 %,"1,486,292,859.00",-
OTHERS,2025-07-21,2572.67,2614.35,2543.98,2603.1,1.85 %,"1,613,737,868.30",-
OTHERS,2025-07-20,2499.51,2583.61,2468.89,2555.91,3.37 %,"1,716,726,986.90",-
OTHERS,2025-07-17,2345.75,2481.41,2338.54,2472.69,5.09 %,"1,226,032,329.40",-
OTHERS,2025-07-16,2344.36,2378.31,2340.06,2352.82,0.33 %,"346,145,811.40",-
OTHERS,2025-07-15,2338.51,2362.51,2336.26,2344.98,0.52 %,"249,238,392.80",-
OTHERS,2025-07-14,2361.4,2374.18,2329.01,2332.75,-1.24 %,"253,118,074.70",-
OTHERS,2025-07-13,2393.95,2415.9,2359.87,2362.1,-0.27 %,"387,147,016.80",-
OTHERS,2025-07-10,2378.78,2378.78,2356.13,2368.59,0.18 %,"339,053,531.90",-
OTHERS,2025-07-09,2338.93,2373.34,2337.55,2364.37,0.31 %,"426,841,239.50",-
OTHERS,2025-07-08,2375.68,2376.35,2333.29,2357.16,-0.78 %,"652,736,512.90",-
OTHERS,2025-07-07,2405.48,2407.16,2369.51,2375.67,-0.16 %,"1,035,230,933.30",-
OTHERS,2025-07-06,2318.56,2384.9,2314.63,2379.38,3.07 %,"936,051,669.90",-
OTHERS,2025-07-03,2290.38,2334.07,2290.38,2308.51,0.04 %,"278,441,847.60",-
OTHERS,2025-07-02,2286.72,2311.71,2282.41,2307.64,0.92 %,"179,674,944.70",-
OTHERS,2025-07-01,2275.7,2295.95,2270.63,2286.71,0.48 %,"122,025,029.50",-
OTHERS,2025-06-30,2284.02,2304.96,2272.08,2275.7,-0.36 %,"129,769,576.90",-
OTHERS,2025-06-29,2252.28,2304.93,2246.33,2284.01,1.36 %,"278,346,925.40",-
OTHERS,2025-06-26,2257.94,2279.54,2251.9,2253.37,-0.24 %,"160,735,145.90",-
OTHERS,2025-06-25,2264.38,2279.82,2253.62,2258.76,-0.21 %,"149,138,219.60",-
OTHERS,2025-06-24,2265.59,2290.49,2260.3,2263.57,-0.11 %,"147,999,306.70",-
OTHERS,2025-06-23,2268.75,2288.63,2258.63,2266.1,-0.20 %,"193,987,632.20",-
OTHERS,2025-06-22,2283.88,2290.07,2268.69,2270.58,-0.62 %,"254,580,379.30",-
OTHERS,2025-06-19,2285.39,2332.69,2282.85,2284.75,-1.12 %,"466,838,200.00",-
OTHERS,2025-06-18,2306.98,2326.45,2300.73,2310.64,0.20 %,"197,260,708.50",-
OTHERS,2025-06-17,2310.55,2332.74,2304.18,2306.07,-0.16 %,"142,452,291.30",-
OTHERS,2025-06-16,2301.95,2338.37,2301.95,2309.72,-0.33 %,"236,962,678.30",-
OTHERS,2025-06-15,2329.48,2347.27,2313.64,2317.37,-0.46 %,"270,461,560.60",-
OTHERS,2025-06-12,2334.63,2355.01,2318.82,2328.17,-0.29 %,"349,648,392.60",-
OTHERS,2025-06-11,2373.05,2376.0,2331.42,2335.04,-1.58 %,"248,820,143.00",-
OTHERS,2025-06-10,2337.04,2384.97,2337.04,2372.49,1.52 %,"765,945,571.90",-
OTHERS,2025-06-09,2275.1,2340.58,2261.12,2337.04,2.64 %,"508,140,470.60",-
OTHERS,2025-06-08,2299.54,2310.07,2272.26,2276.98,-1.00 %,"241,911,833.20",-
OTHERS,2025-06-05,2294.01,2333.98,2294.0,2299.96,-0.67 %,"204,287,243.40",-
OTHERS,2025-06-04,2345.82,2347.95,2309.17,2315.58,-0.55 %,"190,711,949.80",-
OTHERS,2025-06-03,2323.99,2368.83,2323.98,2328.37,-0.98 %,"193,136,537.50",-
OTHERS,2025-06-02,2371.08,2371.67,2347.48,2351.43,0.37 %,"359,715,916.90",-
OTHERS,2025-05-28,2338.51,2364.49,2328.64,2342.8,-0.06 %,"249,100,720.10",-
OTHERS,2025-05-27,2350.11,2354.84,2337.89,2344.22,-0.20 %,"216,344,213.00",-
OTHERS,2025-05-26,2393.37,2406.76,2342.81,2348.99,-0.48 %,"340,392,432.60",-
OTHERS,2025-05-25,2381.6,2389.13,2357.86,2360.36,-0.46 %,"303,080,733.20",-
OTHERS,2025-05-22,2389.6,2393.65,2350.03,2371.26,-0.13 %,"715,223,533.70",-
OTHERS,2025-05-21,2435.87,2445.3,2353.51,2374.4,-0.63 %,"796,871,138.40",-
OTHERS,2025-05-20,2369.46,2391.64,2346.33,2389.51,0.84 %,"460,864,920.20",-
OTHERS,2025-05-19,2359.01,2406.58,2323.35,2369.52,0.45 %,"988,386,653.90",-
OTHERS,2025-05-18,2247.93,2363.02,2247.93,2359.01,4.19 %,"1,177,928,878.90",-
OTHERS,2025-05-15,2291.65,2309.22,2255.44,2264.06,-1.14 %,"230,141,683.80",-
OTHERS,2025-05-14,2227.6,2316.02,2225.08,2290.27,2.47 %,"546,596,393.00",-
OTHERS,2025-05-13,2265.59,2273.87,2231.39,2235.15,-0.61 %,"250,385,205.20",-
OTHERS,2025-05-11,2266.85,2310.38,2243.97,2248.78,-1.50 %,"336,285,534.50",-
OTHERS,2025-05-08,2325.15,2338.54,2277.25,2282.99,-1.81 %,"229,384,030.60",-
OTHERS,2025-05-07,2270.03,2332.53,2260.87,2325.14,2.43 %,"338,722,543.40",-
OTHERS,2025-05-06,2289.95,2336.46,2264.98,2269.95,-1.58 %,"369,704,795.60",-
OTHERS,2025-05-05,2295.23,2333.75,2295.23,2306.44,-0.23 %,"255,605,495.10",-
OTHERS,2025-05-04,2313.87,2350.08,2309.5,2311.68,-0.02 %,"326,576,185.10",-
OTHERS,2025-04-30,2322.0,2360.55,2310.63,2312.2,-1.17 %,"373,661,295.40",-
OTHERS,2025-04-29,2345.22,2388.65,2332.53,2339.46,-0.75 %,"344,493,729.70",-
OTHERS,2025-04-28,2345.93,2400.88,2345.93,2357.2,-0.22 %,"382,320,552.20",-
OTHERS,2025-04-27,2365.38,2401.82,2355.74,2362.35,-0.57 %,"492,595,359.70",-
OTHERS,2025-04-24,2379.25,2392.39,2357.5,2375.95,-0.14 %,"322,703,837.60",-
OTHERS,2025-04-23,2420.71,2426.57,2371.24,2379.25,-1.50 %,"503,173,176.30",-
OTHERS,2025-04-22,2346.65,2428.82,2340.54,2415.53,2.22 %,"771,089,202.50",-
OTHERS,2025-04-21,2369.39,2407.71,2358.01,2363.16,-1.00 %,"472,577,655.70",-
OTHERS,2025-04-20,2412.14,2441.49,2383.25,2387.05,-1.04 %,"379,787,412.10",-
OTHERS,2025-04-17,2419.85,2442.98,2396.33,2412.13,0.37 %,"647,029,507.20",-
OTHERS,2025-04-16,2432.33,2451.3,2397.8,2403.19,-1.08 %,"480,154,026.30",-
OTHERS,2025-04-15,2446.12,2460.28,2419.52,2429.35,0.62 %,"502,987,332.40",-
OTHERS,2025-04-13,2434.07,2446.91,2406.46,2414.46,-0.81 %,"611,941,160.60",-
OTHERS,2025-04-10,2476.06,2478.75,2429.91,2434.06,-0.91 %,"510,690,130.90",-
OTHERS,2025-04-09,2444.15,2484.74,2444.14,2456.34,0.37 %,"533,657,653.30",-
OTHERS,2025-04-08,2491.39,2491.39,2422.71,2447.29,-0.58 %,"690,364,567.70",-
OTHERS,2025-04-07,2473.46,2503.06,2454.2,2461.46,-0.45 %,"879,896,389.80",-
OTHERS,2025-04-03,2437.0,2492.25,2422.9,2472.47,1.46 %,"1,356,846,387.30",-
OTHERS,2025-04-02,2457.12,2460.57,2419.54,2436.99,0.35 %,"576,193,571.00",-
OTHERS,2025-04-01,2462.37,2473.75,2412.06,2428.45,-1.40 %,"962,825,073.30",-
OTHERS,2025-03-30,2412.13,2498.75,2397.65,2462.82,2.09 %,"1,261,055,677.30",-
OTHERS,2025-03-27,2353.53,2418.02,2353.52,2412.5,1.74 %,"831,557,520.90",-
OTHERS,2025-03-26,2322.44,2385.84,2313.5,2371.17,2.10 %,"771,527,490.10",-
OTHERS,2025-03-25,2401.35,2401.35,2320.11,2322.44,-1.82 %,"514,461,274.70",-
OTHERS,2025-03-24,2330.6,2376.79,2313.04,2365.56,1.50 %,"496,940,735.70",-
OTHERS,2025-03-23,2371.54,2379.54,2327.88,2330.59,-1.73 %,"835,015,987.20",-
OTHERS,2025-03-20,2385.64,2401.59,2366.15,2371.54,-0.59 %,"563,498,837.50",-
OTHERS,2025-03-19,2397.92,2417.48,2368.71,2385.63,-0.51 %,"517,567,677.20",-
OTHERS,2025-03-18,2412.16,2425.89,2383.82,2397.91,0.11 %,"543,650,800.30",-
OTHERS,2025-03-17,2427.22,2438.61,2391.9,2395.23,-0.56 %,"801,606,863.20",-
OTHERS,2025-03-16,2446.16,2464.65,2380.49,2408.75,-1.53 %,"1,011,020,880.20",-
OTHERS,2025-03-12,2408.24,2453.98,2396.24,2446.15,1.57 %,"1,010,299,218.80",-
OTHERS,2025-03-11,2450.05,2477.48,2402.12,2408.23,-1.69 %,"1,190,104,495.90",-
OTHERS,2025-03-10,2449.15,2492.71,2439.05,2449.57,0.08 %,"1,552,524,050.90",-
OTHERS,2025-03-09,2513.95,2514.3,2442.96,2447.5,-2.69 %,"1,852,466,167.90",-
OTHERS,2025-03-06,2551.86,2563.1,2508.28,2515.19,-0.71 %,"2,297,537,155.40",-
OTHERS,2025-03-05,2555.77,2575.72,2530.18,2533.26,-0.77 %,"1,969,881,733.00",-
OTHERS,2025-03-04,2576.69,2624.37,2548.98,2552.88,-0.06 %,"1,998,386,994.24",-
OTHERS,2025-03-03,2531.54,2580.7,2513.43,2554.47,1.68 %,"2,484,388,157.30",-
OTHERS,2025-03-02,2501.43,2521.5,2450.41,2512.24,1.51 %,"2,011,840,496.60",-
OTHERS,2025-02-27,2480.26,2501.84,2457.97,2474.87,1.01 %,"1,849,528,994.30",-
OTHERS,2025-02-25,2386.35,2463.38,2386.34,2450.05,2.90 %,"1,964,795,305.70",-
OTHERS,2025-02-24,2338.55,2405.61,2328.22,2380.94,2.50 %,"1,882,449,654.20",-
OTHERS,2025-02-23,2195.6,2337.24,2189.05,2322.79,3.72 %,"1,782,439,514.44",-
OTHERS,2025-02-20,2229.57,2245.82,2193.72,2239.45,0.58 %,"1,165,767,461.30",-
OTHERS,2025-02-18,2146.16,2230.87,2146.16,2226.62,3.69 %,"1,575,472,679.00",-
OTHERS,2025-02-17,2081.81,2150.74,2081.81,2147.39,2.44 %,"670,850,544.50",-
OTHERS,2025-02-16,2088.23,2104.66,2083.34,2096.26,0.39 %,"277,972,158.20",-
OTHERS,2025-02-13,2096.08,2100.31,2081.91,2088.22,-0.09 %,"385,111,732.80",-
OTHERS,2025-02-12,2082.24,2110.1,2080.74,2090.14,-0.47 %,"344,878,600.00",-
OTHERS,2025-02-11,2101.05,2119.94,2091.68,2100.04,-0.02 %,"364,244,611.20",-
OTHERS,2025-02-10,2085.84,2113.21,2085.83,2100.44,0.23 %,"563,991,136.10",-
OTHERS,2025-02-09,2124.5,2129.72,2092.56,2095.52,-1.31 %,"385,098,601.80",-
OTHERS,2025-02-06,2141.96,2141.95,2108.01,2123.28,-0.90 %,"474,580,021.10",-
OTHERS,2025-02-05,2145.76,2150.32,2126.81,2142.48,0.28 %,"578,491,942.50",-
OTHERS,2025-02-04,2113.7,2168.89,2113.69,2136.43,0.44 %,"684,586,830.40",-
OTHERS,2025-02-03,2140.59,2172.1,2117.34,2127.15,-0.61 %,"585,901,715.70",-
OTHERS,2025-02-02,2086.15,2140.29,2086.14,2140.16,2.64 %,"725,247,700.40",-
OTHERS,2025-01-28,2055.07,2086.37,2052.47,2085.12,1.75 %,"612,702,291.60",-
OTHERS,2025-01-27,2084.13,2096.78,2037.53,2049.35,-1.67 %,"562,580,526.60",-
OTHERS,2025-01-26,2097.53,2112.33,2070.7,2084.13,0.04 %,"692,512,363.80",-
OTHERS,2025-01-23,2103.57,2106.56,2057.46,2083.29,-0.36 %,"484,280,737.10",-
OTHERS,2025-01-22,2017.72,2099.29,2008.03,2090.74,4.25 %,"862,958,771.70",-
OTHERS,2025-01-21,1951.01,2008.82,1949.51,2005.58,2.80 %,"447,178,779.20",-
OTHERS,2025-01-20,1910.14,1969.16,1909.2,1951.01,2.14 %,"382,610,212.00",-
OTHERS,2025-01-19,1904.43,1919.27,1895.26,1910.14,0.31 %,"210,453,968.90",-
OTHERS,2025-01-16,1898.16,1922.29,1889.5,1904.28,0.32 %,"179,578,430.40",-
OTHERS,2025-01-15,1897.38,1925.01,1889.14,1898.15,0.04 %,"155,440,663.40",-
OTHERS,2025-01-13,1910.33,1923.99,1886.19,1897.38,-0.68 %,"193,734,001.40",-
OTHERS,2025-01-12,1949.06,1949.05,1907.44,1910.32,-0.61 %,"138,814,699.40",-
OTHERS,2025-01-09,1939.39,1939.39,1919.89,1921.96,-0.44 %,"134,026,712.50",-
OTHERS,2025-01-08,1959.24,1968.49,1925.21,1930.47,-0.27 %,"92,790,125.40",-
OTHERS,2025-01-07,1967.5,1967.49,1914.71,1935.6,-0.18 %,"169,593,133.60",-
OTHERS,2025-01-06,1940.34,1942.71,1899.97,1939.12,1.76 %,"125,600,601.20",-
OTHERS,2025-01-05,1903.71,1908.92,1886.08,1905.65,0.10 %,"100,460,228.70",-
OTHERS,2025-01-02,1921.77,1921.77,1900.2,1903.71,-1.84 %,"99,021,305.90",-
OTHERS,2025-01-01,1965.34,1965.33,1934.88,1939.44,-0.42 %,"117,595,373.40",-
OTHERS,2024-12-31,1954.97,1954.96,1922.38,1947.57,0.06 %,"132,217,310.60",-
OTHERS,2024-12-29,1940.61,1953.19,1935.19,1946.37,0.30 %,"108,036,844.50",-
OTHERS,2024-12-26,1943.75,1953.48,1933.95,1940.61,-0.16 %,"103,945,065.80",-
OTHERS,2024-12-24,1934.26,1958.42,1932.5,1943.75,0.49 %,"97,643,125.40",-
OTHERS,2024-12-23,1922.14,1942.84,1915.0,1934.25,0.63 %,"88,146,874.80",-
OTHERS,2024-12-22,1947.07,1966.35,1922.14,1922.14,-0.37 %,"115,662,428.10",-
OTHERS,2024-12-19,1938.8,1962.17,1921.9,1929.31,-0.93 %,"110,760,552.40",-
OTHERS,2024-12-18,1954.85,1990.93,1944.23,1947.44,-0.38 %,"112,714,754.40",-
OTHERS,2024-12-17,1952.3,1969.16,1941.63,1954.85,0.13 %,"88,323,781.20",-
OTHERS,2024-12-16,1999.5,1999.49,1946.7,1952.29,-1.46 %,"219,151,633.90",-
OTHERS,2024-12-12,2010.2,2017.77,1980.46,1981.19,-0.99 %,"132,860,539.20",-
OTHERS,2024-12-11,1989.47,2017.0,1984.33,2000.94,0.58 %,"103,099,209.00",-
OTHERS,2024-12-10,1988.01,2039.28,1982.31,1989.47,-0.01 %,"84,627,544.00",-
OTHERS,2024-12-09,1987.4,2014.09,1975.38,1989.63,0.11 %,"117,054,791.80",-
OTHERS,2024-12-08,2003.81,2063.06,1978.85,1987.39,-0.82 %,"172,777,116.90",-
OTHERS,2024-12-05,2013.52,2036.68,2000.78,2003.8,-0.48 %,"189,636,245.20",-
OTHERS,2024-12-04,2066.26,2066.26,2013.51,2013.51,-0.75 %,"184,938,107.20",-
OTHERS,2024-12-03,2054.68,2055.76,2011.21,2028.63,0.27 %,"168,141,943.20",-
OTHERS,2024-12-02,2043.11,2054.09,2018.22,2023.15,-0.36 %,"172,429,131.80",-
OTHERS,2024-12-01,2072.32,2072.32,2026.83,2030.55,-1.35 %,"226,657,687.10",-
OTHERS,2024-11-28,2087.95,2108.67,2054.75,2058.43,-1.41 %,"165,239,191.60",-
OTHERS,2024-11-27,2068.7,2142.78,2068.69,2087.94,0.56 %,"175,929,918.30",-
OTHERS,2024-11-26,2071.79,2124.1,2052.81,2076.26,1.68 %,"175,586,670.30",-
OTHERS,2024-11-25,2016.67,2124.68,2008.36,2041.92,1.69 %,"196,044,818.90",-
OTHERS,2024-11-24,2022.62,2046.42,2007.02,2008.08,-0.72 %,"185,009,191.90",-
OTHERS,2024-11-21,2052.19,2069.39,2021.94,2022.62,-1.67 %,"219,420,707.20",-
OTHERS,2024-11-20,2058.42,2067.74,2044.38,2057.01,-0.08 %,"208,305,151.10",-
OTHERS,2024-11-19,2107.57,2111.16,2055.43,2058.64,-1.59 %,"303,633,401.40",-
OTHERS,2024-11-17,2099.49,2145.79,2084.7,2091.84,0.11 %,"333,767,756.20",-
OTHERS,2024-11-14,2075.67,2103.56,2072.42,2089.51,0.63 %,"289,528,054.00",-
OTHERS,2024-11-13,2093.68,2100.74,2072.11,2076.37,-0.83 %,"179,622,864.00",-
OTHERS,2024-11-12,2134.96,2144.39,2077.14,2093.67,-1.19 %,"239,242,653.70",-
OTHERS,2024-11-11,2113.86,2209.29,2097.44,2118.84,0.21 %,"428,172,720.20",-
OTHERS,2024-11-10,2072.72,2150.58,2067.52,2114.34,2.53 %,"380,394,792.60",-
OTHERS,2024-11-06,2064.69,2087.21,2058.76,2062.26,-0.14 %,"101,550,476.50",-
OTHERS,2024-11-05,2059.68,2085.16,2054.41,2065.17,0.25 %,"85,978,997.60",-
OTHERS,2024-10-30,2074.82,2099.13,2057.44,2060.08,-0.74 %,"137,276,845.90",-
OTHERS,2024-10-29,2042.82,2077.71,2042.82,2075.45,1.58 %,"189,267,979.30",-
OTHERS,2024-10-28,2031.81,2055.55,2031.8,2043.26,0.54 %,"117,891,015.90",-
OTHERS,2024-10-27,2038.79,2049.11,2028.22,2032.23,-0.32 %,"101,926,327.30",-
OTHERS,2024-10-24,2052.27,2059.32,2036.35,2038.79,-0.66 %,"147,450,467.60",-
OTHERS,2024-10-23,2073.09,2091.0,2049.32,2052.27,-0.45 %,"147,832,554.50",-
OTHERS,2024-10-22,2040.77,2071.71,2032.71,2061.6,1.02 %,"189,366,959.50",-
OTHERS,2024-10-21,2090.63,2094.0,2037.06,2040.76,-2.39 %,"322,994,494.50",-
OTHERS,2024-10-20,2119.53,2123.72,2071.34,2090.63,-1.50 %,"402,459,692.50",-
OTHERS,2024-10-17,2114.79,2169.18,2108.9,2122.48,0.36 %,"369,396,630.70",-
OTHERS,2024-10-16,2102.73,2132.11,2090.1,2114.79,0.57 %,"266,479,293.20",-
OTHERS,2024-10-15,2077.5,2109.71,2077.5,2102.72,1.21 %,"169,552,986.30",-
OTHERS,2024-10-09,2067.55,2095.64,2052.36,2077.5,0.47 %,"217,137,852.80",-
OTHERS,2024-10-08,2091.26,2111.7,2057.61,2067.84,-1.10 %,"197,838,304.60",-
OTHERS,2024-10-07,2037.08,2107.15,2026.42,2090.81,2.61 %,"403,025,454.40",-
OTHERS,2024-10-06,2004.55,2037.53,1982.78,2037.53,1.63 %,"199,250,434.00",-
OTHERS,2024-10-02,2010.83,2083.21,1987.61,2004.94,-0.03 %,"364,270,920.10",-
OTHERS,2024-10-01,1915.61,2021.03,1915.6,2005.59,4.68 %,"381,610,906.80",-
OTHERS,2024-09-30,1871.53,1916.0,1871.52,1916.0,2.38 %,"144,945,632.60",-
OTHERS,2024-09-29,1882.7,1897.53,1856.49,1871.52,-1.03 %,"186,631,124.20",-
OTHERS,2024-09-26,1901.06,1932.78,1886.98,1890.91,-0.98 %,"189,528,810.80",-
OTHERS,2024-09-25,1882.56,1933.99,1857.89,1909.58,1.76 %,"208,584,942.00",-
OTHERS,2024-09-24,1929.99,1943.71,1868.28,1876.58,-2.80 %,"263,661,224.40",-
OTHERS,2024-09-23,1974.06,1976.19,1915.87,1930.57,-2.22 %,"244,748,959.70",-
OTHERS,2024-09-22,2001.1,2038.15,1963.84,1974.5,0.42 %,"197,910,546.60",-
OTHERS,2024-09-18,1978.42,1991.97,1957.08,1966.3,-0.63 %,"231,489,018.20",-
OTHERS,2024-09-16,2025.85,2038.0,1968.6,1978.85,-2.33 %,"284,272,606.00",-
OTHERS,2024-09-15,2072.98,2103.03,2016.24,2026.15,-2.24 %,"459,622,584.20",-
OTHERS,2024-09-12,2025.23,2075.13,1994.77,2072.53,3.82 %,"415,571,300.00",-
OTHERS,2024-09-11,2011.81,2031.83,1990.85,1996.22,-0.47 %,"258,941,796.30",-
OTHERS,2024-09-10,2014.37,2064.7,1995.67,2005.68,-0.45 %,"382,615,994.90",-
OTHERS,2024-09-09,2052.07,2074.27,2013.11,2014.72,-1.83 %,"553,710,255.10",-
OTHERS,2024-09-08,2081.96,2100.63,2048.45,2052.29,-1.32 %,"355,526,829.40",-
OTHERS,2024-09-05,2079.48,2091.53,2045.12,2079.7,-0.01 %,"477,034,945.90",-
OTHERS,2024-09-04,2201.48,2201.48,2077.98,2079.94,-3.78 %,"493,977,077.50",-
OTHERS,2024-09-03,2174.56,2194.79,2154.33,2161.66,-0.19 %,"464,346,277.20",-
OTHERS,2024-09-02,2095.95,2183.83,2069.16,2165.7,4.15 %,"567,949,737.00",-
OTHERS,2024-09-01,2101.5,2174.22,2068.75,2079.44,-1.05 %,"581,537,882.70",-
OTHERS,2024-08-29,2133.65,2140.14,2084.07,2101.49,-0.53 %,"598,168,127.50",-
OTHERS,2024-08-28,2110.19,2195.35,2091.51,2112.67,0.09 %,"622,413,500.20",-
OTHERS,2024-08-27,2212.39,2219.95,2106.76,2110.68,-3.86 %,"996,140,096.70",-
OTHERS,2024-08-25,2292.26,2292.26,2190.96,2195.4,-3.55 %,"1,043,707,975.70",-
OTHERS,2024-08-22,2296.87,2324.87,2270.56,2276.31,-0.30 %,"742,202,107.60",-
OTHERS,2024-08-21,2276.33,2315.83,2261.23,2283.19,0.19 %,"975,753,825.70",-
OTHERS,2024-08-18,2364.89,2369.13,2269.04,2278.94,-3.05 %,"1,359,964,397.10",-
OTHERS,2024-08-15,2407.58,2420.43,2345.95,2350.52,-2.31 %,"1,502,230,991.60",-
OTHERS,2024-08-14,2401.96,2482.45,2370.94,2405.99,0.83 %,"1,301,712,420.90",-
OTHERS,2024-08-13,2422.28,2449.28,2366.8,2386.07,-0.75 %,"1,097,657,178.50",-
OTHERS,2024-08-12,2410.92,2433.53,2357.1,2404.07,1.01 %,"1,765,393,557.40",-
OTHERS,2024-08-11,2323.85,2399.46,2310.33,2380.01,2.14 %,"2,237,973,427.40",-
OTHERS,2024-08-08,2358.11,2447.88,2316.51,2321.7,-0.56 %,"1,657,534,131.80",-
OTHERS,2024-08-07,2183.25,2336.02,2165.14,2334.75,7.89 %,"2,130,452,089.30",-
OTHERS,2024-08-06,2201.81,2309.05,2155.88,2164.01,-1.32 %,"2,461,592,667.20",-
OTHERS,2024-08-05,2096.38,2194.51,2068.13,2192.99,5.73 %,"1,923,330,628.40",-
OTHERS,2024-08-01,2107.05,2127.26,2060.08,2074.07,-0.23 %,"1,103,279,444.40",-
OTHERS,2024-07-31,2003.35,2111.44,2003.35,2078.75,4.00 %,"1,436,096,928.40",-
OTHERS,2024-07-30,1930.5,2015.17,1900.5,1998.81,3.52 %,"1,167,406,567.60",-
OTHERS,2024-07-29,1942.96,1966.26,1907.63,1930.8,-0.03 %,"656,248,415.30",-
OTHERS,2024-07-28,1896.61,1962.97,1882.72,1931.36,3.20 %,"602,685,961.40",-
OTHERS,2024-07-25,1884.31,1888.17,1862.87,1871.5,-0.34 %,"443,498,639.20",-
OTHERS,2024-07-24,1913.34,1944.01,1863.85,1877.82,-1.90 %,"724,938,962.50",-
OTHERS,2024-07-23,1902.48,1926.12,1873.29,1914.21,1.73 %,"544,436,352.50",-
OTHERS,2024-07-22,1855.02,1917.93,1835.14,1881.64,1.44 %,"734,497,553.00",-
OTHERS,2024-07-21,1794.7,1872.2,1787.3,1855.01,3.38 %,"698,702,615.80",-
OTHERS,2024-07-18,1757.47,1857.15,1751.61,1794.28,2.30 %,"572,356,554.00",-
OTHERS,2024-07-17,1747.04,1760.02,1730.07,1753.89,1.36 %,"404,588,371.90",-
OTHERS,2024-07-16,1694.53,1734.7,1688.38,1730.33,2.11 %,"281,049,146.60",-
OTHERS,2024-07-15,1730.86,1755.42,1689.0,1694.64,-1.20 %,"358,250,784.90",-
OTHERS,2024-07-14,1714.57,1755.26,1690.58,1715.16,1.99 %,"368,854,160.90",-
OTHERS,2024-07-11,1676.9,1684.02,1662.84,1681.68,1.53 %,"346,808,722.50",-
OTHERS,2024-07-10,1648.57,1667.61,1641.3,1656.26,0.49 %,"255,352,619.50",-
OTHERS,2024-07-09,1636.49,1661.74,1633.6,1648.23,0.66 %,"195,425,896.00",-
OTHERS,2024-07-08,1645.95,1659.74,1635.27,1637.36,-0.44 %,"235,399,212.20",-
OTHERS,2024-07-07,1613.7,1654.14,1612.16,1644.56,2.14 %,"419,858,329.00",-
OTHERS,2024-07-04,1625.27,1628.16,1599.16,1609.97,0.15 %,"323,273,261.10",-
OTHERS,2024-07-03,1618.66,1622.63,1599.75,1607.56,-0.68 %,"246,598,536.40",-
OTHERS,2024-07-02,1622.05,1685.47,1604.37,1618.5,1.74 %,"262,603,562.40",-
OTHERS,2024-07-01,1593.21,1601.08,1579.64,1590.83,0.20 %,"154,510,077.30",-
OTHERS,2024-06-30,1601.9,1663.93,1586.9,1587.62,-0.95 %,"246,639,214.40",-
OTHERS,2024-06-27,1581.76,1605.25,1573.78,1602.89,0.95 %,"311,212,744.90",-
OTHERS,2024-06-26,1620.89,1623.58,1575.21,1587.79,-0.58 %,"217,454,736.40",-
OTHERS,2024-06-25,1597.02,1609.78,1594.25,1597.12,-0.02 %,"104,519,700.10",-
OTHERS,2024-06-24,1590.97,1639.55,1582.45,1597.4,0.03 %,"180,917,231.90",-
OTHERS,2024-06-23,1592.78,1689.22,1584.99,1596.85,0.25 %,"228,518,483.30",-
OTHERS,2024-06-20,1623.53,1627.07,1585.79,1592.86,-0.45 %,"164,134,987.20",-
OTHERS,2024-06-19,1598.12,1613.29,1595.04,1600.08,0.16 %,"138,123,187.20",-
OTHERS,2024-06-18,1616.27,1617.52,1593.42,1597.51,-0.77 %,"205,518,628.70",-
OTHERS,2024-06-16,1629.24,1641.81,1602.51,1609.93,-1.13 %,"262,566,094.70",-
OTHERS,2024-06-13,1647.32,1647.87,1622.15,1628.29,-0.81 %,"309,771,129.30",-
OTHERS,2024-06-12,1636.01,1656.18,1635.51,1641.62,0.34 %,"254,054,990.30",-
OTHERS,2024-06-11,1652.98,1652.97,1624.42,1636.01,0.53 %,"183,154,150.90",-
OTHERS,2024-06-10,1644.18,1644.43,1623.78,1627.37,-0.04 %,"205,654,365.60",-
OTHERS,2024-06-09,1651.5,1651.49,1623.97,1627.96,0.01 %,"247,558,972.20",-
OTHERS,2024-06-06,1630.56,1654.12,1624.98,1627.81,-0.17 %,"151,331,391.20",-
OTHERS,2024-06-05,1650.38,1656.62,1626.53,1630.55,-0.69 %,"135,495,616.10",-
OTHERS,2024-06-04,1670.26,1671.82,1640.54,1641.82,-0.24 %,"98,575,760.20",-
OTHERS,2024-06-03,1659.32,1667.46,1640.24,1645.75,-0.38 %,"188,522,763.90",-
OTHERS,2024-06-02,1644.02,1654.67,1634.13,1652.02,0.97 %,"169,297,831.00",-
OTHERS,2024-05-30,1642.16,1662.37,1630.74,1636.21,-0.82 %,"123,709,153.90",-
OTHERS,2024-05-29,1687.2,1727.83,1646.48,1649.67,-0.70 %,"243,675,621.50",-
OTHERS,2024-05-27,1653.46,1675.06,1649.78,1661.38,0.64 %,"226,804,113.40",-
OTHERS,2024-05-26,1669.52,1675.45,1650.63,1650.81,-0.89 %,"98,706,426.20",-
OTHERS,2024-05-22,1690.0,1689.99,1651.5,1665.66,-0.62 %,"192,913,228.70",-
OTHERS,2024-05-21,1669.68,1681.59,1655.04,1676.05,0.41 %,"104,015,675.80",-
OTHERS,2024-05-20,1668.25,1686.77,1663.89,1669.14,0.52 %,"171,697,203.30",-
OTHERS,2024-05-19,1646.65,1667.58,1625.0,1660.43,2.77 %,"194,038,672.40",-
OTHERS,2024-05-16,1636.65,1636.64,1599.57,1615.71,0.22 %,"134,350,985.10",-
OTHERS,2024-05-15,1632.39,1637.34,1599.51,1612.15,-0.68 %,"97,094,989.00",-
OTHERS,2024-05-14,1605.84,1623.82,1598.63,1623.2,1.08 %,"82,079,340.20",-
OTHERS,2024-05-13,1600.67,1607.91,1592.49,1605.79,0.89 %,"88,362,435.40",-
OTHERS,2024-05-12,1586.72,1605.78,1583.05,1591.68,0.70 %,"107,722,723.30",-
OTHERS,2024-05-09,1580.38,1605.5,1575.06,1580.67,0.02 %,"86,817,419.70",-
OTHERS,2024-05-08,1598.91,1604.07,1579.69,1580.38,-1.16 %,"54,882,709.50",-
OTHERS,2024-05-07,1587.68,1653.3,1584.05,1598.9,0.71 %,"93,855,278.40",-
OTHERS,2024-05-06,1623.56,1625.99,1580.14,1587.68,-1.69 %,"116,049,445.40",-
OTHERS,2024-05-05,1625.0,1633.56,1606.72,1614.9,-0.82 %,"121,191,987.50",-
OTHERS,2024-05-02,1671.4,1671.4,1625.19,1628.23,-0.79 %,"104,631,521.60",-
OTHERS,2024-04-30,1655.52,1655.52,1627.65,1641.19,0.30 %,"114,557,150.70",-
OTHERS,2024-04-29,1664.77,1664.77,1633.29,1636.2,-0.82 %,"72,336,021.20",-
OTHERS,2024-04-28,1630.26,1655.38,1626.26,1649.77,0.88 %,"70,924,145.20",-
OTHERS,2024-04-25,1641.11,1647.14,1633.99,1635.36,-0.35 %,"74,950,348.00",-
OTHERS,2024-04-24,1642.67,1653.33,1635.02,1641.1,-0.09 %,"72,629,180.00",-
OTHERS,2024-04-22,1650.87,1668.28,1639.04,1642.66,-0.50 %,"58,027,719.70",-
OTHERS,2024-04-21,1647.47,1656.19,1630.65,1650.87,0.96 %,"108,828,566.10",-
OTHERS,2024-04-18,1655.89,1664.74,1633.29,1635.2,-1.26 %,"145,133,832.90",-
OTHERS,2024-04-16,1668.11,1673.4,1648.56,1656.07,-1.08 %,"94,957,208.30",-
OTHERS,2024-04-15,1698.1,1710.98,1670.66,1674.12,-1.39 %,"115,993,203.00",-
OTHERS,2024-04-14,1704.22,1716.26,1690.15,1697.66,-0.42 %,"122,816,495.90",-
OTHERS,2024-04-10,1709.92,1727.7,1690.64,1704.76,-0.25 %,"258,876,550.50",-
OTHERS,2024-04-09,1694.52,1713.64,1673.59,1709.05,2.43 %,"278,624,935.60",-
OTHERS,2024-04-07,1670.98,1671.24,1645.41,1668.54,1.36 %,"118,427,607.70",-
OTHERS,2024-04-04,1654.78,1657.82,1643.26,1646.16,-0.48 %,"97,035,684.80",-
OTHERS,2024-04-03,1653.18,1672.96,1643.55,1654.17,-0.28 %,"93,274,640.80",-
OTHERS,2024-04-02,1674.89,1674.89,1658.7,1658.8,-0.58 %,"90,016,396.70",-
OTHERS,2024-04-01,1674.18,1681.48,1664.06,1668.46,-0.36 %,"104,133,141.70",-
OTHERS,2024-03-31,1685.73,1688.35,1671.56,1674.54,-0.72 %,"116,958,470.40",-
OTHERS,2024-03-28,1681.43,1689.26,1674.51,1686.65,0.27 %,"96,432,001.30",-
OTHERS,2024-03-27,1690.37,1705.21,1675.81,1682.05,-0.53 %,"127,000,276.30",-
OTHERS,2024-03-26,1687.41,1698.95,1681.14,1691.05,0.12 %,"107,762,507.70",-
OTHERS,2024-03-25,1698.24,1701.46,1683.13,1688.97,-0.55 %,"108,428,534.70",-
OTHERS,2024-03-21,1712.89,1726.27,1691.42,1698.24,-0.82 %,"148,119,510.58",-
OTHERS,2024-03-20,1724.13,1747.21,1710.67,1712.34,-0.68 %,"143,875,380.20",-
OTHERS,2024-03-19,1735.5,1751.7,1719.4,1724.12,-0.66 %,"162,017,835.00",-
OTHERS,2024-03-18,1729.27,1748.6,1709.74,1735.5,0.38 %,"140,291,133.60",-
OTHERS,2024-03-17,1747.4,1758.43,1728.24,1728.99,-1.07 %,"153,014,398.10",-
OTHERS,2024-03-14,1764.08,1764.07,1734.91,1747.67,-0.93 %,"190,464,345.00",-
OTHERS,2024-03-13,1782.6,1782.6,1739.03,1764.07,0.47 %,"334,173,919.30",-
OTHERS,2024-03-12,1727.57,1760.38,1722.89,1755.85,1.64 %,"273,338,173.90",-
OTHERS,2024-03-10,1722.66,1742.44,1718.3,1727.57,0.29 %,"148,697,230.10",-
OTHERS,2024-03-07,1714.63,1735.97,1710.39,1722.65,0.69 %,"150,251,818.40",-
OTHERS,2024-03-06,1691.67,1722.78,1679.11,1710.83,1.17 %,"270,673,311.00",-
OTHERS,2024-03-05,1773.36,1773.9,1690.19,1690.98,-4.36 %,"239,268,769.60",-
OTHERS,2024-03-04,1672.64,1781.57,1672.64,1768.01,6.76 %,"36,639,850.00",-
OTHERS,2024-03-03,1672.79,1691.5,1652.62,1656.12,-1.03 %,"144,587,382.20",-
OTHERS,2024-02-29,1699.3,1704.98,1672.96,1673.29,-1.51 %,"166,509,698.00",-
OTHERS,2024-02-28,1696.41,1710.58,1692.06,1698.94,0.15 %,"140,433,864.30",-
OTHERS,2024-02-27,1697.33,1711.92,1686.44,1696.4,-0.05 %,"131,348,464.70",-
OTHERS,2024-02-26,1684.56,1703.03,1678.32,1697.32,0.76 %,"169,120,180.70",-
OTHERS,2024-02-25,1709.14,1721.91,1676.23,1684.56,-1.44 %,"239,422,671.80",-
OTHERS,2024-02-22,1740.69,1750.84,1703.32,1709.14,-0.90 %,"262,242,750.90",-
OTHERS,2024-02-21,1739.47,1759.66,1718.6,1724.7,-0.88 %,"177,348,136.60",-
OTHERS,2024-02-20,1720.99,1750.45,1714.02,1739.98,1.10 %,"390,757,452.70",-
OTHERS,2024-02-18,1737.22,1747.13,1712.94,1720.97,-1.33 %,"499,088,352.30",-
OTHERS,2024-02-15,1773.84,1781.19,1740.42,1744.13,-1.62 %,"305,152,238.00",-
OTHERS,2024-02-14,1767.89,1819.37,1742.35,1772.85,1.07 %,"245,842,360.90",-
OTHERS,2024-02-13,1794.94,1794.94,1748.86,1754.04,-2.28 %,"468,718,105.60",-
OTHERS,2024-02-12,1798.48,1805.73,1779.36,1794.88,-0.05 %,"317,265,963.10",-
OTHERS,2024-02-11,1809.35,1835.56,1791.11,1795.82,-0.02 %,"752,072,658.50",-
OTHERS,2024-02-08,1824.08,1830.78,1788.15,1796.24,-0.66 %,"264,677,362.90",-
OTHERS,2024-02-07,1834.39,1843.51,1807.16,1808.18,-1.54 %,"334,018,373.20",-
OTHERS,2024-02-06,1828.97,1849.42,1780.91,1836.54,-0.55 %,"538,073,162.90",-
OTHERS,2024-02-05,1765.1,1851.37,1763.27,1846.73,4.68 %,"271,559,274.10",-
OTHERS,2024-02-04,1782.78,1785.32,1755.47,1764.1,-1.05 %,"448,480,146.40",-
OTHERS,2024-02-01,1832.72,1833.81,1779.45,1782.77,-2.01 %,"744,734,545.80",-
OTHERS,2024-01-31,1833.35,1875.15,1797.05,1819.33,-0.65 %,"972,086,229.70",-
OTHERS,2024-01-30,1781.96,1860.68,1781.95,1831.15,3.57 %,"1,049,962,002.80",-
OTHERS,2024-01-29,1744.18,1786.7,1744.17,1768.07,1.64 %,"781,011,347.80",-
OTHERS,2024-01-28,1718.39,1744.0,1707.6,1739.54,1.33 %,"494,810,797.90",-
OTHERS,2024-01-25,1726.35,1742.91,1707.27,1716.72,-0.56 %,"438,795,698.70",-
OTHERS,2024-01-24,1736.72,1771.24,1724.37,1726.34,-0.57 %,"388,246,443.70",-
OTHERS,2024-01-23,1725.99,1751.22,1720.24,1736.26,0.57 %,"722,213,019.40",-
OTHERS,2024-01-22,1751.3,1757.14,1721.66,1726.5,-1.81 %,"1,062,536,902.60",-
OTHERS,2024-01-21,1741.08,1792.81,1741.08,1758.35,1.38 %,"925,550,239.10",-
OTHERS,2024-01-18,1702.94,1751.17,1663.91,1734.4,1.30 %,"2,254,358,599.20",-
OTHERS,2024-01-17,1685.81,1754.44,1685.81,1712.13,1.94 %,"1,159,244,284.40",-
OTHERS,2024-01-16,1642.77,1690.3,1642.77,1679.53,2.63 %,"206,546,774.90",-
OTHERS,2024-01-14,1606.97,1651.55,1606.96,1636.52,2.78 %,"130,520,276.00",-
OTHERS,2024-01-11,1593.02,1629.29,1590.71,1592.27,0.24 %,"100,664,013.20",-
OTHERS,2024-01-10,1558.43,1608.6,1558.43,1588.39,2.21 %,"134,921,576.80",-
OTHERS,2024-01-09,1529.97,1573.16,1529.96,1554.04,1.90 %,"184,315,709.00",-
OTHERS,2024-01-08,1498.91,1532.87,1490.5,1525.1,2.57 %,"144,670,591.50",-
OTHERS,2024-01-07,1515.98,1517.25,1480.01,1486.87,-1.86 %,"156,430,538.60",-
OTHERS,2024-01-04,1553.91,1557.82,1514.42,1515.11,-3.70 %,"235,188,454.90",-
OTHERS,2024-01-03,1550.48,1578.23,1550.47,1573.32,1.52 %,"189,232,726.80",-
OTHERS,2024-01-02,1560.54,1570.34,1548.73,1549.72,-0.67 %,"114,936,825.10",-
OTHERS,2024-01-01,1566.37,1600.95,1554.95,1560.15,-0.33 %,"160,477,041.30",-
OTHERS,2023-12-28,1567.67,1586.7,1558.39,1565.3,-0.10 %,"124,516,373.50",-
OTHERS,2023-12-27,1587.8,1612.41,1553.55,1566.92,-1.30 %,"209,947,606.40",-
OTHERS,2023-12-24,1592.27,1670.27,1585.49,1587.53,0.97 %,"303,505,700.50",-
OTHERS,2023-12-21,1595.91,1629.98,1571.11,1572.21,-1.45 %,"239,228,436.00",-
OTHERS,2023-12-20,1590.88,1607.93,1567.04,1595.4,0.99 %,"187,456,735.00",-
OTHERS,2023-12-19,1565.64,1587.16,1548.06,1579.69,0.91 %,"128,254,725.60",-
OTHERS,2023-12-18,1540.22,1587.22,1534.32,1565.4,1.66 %,"199,572,945.60",-
OTHERS,2023-12-17,1527.78,1546.34,1477.72,1539.87,2.08 %,"162,256,302.40",-
OTHERS,2023-12-14,1486.18,1524.41,1475.34,1508.53,1.52 %,"145,045,876.20",-
OTHERS,2023-12-13,1481.0,1516.35,1479.23,1486.0,0.16 %,"103,032,780.90",-
OTHERS,2023-12-12,1451.41,1488.55,1431.18,1481.0,2.70 %,"128,206,047.50",-
OTHERS,2023-12-11,1476.24,1480.84,1422.38,1442.04,-1.23 %,"88,194,698.60",-
OTHERS,2023-12-10,1406.59,1461.93,1406.59,1459.99,4.51 %,"8,567,325.30",-
OTHERS,2023-12-07,1395.24,1405.67,1386.03,1396.95,0.12 %,"28,994,887.70",-
OTHERS,2023-12-06,1388.58,1396.12,1385.56,1395.23,0.48 %,"25,078,717.00",-
OTHERS,2023-12-05,1395.56,1416.92,1388.49,1388.57,-0.50 %,"19,443,220.00",-
OTHERS,2023-12-04,1404.39,1424.75,1392.33,1395.56,-0.63 %,"29,589,299.10",-
OTHERS,2023-12-03,1411.96,1435.3,1392.23,1404.38,-0.54 %,"16,455,679.80",-
OTHERS,2023-11-30,1419.73,1419.72,1405.77,1411.96,-0.55 %,"23,559,976.20",-
OTHERS,2023-11-29,1417.6,1445.84,1414.87,1419.72,0.17 %,"34,409,981.60",-
OTHERS,2023-11-28,1420.05,1444.73,1408.67,1417.33,-0.19 %,"34,344,974.60",-
OTHERS,2023-11-27,1421.89,1455.09,1415.55,1420.04,-0.13 %,"31,007,685.70",-
OTHERS,2023-11-26,1396.0,1426.02,1392.7,1421.89,1.86 %,"37,583,791.60",-
OTHERS,2023-11-23,1397.45,1403.56,1376.07,1395.99,-0.10 %,"23,108,831.50",-
OTHERS,2023-11-22,1372.11,1398.48,1365.89,1397.45,1.85 %,"13,808,294.60",-
OTHERS,2023-11-21,1392.82,1405.01,1368.34,1372.1,-1.49 %,"16,362,477.70",-
OTHERS,2023-11-20,1394.75,1412.4,1385.24,1392.82,-0.14 %,"19,664,704.50",-
OTHERS,2023-11-09,1416.84,1423.29,1388.95,1394.75,-1.56 %,"32,750,922.60",-
OTHERS,2023-11-08,1406.51,1416.99,1392.05,1416.83,0.73 %,"19,121,883.50",-
OTHERS,2023-11-07,1388.18,1407.27,1387.29,1406.51,1.32 %,"21,266,634.90",-
OTHERS,2023-11-06,1361.21,1414.85,1361.2,1388.18,1.98 %,"28,126,671.10",-
OTHERS,2023-11-05,1371.5,1371.56,1351.44,1361.2,-0.77 %,"28,067,715.80",-
OTHERS,2023-11-02,1381.08,1383.06,1366.79,1371.73,-0.68 %,"14,302,699.30",-
OTHERS,2023-11-01,1384.23,1392.04,1375.52,1381.08,-0.23 %,"16,827,314.70",-
OTHERS,2023-10-31,1387.9,1405.75,1380.86,1384.22,-0.27 %,"11,712,859.50",-
OTHERS,2023-10-30,1385.96,1392.29,1373.24,1387.9,0.14 %,"10,634,211.50",-
OTHERS,2023-10-29,1399.64,1413.2,1377.66,1385.96,-0.98 %,"12,552,396.70",-
OTHERS,2023-10-19,1399.25,1408.69,1383.57,1399.63,0.03 %,"22,826,451.20",-
OTHERS,2023-10-18,1374.44,1401.92,1374.43,1399.25,1.81 %,"14,981,687.90",-
OTHERS,2023-10-17,1363.31,1391.38,1363.04,1374.43,0.82 %,"19,418,892.60",-
OTHERS,2023-10-16,1373.57,1378.6,1363.3,1363.3,-0.75 %,"23,838,822.30",-
OTHERS,2023-10-12,1383.01,1403.8,1372.6,1373.56,-0.68 %,"34,083,318.50",-
OTHERS,2023-10-11,1378.96,1396.01,1374.61,1383.0,0.29 %,"21,054,063.70",-
OTHERS,2023-10-10,1389.22,1414.12,1374.53,1378.96,-0.74 %,"22,795,322.00",-
OTHERS,2023-10-09,1401.2,1406.58,1383.87,1389.21,-0.85 %,"27,605,796.60",-
OTHERS,2023-10-08,1451.26,1451.25,1397.96,1401.19,-1.61 %,"33,677,616.60",-
OTHERS,2023-10-05,1429.2,1447.38,1424.13,1424.13,-0.35 %,"19,434,334.50",-
OTHERS,2023-10-04,1424.42,1445.17,1424.25,1429.2,0.34 %,"21,272,370.00",-
OTHERS,2023-10-03,1439.57,1450.7,1422.64,1424.42,-1.05 %,"19,972,683.50",-
OTHERS,2023-10-02,1433.73,1461.09,1422.71,1439.57,0.41 %,"26,484,618.70",-
OTHERS,2023-10-01,1456.19,1456.45,1427.35,1433.72,-1.54 %,"28,814,277.60",-
OTHERS,2023-09-27,1473.86,1483.65,1450.46,1456.18,-1.20 %,"30,601,458.10",-
OTHERS,2023-09-26,1479.88,1479.87,1465.39,1473.86,0.85 %,"35,337,752.00",-
OTHERS,2023-09-25,1464.42,1472.58,1451.34,1461.37,-0.22 %,"17,383,806.80",-
OTHERS,2023-09-24,1480.48,1486.21,1461.96,1464.58,-1.07 %,"46,477,853.40",-
OTHERS,2023-09-21,1445.41,1491.51,1445.41,1480.47,2.43 %,"58,481,585.00",-
OTHERS,2023-09-19,1443.52,1450.45,1431.03,1445.41,0.12 %,"11,487,810.50",-
OTHERS,2023-09-18,1436.4,1450.23,1428.62,1443.7,0.49 %,"11,757,817.20",-
OTHERS,2023-09-17,1465.94,1476.63,1432.75,1436.66,-2.00 %,"27,793,992.70",-
OTHERS,2023-09-13,1434.95,1470.8,1434.95,1465.93,2.16 %,"31,615,105.40",-
OTHERS,2023-09-12,1438.41,1464.4,1428.68,1434.95,-0.24 %,"23,162,112.20",-
OTHERS,2023-09-11,1418.7,1447.02,1418.55,1438.4,1.39 %,"48,492,652.40",-
OTHERS,2023-09-10,1411.87,1431.74,1410.96,1418.69,0.48 %,"27,310,780.50",-
OTHERS,2023-09-07,1441.36,1444.17,1400.94,1411.87,-2.05 %,"43,334,397.30",-
OTHERS,2023-09-05,1444.78,1457.87,1436.29,1441.35,-0.24 %,"15,504,325.90",-
OTHERS,2023-09-04,1438.04,1451.39,1426.44,1444.77,0.47 %,"29,198,660.00",-
OTHERS,2023-09-03,1457.21,1460.24,1434.56,1438.04,-1.31 %,"28,341,698.90",-
OTHERS,2023-08-30,1463.36,1469.5,1444.77,1457.2,-0.42 %,"45,164,468.80",-
OTHERS,2023-08-29,1466.49,1479.29,1446.67,1463.35,-0.21 %,"51,611,004.20",-
OTHERS,2023-08-28,1469.45,1482.36,1459.8,1466.48,-0.20 %,"31,104,690.10",-
OTHERS,2023-08-27,1486.22,1502.26,1465.77,1469.44,-1.13 %,"45,550,541.50",-
OTHERS,2023-08-24,1503.04,1517.35,1473.41,1486.22,-1.08 %,"47,360,785.10",-
OTHERS,2023-08-23,1489.8,1512.09,1487.29,1503.04,0.90 %,"30,829,751.90",-
OTHERS,2023-08-22,1467.93,1491.6,1464.08,1489.67,1.48 %,"31,019,898.40",-
OTHERS,2023-08-21,1487.03,1493.06,1460.63,1467.92,-0.56 %,"48,858,149.60",-
OTHERS,2023-08-20,1499.79,1503.59,1473.62,1476.22,-1.57 %,"40,705,531.90",-
OTHERS,2023-08-17,1499.53,1513.88,1492.81,1499.79,0.02 %,"51,676,266.40",-
OTHERS,2023-08-16,1518.66,1518.66,1478.04,1499.53,-1.26 %,"88,133,788.30",-
OTHERS,2023-08-15,1532.27,1534.65,1511.24,1518.66,-0.91 %,"55,216,595.70",-
OTHERS,2023-08-14,1542.72,1558.33,1531.25,1532.55,-0.66 %,"58,247,708.80",-
OTHERS,2023-08-13,1523.87,1559.24,1523.87,1542.72,-0.01 %,"81,187,171.60",-
OTHERS,2023-08-10,1516.45,1562.14,1516.45,1542.9,0.49 %,"108,340,913.00",-
OTHERS,2023-08-09,1480.81,1548.6,1476.32,1535.36,2.97 %,"123,218,751.40",-
OTHERS,2023-08-08,1518.23,1533.18,1490.32,1491.08,-1.77 %,"71,884,003.50",-
OTHERS,2023-08-07,1523.77,1539.99,1514.43,1517.88,-0.37 %,"119,505,416.10",-
OTHERS,2023-08-06,1542.0,1562.93,1508.95,1523.45,-1.20 %,"52,936,745.60",-
OTHERS,2023-08-03,1533.08,1567.07,1533.07,1541.99,0.58 %,"61,657,901.70",-
OTHERS,2023-08-02,1528.41,1540.42,1519.29,1533.07,0.31 %,"34,105,685.90",-
OTHERS,2023-08-01,1543.6,1594.94,1513.45,1528.4,-0.98 %,"69,121,198.60",-
OTHERS,2023-07-31,1543.52,1568.02,1533.79,1543.59,0.01 %,"45,970,247.10",-
OTHERS,2023-07-30,1572.04,1582.53,1536.79,1543.51,-1.81 %,"72,975,712.00",-
OTHERS,2023-07-27,1606.09,1613.42,1570.86,1572.03,-2.12 %,"91,276,674.80",-
OTHERS,2023-07-26,1614.45,1653.96,1590.91,1606.08,0.71 %,"101,041,980.50",-
OTHERS,2023-07-25,1642.88,1650.56,1594.77,1594.77,-1.73 %,"118,556,719.70",-
OTHERS,2023-07-24,1577.35,1634.79,1556.68,1622.77,2.88 %,"357,671,843.70",-
OTHERS,2023-07-23,1555.0,1589.62,1548.51,1577.34,1.44 %,"65,672,099.30",-
OTHERS,2023-07-20,1562.55,1582.89,1549.92,1555.0,-0.48 %,"45,391,310.20",-
OTHERS,2023-07-19,1577.66,1585.12,1558.85,1562.55,-0.96 %,"43,957,569.30",-
OTHERS,2023-07-18,1569.95,1587.9,1569.87,1577.65,0.49 %,"59,918,256.30",-
OTHERS,2023-07-17,1549.49,1575.11,1542.14,1569.94,1.32 %,"47,413,942.00",-
OTHERS,2023-07-16,1542.98,1576.4,1542.95,1549.49,0.42 %,"37,206,725.00",-
OTHERS,2023-07-13,1555.92,1576.64,1542.98,1542.98,-0.83 %,"141,581,252.70",-
OTHERS,2023-07-12,1539.87,1564.4,1535.88,1555.91,1.04 %,"101,793,253.90",-
OTHERS,2023-07-11,1548.19,1565.48,1531.09,1539.87,-0.54 %,"39,849,898.90",-
OTHERS,2023-07-10,1564.14,1571.98,1532.76,1548.18,0.22 %,"57,598,007.90",-
OTHERS,2023-07-09,1503.46,1550.73,1503.46,1544.79,2.75 %,"59,320,812.90",-
OTHERS,2023-07-06,1509.01,1530.41,1491.58,1503.45,-0.37 %,"40,431,678.00",-
OTHERS,2023-07-05,1564.93,1582.72,1506.86,1509.0,-2.37 %,"56,378,550.00",-
OTHERS,2023-07-04,1521.02,1577.37,1519.74,1545.69,1.62 %,"53,908,124.70",-
OTHERS,2023-07-03,1538.53,1585.54,1515.3,1521.02,-1.14 %,"80,997,353.80",-
OTHERS,2023-07-02,1575.94,1592.15,1534.91,1538.53,-2.37 %,"104,539,611.60",-
OTHERS,2023-06-28,1628.23,1628.23,1568.23,1575.93,-3.21 %,"130,281,982.10",-
OTHERS,2023-06-27,1583.96,1664.67,1579.0,1628.23,2.02 %,"121,718,869.80",-
OTHERS,2023-06-26,1616.19,1655.09,1581.77,1595.95,-0.50 %,"115,070,884.90",-
OTHERS,2023-06-25,1524.41,1632.38,1524.41,1604.03,5.22 %,"254,731,887.90",-
OTHERS,2023-06-22,1513.17,1547.84,1511.92,1524.41,0.74 %,"87,211,812.40",-
OTHERS,2023-06-21,1520.48,1539.28,1493.73,1513.17,-0.48 %,"138,517,823.40",-
OTHERS,2023-06-20,1563.22,1584.59,1512.05,1520.47,-2.40 %,"156,835,967.70",-
OTHERS,2023-06-19,1534.09,1573.4,1533.96,1557.81,2.17 %,"243,575,569.40",-
OTHERS,2023-06-18,1455.69,1527.85,1427.49,1524.69,6.00 %,"233,150,042.50",-
OTHERS,2023-06-15,1435.43,1448.86,1410.39,1438.39,0.21 %,"83,534,330.50",-
OTHERS,2023-06-14,1402.52,1463.72,1402.52,1435.42,2.35 %,"207,590,178.90",-
OTHERS,2023-06-13,1381.69,1416.66,1376.16,1402.52,1.51 %,"114,115,273.80",-
OTHERS,2023-06-12,1381.05,1418.76,1372.97,1381.69,0.05 %,"79,544,802.70",-
OTHERS,2023-06-11,1353.96,1388.07,1353.96,1381.04,2.00 %,"160,578,985.90",-
OTHERS,2023-06-08,1337.54,1370.85,1334.6,1353.95,0.42 %,"114,921,227.90",-
OTHERS,2023-06-07,1348.04,1403.97,1346.18,1348.34,0.02 %,"99,532,049.10",-
OTHERS,2023-06-06,1344.09,1352.46,1338.21,1348.03,0.29 %,"84,084,130.40",-
OTHERS,2023-06-05,1364.72,1381.08,1340.45,1344.08,-1.51 %,"41,589,357.30",-
OTHERS,2023-06-04,1322.35,1379.89,1322.35,1364.72,3.20 %,"44,118,766.20",-
OTHERS,2023-06-01,1318.37,1340.66,1304.74,1322.34,0.30 %,"32,144,663.00",-
OTHERS,2023-05-31,1338.57,1345.6,1306.27,1318.37,-1.51 %,"72,344,257.00",-
OTHERS,2023-05-30,1401.2,1401.2,1333.28,1338.57,-3.28 %,"85,464,893.00",-
OTHERS,2023-05-28,1401.8,1416.53,1377.86,1383.91,-1.28 %,"117,426,804.00",-
OTHERS,2023-05-24,1380.71,1401.8,1374.66,1401.79,1.53 %,"77,024,790.40",-
OTHERS,2023-05-23,1348.73,1384.78,1348.73,1380.71,2.37 %,"106,110,811.40",-
OTHERS,2023-05-22,1348.08,1362.28,1332.8,1348.73,0.05 %,"30,444,125.00",-
OTHERS,2023-05-21,1351.88,1370.54,1341.8,1348.08,0.32 %,"53,535,878.20",-
OTHERS,2023-05-18,1331.88,1359.0,1331.88,1343.8,0.89 %,"100,028,458.10",-
OTHERS,2023-05-17,1301.06,1339.84,1301.06,1331.88,2.37 %,"62,090,322.00",-
OTHERS,2023-05-16,1312.76,1327.52,1298.63,1301.06,-0.89 %,"23,620,602.00",-
OTHERS,2023-05-15,1320.21,1335.34,1304.85,1312.75,-0.57 %,"28,043,479.40",-
OTHERS,2023-05-14,1358.94,1362.89,1320.21,1320.21,-2.07 %,"31,371,295.50",-
OTHERS,2023-05-11,1352.46,1365.94,1328.12,1348.13,-0.32 %,"37,032,165.50",-
OTHERS,2023-05-10,1363.24,1371.32,1347.47,1352.45,-0.79 %,"33,045,752.80",-
OTHERS,2023-05-09,1359.87,1384.44,1351.33,1363.23,0.25 %,"21,574,902.50",-
OTHERS,2023-05-08,1368.64,1384.74,1353.15,1359.86,-0.64 %,"22,434,106.90",-
OTHERS,2023-05-07,1379.12,1385.95,1365.55,1368.63,-0.76 %,"19,080,067.20",-
OTHERS,2023-05-04,1366.65,1415.23,1359.5,1379.11,0.91 %,"29,381,350.10",-
OTHERS,2023-05-03,1381.17,1386.41,1364.63,1366.65,-1.05 %,"25,993,072.30",-
OTHERS,2023-05-02,1380.93,1390.22,1370.34,1381.16,0.02 %,"35,924,172.90",-
OTHERS,2023-04-30,1399.21,1400.9,1380.54,1380.93,-1.31 %,"44,095,599.80",-
OTHERS,2023-04-27,1409.02,1412.26,1395.92,1399.21,-0.70 %,"14,262,477.40",-
OTHERS,2023-04-26,1414.46,1425.35,1401.17,1409.02,-0.38 %,"15,709,048.10",-
OTHERS,2023-04-25,1407.72,1419.11,1403.88,1414.46,0.48 %,"14,134,617.20",-
OTHERS,2023-04-24,1403.23,1415.97,1395.26,1407.72,0.32 %,"12,916,600.20",-
OTHERS,2023-04-23,1405.22,1407.94,1391.67,1403.23,-0.14 %,"17,048,081.80",-
OTHERS,2023-04-20,1418.37,1432.42,1405.22,1405.22,-0.93 %,"13,359,108.40",-
OTHERS,2023-04-19,1411.9,1445.45,1411.25,1418.37,0.46 %,"13,067,645.50",-
OTHERS,2023-04-18,1412.26,1426.74,1394.97,1411.9,-0.03 %,"17,542,190.20",-
OTHERS,2023-04-17,1424.35,1435.47,1407.29,1412.26,-0.85 %,"17,031,583.90",-
OTHERS,2023-04-16,1431.27,1450.5,1411.61,1424.35,-0.48 %,"23,076,621.10",-
OTHERS,2023-04-13,1463.38,1463.9,1426.74,1431.27,-1.45 %,"31,100,128.10",-
OTHERS,2023-04-12,1404.74,1453.1,1404.74,1452.29,3.38 %,"34,992,276.80",-
OTHERS,2023-04-11,1387.28,1410.14,1384.04,1404.74,1.26 %,"22,811,921.00",-
OTHERS,2023-04-10,1376.46,1398.17,1376.46,1387.28,0.04 %,"18,968,361.80",-
OTHERS,2023-04-09,1403.77,1414.34,1384.25,1386.74,-1.21 %,"31,500,103.30",-
OTHERS,2023-04-06,1414.74,1435.1,1402.84,1403.77,-0.78 %,"35,624,570.80",-
OTHERS,2023-04-05,1410.96,1430.23,1395.83,1414.74,0.27 %,"15,404,673.40",-
OTHERS,2023-04-04,1415.32,1424.83,1406.25,1410.96,-0.31 %,"19,798,454.80",-
OTHERS,2023-04-03,1423.32,1435.59,1409.49,1415.32,-0.56 %,"23,697,830.10",-
OTHERS,2023-04-02,1434.29,1460.44,1413.9,1423.32,-0.76 %,"36,437,984.80",-
OTHERS,2023-03-30,1450.41,1468.56,1432.46,1434.29,-1.11 %,"28,344,769.80",-
OTHERS,2023-03-29,1441.29,1455.36,1432.01,1450.41,0.63 %,"18,980,520.10",-
OTHERS,2023-03-28,1462.19,1463.7,1433.91,1441.29,0.53 %,"49,268,191.40",-
OTHERS,2023-03-27,1402.87,1441.3,1402.87,1433.67,0.94 %,"36,544,891.60",-
OTHERS,2023-03-26,1424.37,1447.3,1411.06,1420.38,-0.28 %,"25,408,005.80",-
OTHERS,2023-03-23,1439.5,1442.29,1419.99,1424.37,-1.05 %,"21,135,506.40",-
OTHERS,2023-03-22,1455.18,1470.29,1429.97,1439.5,-0.49 %,"42,516,086.10",-
OTHERS,2023-03-20,1416.31,1471.18,1416.31,1446.54,2.13 %,"32,622,307.00",-
OTHERS,2023-03-19,1421.55,1435.06,1412.99,1416.31,-0.37 %,"16,037,608.40",-
OTHERS,2023-03-16,1419.88,1459.01,1409.24,1421.55,0.12 %,"22,669,952.90",-
OTHERS,2023-03-15,1425.08,1429.76,1412.12,1419.88,-0.36 %,"21,222,195.40",-
OTHERS,2023-03-14,1418.87,1438.3,1414.55,1425.08,0.44 %,"18,846,525.00",-
OTHERS,2023-03-13,1450.23,1450.23,1417.44,1418.87,-0.96 %,"20,980,181.50",-
OTHERS,2023-03-12,1470.17,1470.17,1428.03,1432.61,-0.61 %,"34,714,507.00",-
OTHERS,2023-03-09,1420.86,1445.1,1417.1,1441.43,2.21 %,"27,806,885.40",-
OTHERS,2023-03-07,1400.29,1431.16,1394.78,1410.21,0.71 %,"21,071,125.90",-
OTHERS,2023-03-05,1417.02,1445.1,1396.38,1400.29,-1.94 %,"38,220,661.30",-
OTHERS,2023-03-02,1448.88,1460.56,1427.81,1428.04,-1.44 %,"38,335,270.00",-
OTHERS,2023-03-01,1467.99,1480.21,1447.93,1448.88,-1.30 %,"34,498,979.40",-
OTHERS,2023-02-28,1478.39,1500.52,1465.32,1467.99,-0.70 %,"28,578,326.50",-
OTHERS,2023-02-27,1484.31,1488.26,1441.66,1478.39,2.11 %,"44,558,805.80",-
OTHERS,2023-02-26,1452.01,1477.03,1424.57,1466.59,0.21 %,"59,086,862.10",-
OTHERS,2023-02-23,1493.95,1498.27,1457.81,1463.55,-2.03 %,"45,266,041.70",-
OTHERS,2023-02-22,1477.1,1497.08,1470.76,1493.95,1.93 %,"44,172,576.30",-
OTHERS,2023-02-20,1487.79,1498.07,1463.81,1465.64,-1.49 %,"37,847,396.80",-
OTHERS,2023-02-16,1488.23,1504.25,1471.99,1487.79,-0.03 %,"41,582,520.20",-
OTHERS,2023-02-15,1503.26,1515.23,1486.07,1488.23,-1.00 %,"44,806,540.50",-
OTHERS,2023-02-14,1513.19,1529.79,1500.19,1503.26,-0.66 %,"32,648,057.90",-
OTHERS,2023-02-12,1551.82,1551.82,1506.63,1513.19,-2.40 %,"78,347,046.80",-
OTHERS,2023-02-09,1546.6,1564.76,1537.67,1550.36,0.24 %,"55,355,531.60",-
OTHERS,2023-02-08,1532.74,1584.89,1532.74,1546.6,0.50 %,"149,654,519.50",-
OTHERS,2023-02-07,1494.83,1538.85,1494.83,1538.85,2.94 %,"68,120,219.30",-
OTHERS,2023-02-06,1491.51,1506.37,1482.54,1494.83,0.22 %,"40,884,248.80",-
OTHERS,2023-02-05,1494.08,1515.08,1481.11,1491.51,-0.17 %,"53,084,831.00",-
OTHERS,2023-02-02,1522.62,1534.44,1487.95,1494.08,-0.70 %,"40,161,002.30",-
OTHERS,2023-02-01,1476.01,1543.79,1468.66,1504.57,0.70 %,"67,403,643.30",-
OTHERS,2023-01-31,1519.34,1525.22,1491.85,1494.06,-0.60 %,"56,482,596.20",-
OTHERS,2023-01-30,1536.32,1564.19,1501.32,1503.13,-2.16 %,"103,439,154.20",-
OTHERS,2023-01-29,1577.55,1577.55,1530.1,1536.32,-1.70 %,"66,027,864.70",-
OTHERS,2023-01-26,1594.92,1597.86,1552.1,1562.85,-0.85 %,"80,198,980.70",-
OTHERS,2023-01-25,1591.73,1607.41,1562.42,1576.23,-0.97 %,"114,268,735.80",-
OTHERS,2023-01-24,1552.7,1606.61,1531.22,1591.73,2.51 %,"170,670,047.30",-
OTHERS,2023-01-23,1576.03,1586.96,1545.44,1552.7,-1.48 %,"102,008,009.10",-
OTHERS,2023-01-19,1590.21,1599.36,1571.15,1576.03,-0.89 %,"112,820,608.20",-
OTHERS,2023-01-18,1593.41,1637.35,1583.35,1590.21,-0.20 %,"189,918,871.20",-
OTHERS,2023-01-17,1552.46,1612.97,1547.57,1593.41,2.64 %,"102,011,543.30",-
OTHERS,2023-01-12,1593.42,1626.17,1548.06,1552.46,-1.43 %,"129,976,123.90",-
OTHERS,2023-01-10,1615.1,1670.83,1570.98,1575.04,-2.48 %,"258,636,788.80",-
OTHERS,2023-01-09,1601.22,1635.46,1574.92,1615.1,2.08 %,"158,531,010.30",-
OTHERS,2023-01-08,1566.84,1615.49,1553.36,1582.2,0.98 %,"159,846,761.10",-
OTHERS,2023-01-05,1592.85,1608.59,1561.44,1566.84,-0.87 %,"146,727,448.90",-
OTHERS,2023-01-04,1542.95,1595.52,1536.94,1580.59,3.67 %,"197,780,727.20",-
OTHERS,2023-01-03,1551.42,1604.52,1518.5,1524.58,-1.73 %,"159,383,162.50",-
OTHERS,2023-01-02,1559.03,1572.24,1524.86,1551.42,-1.74 %,"149,288,997.40",-
OTHERS,2023-01-01,1573.13,1605.45,1549.06,1578.92,1.64 %,"287,004,181.80",-
OTHERS,2022-12-29,1511.49,1559.42,1495.48,1553.46,2.78 %,"157,209,024.80",-
OTHERS,2022-12-28,1536.8,1536.8,1488.35,1511.49,-0.38 %,"94,992,893.60",-
OTHERS,2022-12-27,1480.23,1524.35,1480.23,1517.24,2.50 %,"186,312,478.50",-
OTHERS,2022-12-26,1494.35,1494.35,1442.54,1480.23,-2.29 %,"243,574,147.40",-
OTHERS,2022-12-22,1464.87,1514.89,1414.38,1514.89,2.04 %,"164,718,425.00",-
OTHERS,2022-12-21,1505.58,1521.92,1478.14,1484.65,-1.39 %,"39,812,014.40",-
OTHERS,2022-12-20,1471.54,1525.19,1458.68,1505.58,2.31 %,"86,665,992.60",-
OTHERS,2022-12-19,1443.41,1484.56,1436.18,1471.54,1.95 %,"53,974,097.10",-
OTHERS,2022-12-18,1475.72,1476.69,1442.72,1443.41,-2.19 %,"65,476,666.60",-
OTHERS,2022-12-15,1492.89,1500.93,1473.04,1475.72,-1.15 %,"59,281,622.80",-
OTHERS,2022-12-14,1496.81,1504.35,1473.69,1492.89,-0.26 %,"65,540,949.50",-
OTHERS,2022-12-13,1490.58,1505.27,1449.93,1496.81,-0.90 %,"75,393,599.30",-
OTHERS,2022-12-12,1423.09,1510.47,1413.97,1510.47,6.14 %,"27,685,840.30",-
OTHERS,2022-12-11,1444.17,1462.86,1420.59,1423.09,-1.46 %,"30,075,278.50",-
OTHERS,2022-12-07,1454.23,1488.77,1433.75,1444.17,-0.69 %,"21,013,413.00",-
OTHERS,2022-12-06,1445.95,1477.6,1435.06,1454.23,0.57 %,"23,260,018.30",-
OTHERS,2022-12-05,1474.22,1479.71,1443.06,1445.95,-1.92 %,"26,190,219.70",-
OTHERS,2022-12-04,1463.37,1484.11,1459.82,1474.22,0.74 %,"46,170,590.70",-
OTHERS,2022-12-01,1478.05,1480.95,1455.07,1463.37,0.29 %,"30,917,653.00",-
OTHERS,2022-11-30,1468.9,1487.12,1458.85,1459.14,-0.66 %,"11,825,099.50",-
OTHERS,2022-11-29,1461.95,1481.56,1449.08,1468.9,0.48 %,"20,564,620.20",-
OTHERS,2022-11-28,1480.87,1499.8,1452.95,1461.95,-1.13 %,"40,418,558.70",-
OTHERS,2022-11-27,1457.01,1483.55,1450.83,1478.71,1.49 %,"122,346,093.00",-
OTHERS,2022-11-24,1432.76,1457.01,1429.48,1457.01,1.69 %,"16,104,771.00",-
OTHERS,2022-11-23,1444.0,1458.09,1420.9,1432.76,-0.78 %,"26,554,691.80",-
OTHERS,2022-11-22,1461.76,1507.35,1437.47,1444.0,-1.21 %,"34,708,398.00",-
OTHERS,2022-11-17,1439.08,1487.0,1439.08,1461.76,1.58 %,"55,111,448.30",-
OTHERS,2022-11-16,1429.43,1450.26,1421.83,1439.07,0.68 %,"19,116,673.20",-
OTHERS,2022-11-15,1435.45,1476.65,1424.09,1429.42,-0.42 %,"78,506,847.40",-
OTHERS,2022-11-14,1402.82,1437.26,1397.02,1435.44,2.33 %,"21,105,691.40",-
OTHERS,2022-11-13,1403.09,1426.76,1392.69,1402.81,-0.08 %,"32,326,829.30",-
OTHERS,2022-11-10,1437.47,1456.25,1398.08,1403.89,-2.34 %,"52,021,340.80",-
OTHERS,2022-11-09,1482.53,1512.42,1433.25,1437.47,-2.35 %,"68,169,653.30",-
OTHERS,2022-11-08,1457.88,1496.11,1439.38,1472.02,0.97 %,"54,928,050.90",-
OTHERS,2022-11-07,1457.06,1509.74,1447.18,1457.88,0.06 %,"73,393,487.50",-
OTHERS,2022-11-06,1400.3,1471.67,1393.3,1457.06,4.05 %,"57,173,327.00",-
OTHERS,2022-11-03,1417.62,1424.22,1389.73,1400.3,-1.22 %,"37,571,385.50",-
OTHERS,2022-11-02,1397.52,1442.91,1376.27,1417.62,1.44 %,"62,331,272.50",-
OTHERS,2022-11-01,1327.42,1400.45,1315.92,1397.52,5.45 %,"42,788,340.10",-
OTHERS,2022-10-31,1304.52,1325.26,1298.96,1325.26,0.00 %,"12,870,822.10",-
OTHERS,2022-10-23,1292.65,1312.53,1292.28,1304.51,0.92 %,"18,877,523.30",-
OTHERS,2022-10-20,1293.45,1305.03,1285.13,1292.65,-0.06 %,"10,223,958.90",-
OTHERS,2022-10-19,1307.58,1324.87,1291.63,1293.44,-1.08 %,"16,327,477.00",-
OTHERS,2022-10-17,1302.91,1316.55,1298.72,1307.58,0.36 %,"12,179,634.80",-
OTHERS,2022-10-16,1313.55,1327.49,1297.34,1302.91,-0.81 %,"20,368,495.60",-
OTHERS,2022-10-13,1311.06,1334.15,1309.86,1313.55,0.19 %,"26,689,606.40",-
OTHERS,2022-10-12,1301.44,1321.1,1292.51,1311.06,0.74 %,"20,537,295.80",-
OTHERS,2022-10-11,1317.39,1324.95,1297.33,1301.44,-1.21 %,"25,860,009.00",-
OTHERS,2022-10-10,1335.82,1357.63,1307.46,1317.39,-1.38 %,"22,081,474.50",-
OTHERS,2022-10-09,1303.65,1335.82,1303.64,1335.82,2.47 %,"21,229,328.20",-
OTHERS,2022-09-29,1300.71,1313.45,1300.71,1303.64,0.23 %,"33,124,504.00",-
OTHERS,2022-09-28,1303.65,1321.54,1300.71,1300.71,-0.22 %,"16,328,184.10",-
OTHERS,2022-09-27,1294.92,1321.5,1294.57,1303.64,0.67 %,"24,664,798.40",-
OTHERS,2022-09-25,1316.78,1326.64,1290.28,1294.91,-1.66 %,"27,421,391.90",-
OTHERS,2022-09-22,1329.88,1345.87,1315.24,1316.78,-0.98 %,"22,519,126.80",-
OTHERS,2022-09-21,1327.37,1352.0,1318.55,1329.87,0.19 %,"22,598,127.00",-
OTHERS,2022-09-20,1340.34,1352.22,1317.08,1327.37,-0.97 %,"30,090,136.40",-
OTHERS,2022-09-18,1374.79,1383.65,1338.62,1340.33,-2.51 %,"67,824,729.00",-
OTHERS,2022-09-16,1369.12,1379.16,1332.99,1374.78,-0.29 %,"35,730,455.50",-
OTHERS,2022-09-15,1435.42,1451.72,1372.31,1378.84,-3.94 %,"88,037,492.20",-
OTHERS,2022-09-14,1404.18,1441.94,1401.36,1435.41,2.90 %,"45,908,728.50",-
OTHERS,2022-09-13,1379.11,1407.49,1379.1,1394.92,1.15 %,"28,464,590.80",-
OTHERS,2022-09-12,1402.92,1414.02,1374.05,1379.1,-1.70 %,"39,537,318.60",-
OTHERS,2022-09-11,1398.84,1417.14,1387.79,1402.91,0.29 %,"34,852,345.60",-
OTHERS,2022-09-08,1417.7,1426.77,1396.22,1398.84,-1.33 %,"34,312,089.40",-
OTHERS,2022-09-07,1425.04,1447.71,1404.9,1417.69,-0.52 %,"60,163,411.90",-
OTHERS,2022-09-06,1443.82,1471.39,1413.67,1425.04,-1.30 %,"50,683,926.30",-
OTHERS,2022-09-05,1458.67,1469.9,1442.33,1443.82,-1.02 %,"33,012,161.40",-
OTHERS,2022-09-04,1481.52,1481.52,1452.94,1458.66,-0.89 %,"79,631,453.90",-
OTHERS,2022-09-02,1448.37,1472.79,1445.69,1471.82,0.50 %,"119,486,109.00",-
OTHERS,2022-09-01,1493.21,1493.2,1446.8,1464.57,-1.92 %,"140,217,394.50",-
OTHERS,2022-08-31,1498.27,1498.27,1458.22,1493.2,-1.05 %,"122,193,459.60",-
OTHERS,2022-08-30,1475.26,1522.49,1456.88,1509.08,2.29 %,"104,185,882.80",-
OTHERS,2022-08-29,1468.33,1487.78,1441.29,1475.26,0.47 %,"134,405,333.70",-
OTHERS,2022-08-28,1476.15,1483.72,1441.95,1468.33,-0.53 %,"71,620,151.90",-
OTHERS,2022-08-26,1482.9,1518.61,1456.04,1476.14,0.00 %,"53,348,377.50",-
OTHERS,2022-08-25,1516.23,1531.52,1473.93,1482.89,0.00 %,"45,680,083.50",-
OTHERS,2022-08-24,1523.14,1540.68,1506.61,1516.22,0.00 %,"30,559,157.60",-
OTHERS,2022-08-23,1522.56,1543.29,1508.2,1523.13,0.00 %,"39,840,526.00",-
OTHERS,2022-08-22,1532.72,1546.66,1514.87,1522.56,0.00 %,"29,944,048.40",-
OTHERS,2022-08-21,1558.68,1578.64,1525.59,1532.72,0.00 %,"78,626,270.70",-
OTHERS,2022-08-18,1522.95,1562.87,1515.38,1558.68,0.00 %,"68,773,408.60",-
OTHERS,2022-08-17,1546.03,1546.03,1501.28,1522.95,0.00 %,"42,955,757.00",-
OTHERS,2022-08-16,1542.53,1565.18,1501.9,1526.36,0.00 %,"81,471,907.20",-
OTHERS,2022-08-15,1446.41,1540.62,1446.4,1537.12,0.00 %,"99,370,967.10",-
OTHERS,2022-08-14,1463.0,1476.92,1437.69,1446.4,0.00 %,"45,371,230.10",-
OTHERS,2022-08-11,1493.9,1518.82,1462.93,1463.0,0.00 %,"57,470,033.10",-
OTHERS,2022-08-10,1489.71,1515.32,1464.19,1493.9,0.00 %,"67,144,254.30",-
OTHERS,2022-08-09,1568.34,1581.3,1483.53,1498.55,0.00 %,"115,421,093.30",-
OTHERS,2022-08-08,1595.94,1612.42,1557.28,1557.28,0.00 %,"64,796,236.50",-
OTHERS,2022-08-07,1573.37,1595.93,1548.7,1595.93,0.00 %,"82,702,046.00",-
OTHERS,2022-08-05,1582.53,1590.92,1551.75,1573.36,0.00 %,"86,566,770.40",-
OTHERS,2022-08-04,1619.21,1624.8,1582.52,1582.52,0.00 %,"90,692,232.40",-
OTHERS,2022-08-03,1641.65,1654.7,1617.74,1621.37,0.00 %,"69,428,358.10",-
OTHERS,2022-08-02,1658.97,1669.37,1620.48,1641.65,0.00 %,"79,879,622.70",-
OTHERS,2022-08-01,1702.24,1712.73,1651.5,1658.96,0.00 %,"135,184,698.00",-
OTHERS,2022-07-31,1617.05,1696.79,1617.04,1669.81,0.00 %,"229,095,573.40",-
OTHERS,2022-07-29,1593.91,1645.99,1573.69,1617.04,0.00 %,"64,235,186.30",-
OTHERS,2022-07-28,1597.15,1625.15,1558.25,1593.9,0.00 %,"108,875,208.50",-
OTHERS,2022-07-27,1558.18,1597.15,1525.43,1597.15,0.00 %,"92,630,261.20",-
OTHERS,2022-07-26,1615.68,1622.64,1553.64,1558.18,0.00 %,"122,106,559.10",-
OTHERS,2022-07-25,1607.2,1632.42,1584.16,1615.67,0.00 %,"196,589,721.30",-
OTHERS,2022-07-24,1516.27,1603.31,1500.92,1601.28,0.00 %,"93,214,633.90",-
OTHERS,2022-07-22,1530.29,1530.39,1493.2,1497.46,0.00 %,"56,890,771.20",-
OTHERS,2022-07-21,1524.23,1570.76,1496.95,1530.28,0.00 %,"95,190,849.20",-
OTHERS,2022-07-20,1493.2,1528.27,1481.45,1500.39,0.00 %,"83,288,769.80",-
OTHERS,2022-07-19,1487.92,1516.5,1474.61,1491.1,0.00 %,"79,337,146.20",-
OTHERS,2022-07-18,1457.62,1487.92,1443.76,1487.92,0.00 %,"61,761,313.70",-
OTHERS,2022-07-17,1464.03,1477.3,1449.01,1457.61,0.00 %,"56,248,360.20",-
OTHERS,2022-07-15,1489.09,1496.56,1455.6,1464.03,0.00 %,"31,395,782.00",-
OTHERS,2022-07-14,1484.04,1501.65,1461.41,1489.08,0.00 %,"75,645,583.70",-
OTHERS,2022-07-13,1417.18,1483.72,1417.18,1476.16,0.00 %,"87,660,791.70",-
OTHERS,2022-07-12,1414.11,1451.11,1398.41,1423.86,0.00 %,"65,872,991.00",-
OTHERS,2022-07-11,1484.43,1499.11,1407.68,1414.1,0.00 %,"70,052,935.80",-
OTHERS,2022-07-08,1512.78,1526.06,1474.0,1484.42,0.00 %,"56,303,622.30",-
OTHERS,2022-07-07,1545.76,1583.12,1504.83,1512.78,0.00 %,"65,753,965.70",-
OTHERS,2022-07-06,1513.1,1543.68,1471.78,1531.57,0.00 %,"68,694,371.30",-
OTHERS,2022-07-05,1584.56,1596.51,1507.88,1513.09,0.00 %,"95,804,090.10",-
OTHERS,2022-07-04,1623.49,1642.66,1535.34,1573.36,0.00 %,"130,983,287.20",-
OTHERS,2022-07-03,1530.4,1607.32,1505.0,1603.06,0.00 %,"96,584,341.80",-
OTHERS,2022-07-01,1558.51,1566.44,1513.09,1530.39,0.00 %,"72,533,361.80",-
OTHERS,2022-06-30,1462.97,1538.84,1455.06,1538.84,0.00 %,"84,354,302.00",-
OTHERS,2022-06-29,1402.47,1450.27,1381.42,1445.83,0.00 %,"57,768,802.80",-
OTHERS,2022-06-28,1416.26,1422.44,1378.24,1402.46,0.00 %,"68,533,802.30",-
OTHERS,2022-06-27,1466.76,1478.02,1412.76,1416.26,0.00 %,"80,508,848.90",-
OTHERS,2022-06-26,1358.15,1454.18,1358.14,1454.18,0.00 %,"78,502,576.00",-
OTHERS,2022-06-24,1346.07,1378.43,1315.86,1358.14,0.00 %,"24,721,359.20",-
OTHERS,2022-06-23,1370.31,1376.26,1321.97,1346.06,0.00 %,"34,485,580.00",-
OTHERS,2022-06-22,1416.96,1416.96,1359.86,1379.25,0.00 %,"25,139,837.50",-
OTHERS,2022-06-21,1378.69,1416.96,1362.47,1416.96,0.00 %,"132,146,261.90",-
OTHERS,2022-06-20,1420.24,1427.23,1368.71,1376.85,0.00 %,"134,872,159.50",-
OTHERS,2022-06-19,1482.33,1482.32,1408.31,1428.63,0.00 %,"129,805,980.90",-
OTHERS,2022-06-17,1500.32,1510.93,1475.52,1482.32,0.00 %,"106,110,675.40",-
OTHERS,2022-06-16,1453.84,1499.69,1425.17,1490.52,0.00 %,"153,306,808.70",-
OTHERS,2022-06-15,1454.29,1462.19,1424.42,1453.83,0.00 %,"138,402,713.60",-
OTHERS,2022-06-14,1506.11,1522.31,1450.6,1454.29,0.00 %,"28,700,708.30",-
OTHERS,2022-06-13,1507.66,1530.04,1484.09,1506.1,0.00 %,"16,710,226.90",-
OTHERS,2022-06-10,1535.56,1543.95,1497.77,1507.65,0.00 %,"10,979,689.10",-
OTHERS,2022-06-09,1560.02,1586.97,1521.81,1532.87,0.00 %,"42,106,901.80",-
OTHERS,2022-06-08,1502.23,1583.57,1484.77,1560.01,0.00 %,"27,483,699.30",-
OTHERS,2022-06-07,1534.02,1546.98,1493.2,1502.22,0.00 %,"22,812,729.40",-
OTHERS,2022-06-06,1532.43,1549.7,1508.28,1526.13,0.00 %,"23,086,413.60",-
OTHERS,2022-06-03,1545.02,1547.43,1507.5,1532.42,0.00 %,"28,102,352.70",-
OTHERS,2022-06-02,1569.44,1595.62,1529.5,1545.01,0.00 %,"38,663,532.20",-
OTHERS,2022-06-01,1572.84,1593.27,1553.44,1569.44,0.00 %,"25,966,882.70",-
OTHERS,2022-05-31,1599.5,1605.41,1546.79,1572.83,0.00 %,"40,718,903.90",-
OTHERS,2022-05-30,1646.35,1660.41,1594.86,1599.5,0.00 %,"64,931,098.70",-
OTHERS,2022-05-27,1676.34,1691.11,1631.8,1646.35,0.00 %,"27,499,810.20",-
OTHERS,2022-05-26,1690.93,1701.16,1664.35,1673.68,0.00 %,"26,440,796.10",-
OTHERS,2022-05-25,1681.96,1705.48,1665.3,1690.92,0.00 %,"19,253,818.50",-
OTHERS,2022-05-24,1670.14,1694.99,1630.97,1681.96,0.00 %,"18,277,101.50",-
OTHERS,2022-05-23,1674.14,1699.51,1627.15,1670.13,0.00 %,"42,538,019.40",-
OTHERS,2022-05-20,1709.3,1720.62,1678.4,1680.63,0.00 %,"41,232,760.00",-
OTHERS,2022-05-19,1727.68,1749.18,1700.12,1709.3,0.00 %,"30,848,009.20",-
OTHERS,2022-05-18,1693.47,1749.49,1673.03,1727.67,0.00 %,"24,265,465.20",-
OTHERS,2022-05-17,1824.2,1828.95,1709.68,1714.64,0.00 %,"43,249,824.60",-
OTHERS,2022-05-12,1830.1,1847.51,1795.19,1824.2,0.00 %,"64,781,478.30",-
OTHERS,2022-05-11,1779.64,1816.81,1765.5,1816.81,0.00 %,"53,562,835.10",-
OTHERS,2022-05-10,1744.52,1791.63,1722.71,1779.63,0.00 %,"51,476,434.90",-
OTHERS,2022-05-09,1738.61,1771.35,1705.5,1744.52,0.00 %,"91,630,029.30",-
OTHERS,2022-05-08,1702.76,1738.61,1653.04,1738.61,0.00 %,"154,119,396.20",-
OTHERS,2022-05-05,1720.88,1725.7,1663.46,1702.75,0.00 %,"136,268,916.80",-
OTHERS,2022-05-04,1744.59,1756.48,1673.53,1720.87,0.00 %,"116,836,223.30",-
OTHERS,2022-05-02,1805.69,1812.3,1744.59,1744.59,-3.38 %,"47,812,895.50",-
OTHERS,2022-04-28,1832.52,1847.06,1794.18,1805.69,0.00 %,"101,252,561.00",-
OTHERS,2022-04-27,1821.22,1835.53,1795.09,1832.51,0.00 %,"98,847,226.30",-
OTHERS,2022-04-26,1832.59,1848.54,1799.08,1821.22,0.00 %,"78,440,845.40",-
OTHERS,2022-04-25,1874.99,1882.99,1816.83,1832.58,0.00 %,"165,534,988.50",-
OTHERS,2022-04-24,1786.23,1889.29,1786.22,1874.99,0.00 %,"188,457,517.30",-
OTHERS,2022-04-21,1750.38,1791.13,1738.87,1786.22,0.00 %,"116,366,601.10",-
OTHERS,2022-04-20,1805.44,1837.02,1746.88,1750.37,0.00 %,"111,961,309.40",-
OTHERS,2022-04-19,1785.98,1833.14,1756.29,1805.43,0.00 %,"106,252,121.70",-
OTHERS,2022-04-18,1838.5,1858.39,1778.41,1785.98,0.00 %,"146,803,004.52",-
OTHERS,2022-04-17,1872.5,1895.26,1821.65,1838.49,0.00 %,"165,956,753.90",-
OTHERS,2022-04-13,1830.68,1878.55,1813.0,1872.5,0.00 %,"130,040,206.20",-
OTHERS,2022-04-12,1878.68,1900.29,1830.67,1830.67,0.00 %,"150,642,882.90",-
OTHERS,2022-04-11,1969.72,2026.83,1876.65,1878.68,0.00 %,"245,881,425.80",-
OTHERS,2022-04-07,1901.38,1969.71,1889.15,1969.71,0.00 %,"203,998,756.40",-
OTHERS,2022-04-06,1895.41,1931.32,1864.71,1901.38,0.00 %,"182,289,790.10",-
OTHERS,2022-04-05,1967.37,1968.7,1883.51,1895.41,0.00 %,"226,947,061.36",-
OTHERS,2022-04-04,1963.76,2019.31,1955.33,1967.37,0.00 %,"130,169,498.00",-
OTHERS,2022-04-03,2052.12,2055.35,1987.51,1987.96,0.00 %,"120,964,603.50",-
OTHERS,2022-03-31,2078.37,2100.24,2030.01,2052.11,0.00 %,"191,932,959.30",-
OTHERS,2022-03-30,1996.11,2080.8,1982.93,2078.37,0.00 %,"197,473,415.30",-
OTHERS,2022-03-29,2016.17,2047.28,1993.62,1996.11,0.00 %,"148,833,491.40",-
OTHERS,2022-03-28,2065.48,2071.57,2010.09,2016.16,0.00 %,"221,741,341.90",-
OTHERS,2022-03-27,2174.8,2190.5,2041.35,2065.47,0.00 %,"325,611,800.60",-
OTHERS,2022-03-24,2183.54,2203.74,2148.31,2148.31,0.00 %,"412,813,764.30",-
OTHERS,2022-03-23,2205.75,2216.57,2167.33,2183.54,0.00 %,"203,133,036.10",-
OTHERS,2022-03-22,2164.54,2215.76,2164.53,2205.75,0.00 %,"261,339,781.30",-
OTHERS,2022-03-21,2219.27,2232.86,2160.13,2177.14,0.00 %,"382,904,963.90",-
OTHERS,2022-03-20,2251.57,2259.97,2208.23,2219.27,0.00 %,"259,579,843.60",-
OTHERS,2022-03-16,2319.19,2319.19,2228.55,2251.56,0.00 %,"360,040,974.40",-
OTHERS,2022-03-15,2379.58,2379.58,2305.64,2308.69,0.00 %,"621,941,841.90",-
OTHERS,2022-03-14,2340.59,2365.89,2307.84,2348.78,0.00 %,"144,663,088.00",-
OTHERS,2022-03-13,2253.97,2341.21,2253.96,2340.58,0.00 %,"509,772,529.40",-
OTHERS,2022-03-10,2253.11,2267.17,2221.19,2253.96,0.00 %,"327,567,712.10",-
OTHERS,2022-03-09,2251.71,2315.73,2218.32,2244.6,0.00 %,"250,447,108.20",-
OTHERS,2022-03-07,2246.56,2301.59,2242.05,2282.06,0.00 %,"264,377,308.00",-
OTHERS,2022-03-06,2238.35,2274.65,2213.14,2246.56,0.00 %,"242,229,430.00",-
OTHERS,2022-03-02,2288.48,2288.47,2231.34,2238.35,0.00 %,"424,835,000.30",-
OTHERS,2022-02-28,2324.08,2346.57,2270.36,2288.47,0.00 %,"346,748,215.60",-
OTHERS,2022-02-27,2324.37,2357.28,2274.76,2324.08,0.00 %,"404,365,610.20",-
OTHERS,2022-02-24,2337.61,2381.28,2282.19,2308.98,0.00 %,"648,699,062.50",-
OTHERS,2022-02-23,2385.14,2436.12,2361.48,2368.68,0.00 %,"462,086,455.20",-
OTHERS,2022-02-22,2370.19,2435.93,2363.88,2417.11,0.00 %,"399,706,194.30",-
OTHERS,2022-02-21,2340.98,2380.49,2322.17,2370.19,0.00 %,"439,167,335.10",-
OTHERS,2022-02-20,2330.55,2345.87,2254.83,2340.98,0.00 %,"446,346,187.70",-
OTHERS,2022-02-17,2326.13,2339.14,2302.92,2331.24,0.00 %,"237,994,294.00",-
OTHERS,2022-02-16,2315.93,2351.03,2298.81,2326.13,0.00 %,"355,371,793.90",-
OTHERS,2022-02-15,2240.3,2315.93,2240.29,2315.93,0.00 %,"417,116,595.10",-
OTHERS,2022-02-14,2239.97,2279.39,2228.87,2240.29,0.00 %,"495,343,729.50",-
OTHERS,2022-02-13,2309.72,2309.71,2230.68,2239.96,0.00 %,"789,628,753.80",-
OTHERS,2022-02-10,2296.38,2319.18,2281.56,2313.21,0.00 %,"607,574,118.10",-
OTHERS,2022-02-09,2300.06,2300.05,2267.41,2296.38,0.00 %,"492,158,953.60",-
OTHERS,2022-02-08,2324.01,2355.21,2286.34,2300.05,0.00 %,"891,026,752.00",-
OTHERS,2022-02-07,2248.03,2307.47,2217.72,2302.15,0.00 %,"1,081,327,289.20",-
OTHERS,2022-02-06,2280.04,2280.03,2219.16,2248.03,0.00 %,"606,275,430.90",-
OTHERS,2022-02-03,2289.34,2339.84,2239.71,2280.03,0.00 %,"799,487,204.90",-
OTHERS,2022-02-01,2288.34,2295.33,2256.1,2289.33,0.00 %,"625,853,393.80",-
OTHERS,2022-01-31,2251.01,2288.34,2221.7,2288.34,0.00 %,"1,206,089,919.60",-
OTHERS,2022-01-30,2178.84,2263.42,2178.83,2251.0,0.00 %,"771,625,740.20",-
OTHERS,2022-01-27,2143.99,2182.5,2143.98,2161.9,0.00 %,"358,724,658.70",-
OTHERS,2022-01-26,2168.79,2180.68,2124.9,2143.98,0.00 %,"321,383,599.60",-
OTHERS,2022-01-25,2171.69,2218.08,2145.47,2168.78,0.00 %,"380,856,416.70",-
OTHERS,2022-01-24,2260.09,2260.09,2151.07,2178.68,0.00 %,"697,487,548.50",-
OTHERS,2022-01-23,2235.4,2283.51,2235.39,2260.09,0.00 %,"664,574,008.90",-
OTHERS,2022-01-20,2205.96,2260.29,2182.55,2217.35,0.00 %,"486,341,051.80",-
OTHERS,2022-01-19,2239.44,2312.29,2203.95,2205.95,0.00 %,"510,449,624.80",-
OTHERS,2022-01-18,2262.91,2316.03,2224.8,2266.36,0.00 %,"696,677,669.00",-
OTHERS,2022-01-17,2257.17,2257.16,2182.52,2236.78,0.00 %,"750,319,502.90",-
OTHERS,2022-01-16,2162.11,2230.23,2162.1,2212.92,0.00 %,"971,045,000.30",-
OTHERS,2022-01-13,2140.43,2170.96,2124.12,2146.02,0.00 %,"668,444,069.90",-
OTHERS,2022-01-12,2216.73,2216.73,2132.02,2140.42,0.00 %,"754,872,086.90",-
OTHERS,2022-01-11,2203.2,2229.42,2154.63,2216.73,0.00 %,"528,476,712.70",-
OTHERS,2022-01-10,2068.74,2185.29,2048.92,2185.29,0.00 %,"752,758,851.10",-
OTHERS,2022-01-09,2022.04,2070.55,2013.75,2068.73,0.00 %,"566,167,755.70",-
OTHERS,2022-01-06,1985.55,2011.45,1961.78,2005.95,0.00 %,"314,125,423.60",-
OTHERS,2022-01-05,1988.75,2024.45,1977.64,1985.54,0.00 %,"339,238,037.90",-
OTHERS,2022-01-04,1995.44,2011.84,1962.0,1988.74,0.00 %,"205,521,934.80",-
OTHERS,2022-01-03,1992.16,2021.04,1978.52,1995.44,0.00 %,"250,119,921.90",-
OTHERS,2022-01-02,1959.23,2011.26,1947.33,1992.15,0.00 %,"282,535,404.20",-
OTHERS,2021-12-29,1942.44,1983.22,1934.99,1947.33,0.00 %,"213,865,493.90",-
OTHERS,2021-12-28,1925.01,1955.87,1903.31,1928.25,0.00 %,"270,409,285.20",-
OTHERS,2021-12-27,2018.32,2055.83,1924.89,1925.01,0.00 %,"382,827,745.30",-
OTHERS,2021-12-26,1967.88,2036.32,1953.47,2018.31,0.00 %,"413,776,181.70",-
OTHERS,2021-12-23,1965.48,2001.98,1926.84,1967.88,0.00 %,"324,330,799.20",-
OTHERS,2021-12-22,1885.57,1994.59,1885.56,1950.47,0.00 %,"340,459,945.50",-
OTHERS,2021-12-21,1815.08,1890.49,1815.08,1885.56,0.00 %,"235,002,243.70",-
OTHERS,2021-12-20,1867.62,1867.61,1814.87,1815.08,0.00 %,"206,395,987.80",-
OTHERS,2021-12-16,1896.44,1901.83,1827.33,1853.8,0.00 %,"185,902,608.10",-
OTHERS,2021-12-15,1918.95,1960.97,1866.89,1893.43,0.00 %,"400,367,994.40",-
OTHERS,2021-12-14,1789.62,1904.48,1768.55,1904.48,0.00 %,"168,247,089.10",-
OTHERS,2021-12-13,1822.8,1849.9,1757.2,1776.05,0.00 %,"346,001,972.80",-
OTHERS,2021-12-12,1914.75,1938.16,1845.4,1845.4,0.00 %,"257,583,298.20",-
OTHERS,2021-12-09,1887.25,1935.76,1887.24,1914.74,0.00 %,"216,118,976.10",-
OTHERS,2021-12-08,1932.76,1953.77,1905.68,1910.58,0.00 %,"298,005,495.80",-
OTHERS,2021-12-07,1989.2,2031.7,1930.96,1932.76,0.00 %,"308,599,824.70",-
OTHERS,2021-12-06,1933.81,2008.71,1913.25,1989.2,0.00 %,"424,127,377.60",-
OTHERS,2021-12-05,2027.56,2039.93,1938.16,1957.68,0.00 %,"391,551,692.00",-
OTHERS,2021-12-02,2086.52,2108.97,2006.61,2027.56,0.00 %,"313,664,676.90",-
OTHERS,2021-12-01,2061.54,2107.47,2050.14,2086.52,0.00 %,"296,051,936.90",-
OTHERS,2021-11-30,2047.43,2076.55,2017.41,2061.54,0.00 %,"222,773,785.60",-
OTHERS,2021-11-29,2088.56,2119.48,2040.23,2047.43,0.00 %,"349,129,577.20",-
OTHERS,2021-11-28,2156.7,2173.1,2067.85,2088.56,0.00 %,"718,573,183.60",-
OTHERS,2021-11-25,2137.19,2166.91,2112.58,2156.71,0.00 %,"564,578,095.30",-
OTHERS,2021-11-24,2157.99,2158.0,2099.43,2137.19,0.00 %,"515,202,714.40",-
OTHERS,2021-11-23,2111.85,2152.5,2089.85,2131.79,0.00 %,"606,303,359.00",-
OTHERS,2021-11-22,2084.2,2126.69,2069.95,2111.86,0.00 %,"516,503,702.80",-
OTHERS,2021-11-21,2123.08,2123.08,2063.04,2084.21,0.00 %,"445,563,742.20",-
OTHERS,2021-11-18,2096.67,2162.26,2065.15,2123.08,0.00 %,"828,881,614.10",-
OTHERS,2021-11-17,2053.44,2124.4,2014.35,2096.67,0.00 %,"881,021,807.00",-
OTHERS,2021-11-16,1900.33,1995.59,1889.53,1991.39,0.00 %,"439,287,143.90",-
OTHERS,2021-11-15,1861.31,1898.36,1861.31,1879.62,0.00 %,"431,094,954.20",-
OTHERS,2021-11-14,1825.88,1893.43,1803.98,1861.31,0.00 %,"253,250,724.50",-
OTHERS,2021-11-11,1882.02,1887.43,1823.49,1825.89,0.00 %,"228,052,385.80",-
OTHERS,2021-11-09,1962.17,1962.18,1861.01,1882.03,0.00 %,"418,769,574.10",-
OTHERS,2021-11-08,1985.29,2000.3,1941.23,1962.18,0.00 %,"296,945,484.20",-
OTHERS,2021-11-03,2022.81,2057.04,1967.88,1985.29,0.00 %,"389,165,462.40",-
OTHERS,2021-11-02,1911.14,1994.54,1850.99,1983.19,0.00 %,"365,038,880.40",-
OTHERS,2021-11-01,1937.56,1969.68,1897.04,1911.15,0.00 %,"356,398,449.10",-
OTHERS,2021-10-31,1934.86,1963.68,1909.64,1937.56,0.00 %,"318,779,371.10",-
OTHERS,2021-10-28,1888.93,1936.66,1869.9,1934.86,0.00 %,"251,058,315.70",-
OTHERS,2021-10-27,1866.11,1920.18,1835.5,1888.93,0.00 %,"331,713,104.00",-
OTHERS,2021-10-26,1821.14,1867.92,1807.4,1866.12,0.00 %,"295,307,769.60",-
OTHERS,2021-10-25,1771.85,1822.29,1766.84,1821.15,0.00 %,"202,605,475.30",-
OTHERS,2021-10-24,1712.71,1788.07,1676.09,1771.85,0.00 %,"153,269,757.30",-
OTHERS,2021-10-21,1693.8,1727.73,1671.29,1712.72,0.00 %,"122,484,188.50",-
OTHERS,2021-10-20,1640.66,1696.81,1627.46,1690.8,0.00 %,"135,239,072.60",-
OTHERS,2021-10-19,1648.35,1660.78,1599.78,1627.46,0.00 %,"174,648,501.60",-
OTHERS,2021-10-18,1676.39,1692.0,1651.3,1660.78,0.00 %,"143,134,043.80",-
OTHERS,2021-10-17,1660.18,1699.93,1660.18,1694.4,0.00 %,"93,951,253.80",-
OTHERS,2021-10-11,1697.7,1730.13,1650.28,1660.18,0.00 %,"256,415,526.20",-
OTHERS,2021-10-10,1734.27,1762.25,1690.8,1697.71,0.00 %,"157,105,998.70",-
OTHERS,2021-10-06,1701.9,1742.14,1690.2,1734.27,0.00 %,"176,617,186.20",-
OTHERS,2021-10-05,1681.49,1702.72,1672.58,1701.91,0.00 %,"152,831,493.20",-
OTHERS,2021-10-04,1669.48,1691.1,1641.66,1691.1,0.00 %,"173,479,391.30",-
OTHERS,2021-10-03,1719.2,1719.2,1668.08,1669.49,0.00 %,"181,153,906.10",-
OTHERS,2021-09-30,1698.3,1738.23,1690.2,1703.41,0.00 %,"215,005,148.20",-
OTHERS,2021-09-29,1656.87,1708.21,1631.36,1698.31,0.00 %,"262,946,856.50",-
OTHERS,2021-09-28,1687.7,1693.56,1648.47,1656.88,0.00 %,"296,658,174.80",-
OTHERS,2021-09-27,1733.72,1746.94,1674.29,1687.71,0.00 %,"289,549,710.30",-
OTHERS,2021-09-26,1779.05,1791.07,1733.73,1733.73,0.00 %,"234,320,329.10",-
OTHERS,2021-09-23,1807.87,1826.79,1774.26,1779.06,0.00 %,"304,448,181.80",-
OTHERS,2021-09-22,1781.76,1818.08,1778.76,1807.88,0.00 %,"327,789,819.70",-
OTHERS,2021-09-21,1752.34,1789.87,1685.7,1766.15,0.00 %,"529,095,187.60",-
OTHERS,2021-09-20,1841.13,1841.14,1747.24,1752.34,0.00 %,"434,870,319.30",-
OTHERS,2021-09-16,1855.6,1855.61,1806.08,1824.45,0.00 %,"447,885,533.20",-
OTHERS,2021-09-15,1872.42,1880.83,1845.1,1855.61,0.00 %,"251,468,742.20",-
OTHERS,2021-09-14,1894.33,1910.24,1859.63,1872.42,0.00 %,"237,441,406.90",-
OTHERS,2021-09-13,1907.24,1913.85,1869.48,1879.93,0.00 %,"387,742,123.90",-
OTHERS,2021-09-12,1888.03,1932.94,1878.81,1889.89,0.00 %,"389,131,333.80",-
OTHERS,2021-09-09,1915.76,1924.05,1868.76,1871.22,0.00 %,"236,985,997.50",-
OTHERS,2021-09-08,1981.27,1981.27,1882.33,1898.54,0.00 %,"334,840,121.90",-
OTHERS,2021-09-07,1981.0,1981.0,1884.13,1961.88,0.00 %,"390,198,077.80",-
OTHERS,2021-09-06,1791.96,1942.22,1789.27,1942.22,0.00 %,"564,638,120.30",-
OTHERS,2021-09-05,1892.53,1892.53,1767.17,1791.97,0.00 %,"661,365,730.10",-
OTHERS,2021-09-02,1912.64,1947.47,1860.11,1875.12,0.00 %,"627,806,619.60",-
OTHERS,2021-09-01,1918.35,1956.17,1881.43,1912.65,0.00 %,"500,866,477.00",-
OTHERS,2021-08-31,1994.05,1994.06,1904.84,1914.09,0.00 %,"615,543,803.90",-
OTHERS,2021-08-29,2030.38,2030.38,1972.39,1975.69,0.00 %,"565,058,306.90",-
OTHERS,2021-08-26,2036.44,2039.33,2009.97,2011.71,0.00 %,"624,199,951.80",-
OTHERS,2021-08-25,2069.46,2069.47,2012.91,2017.71,0.00 %,"596,126,093.10",-
OTHERS,2021-08-24,2099.66,2112.88,2039.87,2050.44,0.00 %,"692,098,509.80",-
OTHERS,2021-08-19,2039.92,2148.42,2039.93,2080.46,0.00 %,"1,155,221,878.70",-
OTHERS,2021-08-18,2059.74,2093.06,2014.11,2039.93,0.00 %,"1,273,468,986.50",-
OTHERS,2021-08-17,2087.66,2093.96,2033.93,2041.13,0.00 %,"1,253,044,692.60",-
OTHERS,2021-08-16,2076.85,2109.27,2066.95,2069.65,0.00 %,"1,093,263,682.50",-
OTHERS,2021-08-15,2109.27,2114.02,2067.67,2076.85,0.00 %,"1,182,805,508.00",-
OTHERS,2021-08-12,2133.65,2145.9,2113.48,2116.99,0.00 %,"1,004,983,440.20",-
OTHERS,2021-08-11,2140.91,2163.61,2123.98,2126.69,0.00 %,"945,999,683.80",-
OTHERS,2021-08-10,2151.84,2170.21,2134.49,2140.92,0.00 %,"813,054,016.80",-
OTHERS,2021-08-09,2123.98,2166.31,2123.98,2132.09,0.00 %,"751,403,353.00",-
OTHERS,2021-08-08,2141.51,2150.1,2100.33,2120.38,0.00 %,"801,148,009.00",-
OTHERS,2021-08-05,2158.2,2169.91,2137.49,2141.52,0.00 %,"720,175,554.80",-
OTHERS,2021-08-04,2179.52,2189.73,2155.74,2158.21,0.00 %,"1,019,852,981.20",-
OTHERS,2021-08-03,2152.5,2184.62,2148.6,2177.72,0.00 %,"644,352,075.00",-
OTHERS,2021-08-02,2169.91,2181.92,2149.41,2152.5,0.00 %,"739,140,450.30",-
OTHERS,2021-08-01,2205.03,2206.24,2166.55,2169.91,0.00 %,"723,793,858.50",-
OTHERS,2021-07-29,2211.58,2228.75,2198.88,2201.43,0.00 %,"603,022,572.10",-
OTHERS,2021-07-28,2213.14,2238.96,2195.43,2214.04,0.00 %,"822,379,234.50",-
OTHERS,2021-07-27,2125.18,2203.24,2125.18,2193.93,0.00 %,"800,860,198.70",-
OTHERS,2021-07-26,2162.4,2175.02,2130.65,2132.99,0.00 %,"456,995,783.30",-
OTHERS,2021-07-25,2136.89,2166.61,2136.38,2143.5,0.00 %,"556,030,576.90",-
OTHERS,2021-07-22,2148.29,2162.71,2134.97,2136.89,0.00 %,"410,357,044.00",-
OTHERS,2021-07-20,2179.52,2181.62,2144.4,2148.3,0.00 %,"356,930,187.80",-
OTHERS,2021-07-19,2183.72,2197.83,2167.51,2174.72,0.00 %,"565,941,635.20",-
OTHERS,2021-07-18,2144.09,2174.72,2137.49,2160.31,0.00 %,"531,787,952.50",-
OTHERS,2021-07-15,2184.02,2184.02,2122.18,2140.49,0.00 %,"388,333,964.00",-
OTHERS,2021-07-14,2148.6,2163.91,2132.09,2138.39,0.00 %,"273,170,830.00",-
OTHERS,2021-07-13,2188.53,2188.53,2131.49,2148.6,0.00 %,"357,086,472.00",-
OTHERS,2021-07-12,2172.62,2205.04,2130.59,2140.49,0.00 %,"546,747,126.00",-
OTHERS,2021-07-11,2211.04,2211.04,2167.51,2172.02,0.00 %,"555,498,077.00",-
OTHERS,2021-07-08,2222.44,2222.45,2148.0,2163.01,0.00 %,"439,223,658.00",-
OTHERS,2021-07-07,2193.32,2212.24,2160.01,2175.02,0.00 %,"484,091,664.00",-
OTHERS,2021-07-06,2203.53,2220.95,2183.72,2193.33,0.00 %,"436,885,457.00",-
OTHERS,2021-07-05,2172.31,2210.14,2148.0,2203.54,0.00 %,"518,825,298.00",-
OTHERS,2021-07-04,2175.32,2212.54,2164.51,2190.33,0.00 %,"549,488,897.00",-
OTHERS,2021-07-01,2156.4,2199.03,2138.39,2175.32,0.00 %,"517,455,263.00",-
OTHERS,2021-06-30,2137.19,2156.71,2108.67,2138.39,0.00 %,"489,901,680.00",-
OTHERS,2021-06-29,2211.94,2211.94,2120.38,2137.19,0.00 %,"678,779,751.00",-
OTHERS,2021-06-28,2250.06,2269.28,2168.41,2188.53,0.00 %,"720,736,883.00",-
OTHERS,2021-06-27,2191.23,2202.03,2142.3,2192.43,0.00 %,"871,610,004.00",-
OTHERS,2021-06-24,2230.85,2230.85,2181.32,2184.62,0.00 %,"938,781,273.00",-
OTHERS,2021-06-23,2271.98,2271.98,2205.34,2214.64,0.00 %,"1,195,456,663.00",-
OTHERS,2021-06-22,2275.58,2287.59,2214.94,2252.76,0.00 %,"2,261,740,000.00",-
OTHERS,2021-06-21,2272.58,2272.58,2178.91,2217.94,0.00 %,"2,224,100,000.00",-
OTHERS,2021-06-20,2339.82,2341.62,2264.77,2268.37,0.00 %,"1,356,400,000.00",-
OTHERS,2021-06-17,2287.59,2313.1,2270.47,2313.1,0.00 %,"1,288,280,000.00",-
OTHERS,2021-06-16,2333.82,2349.43,2265.07,2286.38,0.00 %,"1,334,068,163.00",-
OTHERS,2021-06-15,2280.98,2383.35,2264.48,2356.64,0.00 %,"1,916,194,179.00",-
OTHERS,2021-06-14,2334.42,2334.42,2250.67,2266.28,0.00 %,"998,449,124.00",-
OTHERS,2021-06-13,2300.5,2320.61,2271.07,2278.58,0.00 %,-,-
OTHERS,2021-06-10,2294.79,2307.1,2267.77,2288.79,0.00 %,-,-
OTHERS,2021-06-09,2356.93,2356.93,2279.18,2294.79,0.00 %,-,-
OTHERS,2021-06-08,2298.09,2351.23,2286.08,2326.31,0.00 %,-,-
OTHERS,2021-06-07,2296.89,2297.19,2271.38,2280.98,0.00 %,-,-
OTHERS,2021-06-06,2239.25,2275.88,2226.95,2275.88,0.00 %,-,-
OTHERS,2021-06-03,2239.01,2299.3,2208.93,2208.93,0.00 %,-,-
OTHERS,2021-06-02,2137.49,2224.84,2126.49,2224.84,0.00 %,-,-
OTHERS,2021-06-01,2089.76,2126.09,2064.85,2114.08,0.00 %,-,-
OTHERS,2021-05-31,2161.5,2161.51,2089.46,2089.76,0.00 %,-,-
OTHERS,2021-05-30,2205.03,2214.34,2139.29,2142.29,0.00 %,-,-
OTHERS,2021-05-27,2189.72,2218.54,2181.32,2196.93,0.00 %,-,-
OTHERS,2021-05-25,2250.06,2250.06,2217.34,2220.94,0.00 %,-,-
OTHERS,2021-05-24,2259.37,2266.57,2231.45,2250.06,0.00 %,-,-
OTHERS,2021-05-23,2147.99,2265.67,2147.99,2259.37,0.00 %,-,-
OTHERS,2021-05-20,2258.77,2268.37,2210.44,2246.16,0.00 %,-,-
OTHERS,2021-05-19,2277.68,2277.68,2220.94,2239.85,0.00 %,-,-
OTHERS,2021-05-18,2278.58,2283.08,2243.76,2267.47,0.00 %,-,-
OTHERS,2021-05-17,2203.53,2256.67,2194.22,2250.96,0.00 %,-,-
OTHERS,2021-05-16,2159.4,2201.13,2150.7,2193.92,0.00 %,-,-
OTHERS,2021-05-13,2191.52,2191.52,2118.58,2147.99,0.00 %,-,-
OTHERS,2021-05-12,2161.8,2164.51,2115.27,2135.39,0.00 %,-,-
OTHERS,2021-05-11,2103.87,2180.72,2096.06,2154.6,0.00 %,-,-
OTHERS,2021-05-10,1979.89,2106.87,1979.89,2102.06,0.00 %,-,-
OTHERS,2021-05-09,2050.43,2050.43,2022.51,2022.51,0.00 %,-,-
OTHERS,2021-05-06,2068.74,2080.45,2035.42,2045.03,0.00 %,-,-
OTHERS,2021-05-05,2119.48,2119.48,2066.64,2068.74,0.00 %,-,-
OTHERS,2021-05-04,2108.97,2124.58,2084.05,2088.86,0.00 %,-,-
OTHERS,2021-05-03,2141.69,2171.71,2106.27,2108.97,0.00 %,-,-
OTHERS,2021-05-02,2090.06,2141.69,2038.12,2141.69,0.00 %,-,-
OTHERS,2021-04-29,2015.31,2051.93,1990.39,2046.83,0.00 %,-,-
OTHERS,2021-04-28,1921.65,2029.72,1916.84,1996.1,0.00 %,-,-
OTHERS,2021-04-27,1908.74,1985.89,1904.84,1978.38,0.00 %,-,-
OTHERS,2021-04-26,1952.57,1966.38,1901.83,1908.74,0.00 %,-,-
OTHERS,2021-04-25,2008.7,2008.7,1936.36,1963.37,0.00 %,-,-
OTHERS,2021-04-22,1989.19,2035.42,1962.77,2010.51,0.00 %,-,-
OTHERS,2021-04-21,2006.6,2017.71,1977.48,1989.19,0.00 %,-,-
OTHERS,2021-04-20,2002.1,2019.81,1983.49,2006.6,0.00 %,-,-
OTHERS,2021-04-19,2031.22,2048.03,2001.8,2004.5,0.00 %,-,-
OTHERS,2021-04-18,2072.65,2072.65,2025.82,2031.22,0.00 %,-,-
OTHERS,2021-04-15,1989.49,2075.65,1989.49,2052.23,0.00 %,-,-
OTHERS,2021-04-13,2056.44,2084.35,2046.23,2048.93,0.00 %,-,-
OTHERS,2021-04-12,2090.66,2076.25,2034.22,2056.44,0.00 %,-,-
OTHERS,2021-04-08,2149.5,2149.5,2083.75,2086.15,0.00 %,-,-
OTHERS,2021-04-07,2152.8,2152.8,2108.67,2108.67,0.00 %,-,-
OTHERS,2021-04-06,2139.29,2139.29,2098.46,2123.98,0.00 %,-,-
OTHERS,2021-04-05,2095.46,2133.89,2079.85,2127.88,0.00 %,-,-
OTHERS,2021-04-04,2041.43,2094.86,2037.52,2094.86,0.00 %,-,-
OTHERS,2021-04-01,1961.87,2045.63,1955.87,2025.82,0.00 %,-,-
OTHERS,2021-03-31,1936.06,1964.88,1934.56,1961.87,0.00 %,-,-
OTHERS,2021-03-30,1895.23,1940.86,1895.23,1936.96,0.00 %,-,-
OTHERS,2021-03-29,1987.7,2009.31,1923.45,1926.45,0.00 %,-,-
OTHERS,2021-03-25,2023.71,2023.71,1945.66,1945.66,0.00 %,-,-
OTHERS,2021-03-24,2034.22,2034.22,1964.28,1982.89,0.00 %,-,-
OTHERS,2021-03-23,1973.88,1973.88,1941.16,1962.47,0.00 %,-,-
OTHERS,2021-03-22,2023.41,2023.41,1958.27,1973.88,0.00 %,-,-
OTHERS,2021-03-21,1946.56,2006.3,1946.56,2004.5,0.00 %,-,-
OTHERS,2021-03-18,1905.44,1946.56,1905.44,1946.56,0.00 %,-,-
OTHERS,2021-03-17,1835.79,1909.34,1835.79,1905.44,0.00 %,-,-
OTHERS,2021-03-16,1878.12,1900.33,1830.69,1858.01,0.00 %,-,-
OTHERS,2021-03-15,1916.54,1925.25,1878.12,1878.12,0.00 %,-,-
OTHERS,2021-03-14,2012.91,2012.91,1906.34,1916.54,0.00 %,-,-
OTHERS,2021-03-10,1954.37,2021.31,1945.36,2012.91,0.00 %,-,-
OTHERS,2021-03-09,1994.59,1999.4,1943.26,1974.18,0.00 %,-,-
OTHERS,2021-03-07,2023.41,2040.22,1958.87,1994.59,0.00 %,-,-
OTHERS,2021-03-04,1909.34,2012.31,1905.74,2012.31,0.00 %,-,-
OTHERS,2021-03-03,1959.48,1998.2,1903.94,1908.44,0.00 %,-,-
OTHERS,2021-03-02,2036.02,2056.44,1972.08,1992.79,0.00 %,-,-
OTHERS,2021-03-01,2051.03,2058.84,1973.28,2036.02,0.00 %,-,-
OTHERS,2021-02-28,2089.76,2106.57,2008.4,2008.4,0.00 %,-,-
OTHERS,2021-02-25,2147.06,2147.06,2083.91,2089.76,0.00 %,-,-
OTHERS,2021-02-24,2121.96,2170.9,1742.81,2126.53,0.00 %,-,-
OTHERS,2021-02-23,2235.09,2235.09,2092.67,2137.93,0.00 %,-,-
OTHERS,2021-02-22,2224.37,2248.69,2182.62,2189.04,0.00 %,-,-
OTHERS,2021-02-21,2152.57,2179.82,2144.27,2161.18,0.00 %,-,-
OTHERS,2021-02-18,2083.25,2139.86,2083.25,2121.27,0.00 %,-,-
OTHERS,2021-02-17,2034.66,2101.95,2034.66,2067.46,0.00 %,-,-
OTHERS,2021-02-16,2080.07,2094.57,2045.52,2057.03,0.00 %,-,-
OTHERS,2021-02-15,2011.37,2069.91,2036.24,2051.48,0.00 %,-,-
OTHERS,2021-02-14,2057.07,2057.07,1972.93,1988.88,0.00 %,-,-
OTHERS,2021-02-11,2048.12,2070.8,2034.91,2034.91,0.00 %,-,-
OTHERS,2021-02-10,2053.14,2065.72,2045.43,2056.99,0.00 %,-,-
OTHERS,2021-02-09,2068.84,2121.81,2053.07,2058.53,0.00 %,-,-
OTHERS,2021-02-08,2139.71,2139.71,2090.07,2092.2,0.00 %,-,-
OTHERS,2021-02-07,2043.7,2085.53,2031.49,2082.52,0.00 %,-,-
OTHERS,2021-02-04,2024.72,2046.5,1997.94,2028.59,0.00 %,-,-
OTHERS,2021-02-03,2072.52,2083.92,2011.31,2027.05,0.00 %,-,-
OTHERS,2021-02-02,1982.04,2049.0,1977.4,2044.62,0.00 %,-,-
OTHERS,2021-02-01,1924.8,1973.61,1919.29,1964.23,0.00 %,-,-
OTHERS,2021-01-31,1946.77,1946.77,1904.03,1910.14,0.00 %,-,-
OTHERS,2021-01-28,1953.69,1973.72,1934.2,1935.73,0.00 %,-,-
OTHERS,2021-01-27,1956.19,1963.43,1926.93,1946.76,0.00 %,-,-
OTHERS,2021-01-26,2037.64,2037.64,1942.35,1948.95,0.00 %,-,-
OTHERS,2021-01-25,1965.96,2016.71,1960.9,1975.74,0.00 %,-,-
OTHERS,2021-01-24,1868.95,1952.2,1868.95,1944.14,0.00 %,-,-
OTHERS,2021-01-21,1874.45,1874.45,1823.07,1839.39,0.00 %,-,-
OTHERS,2021-01-20,1880.1,1880.1,1819.45,1821.92,0.00 %,-,-
OTHERS,2021-01-19,1900.81,1903.66,1827.72,1833.69,0.00 %,-,-
OTHERS,2021-01-18,1872.1,1875.8,1850.27,1861.82,0.00 %,-,-
OTHERS,2021-01-17,1824.25,1857.9,1820.72,1850.4,0.00 %,-,-
MICROFINANCE,2026-01-14,4883.9,4900.72,4869.46,4888.18,-0.06 %,"235,865,703.27",-
MICROFINANCE,2026-01-13,4897.05,4916.31,4875.0,4890.92,-0.20 %,"227,715,633.70",-
MICROFINANCE,2026-01-12,4931.08,4950.18,4891.19,4900.85,-0.66 %,"285,011,658.70",-
MICROFINANCE,2026-01-08,4927.91,4934.76,4904.56,4933.63,-0.04 %,"263,672,736.10",-
MICROFINANCE,2026-01-07,4950.48,4956.43,4918.79,4935.83,-0.41 %,"351,420,173.70",-
MICROFINANCE,2026-01-06,4908.22,4956.98,4907.56,4955.95,0.84 %,"313,820,892.00",-
MICROFINANCE,2026-01-05,4888.73,4914.75,4876.93,4914.75,0.53 %,"359,605,911.50",-
MICROFINANCE,2026-01-04,4899.29,4905.08,4874.41,4888.78,-0.32 %,"321,177,750.80",-
MICROFINANCE,2026-01-01,4920.66,4936.64,4874.92,4904.59,-0.41 %,"297,706,341.80",-
MICROFINANCE,2025-12-31,4906.87,4938.83,4901.53,4924.62,0.32 %,"320,763,514.40",-
MICROFINANCE,2025-12-29,4910.66,4951.48,4887.57,4908.72,-0.09 %,"387,474,247.30",-
MICROFINANCE,2025-12-28,4845.52,4912.91,4845.52,4912.91,1.39 %,"374,930,285.10",-
MICROFINANCE,2025-12-24,4844.73,4856.3,4829.03,4845.58,-0.16 %,"281,340,655.90",-
MICROFINANCE,2025-12-23,4840.14,4857.51,4814.93,4853.4,0.17 %,"275,394,198.80",-
MICROFINANCE,2025-12-22,4863.28,4864.81,4816.18,4844.99,-0.46 %,"291,657,324.70",-
MICROFINANCE,2025-12-21,4897.06,4903.18,4829.49,4867.35,-0.67 %,"443,495,165.60",-
MICROFINANCE,2025-12-18,4925.82,4931.93,4882.24,4900.31,-0.49 %,"304,168,789.00",-
MICROFINANCE,2025-12-17,4914.15,4946.87,4909.17,4924.47,0.08 %,"285,477,196.30",-
MICROFINANCE,2025-12-16,4880.89,4920.59,4871.23,4920.59,0.87 %,"276,903,901.80",-
MICROFINANCE,2025-12-15,4880.86,4887.4,4860.64,4878.29,-0.08 %,"237,714,864.20",-
MICROFINANCE,2025-12-14,4890.48,4907.73,4860.75,4882.33,-0.26 %,"295,963,638.30",-
MICROFINANCE,2025-12-11,4887.27,4895.18,4875.16,4895.01,0.09 %,"234,589,893.80",-
MICROFINANCE,2025-12-10,4900.88,4907.07,4875.65,4890.43,-0.30 %,"200,894,809.20",-
MICROFINANCE,2025-12-09,4906.76,4931.96,4891.66,4905.08,-0.07 %,"208,449,300.00",-
MICROFINANCE,2025-12-08,4918.66,4928.72,4883.8,4908.46,-0.30 %,"328,499,042.90",-
MICROFINANCE,2025-12-07,4970.61,4970.61,4908.91,4923.12,-1.05 %,"437,456,475.10",-
MICROFINANCE,2025-12-03,4994.19,5020.18,4956.73,4975.17,-0.49 %,"409,799,183.00",-
MICROFINANCE,2025-12-02,4991.3,5029.31,4981.73,4999.48,-0.07 %,"263,244,594.50",-
MICROFINANCE,2025-12-01,4970.12,5013.39,4964.91,5002.82,0.61 %,"430,466,302.10",-
MICROFINANCE,2025-11-30,5032.04,5041.18,4956.92,4972.36,-1.31 %,"491,116,979.90",-
MICROFINANCE,2025-11-27,5056.14,5056.14,5016.5,5038.17,-0.36 %,"468,342,218.80",-
MICROFINANCE,2025-11-26,5017.08,5058.01,4990.75,5056.28,0.71 %,"674,085,147.50",-
MICROFINANCE,2025-11-25,5015.94,5021.51,4970.1,5020.56,0.05 %,"374,178,085.50",-
MICROFINANCE,2025-11-24,4926.92,5018.08,4923.77,5018.08,1.94 %,"509,634,341.50",-
MICROFINANCE,2025-11-23,4823.73,4922.81,4823.73,4922.81,1.84 %,"405,267,936.80",-
MICROFINANCE,2025-11-20,4816.15,4835.12,4790.32,4834.02,0.27 %,"350,685,964.20",-
MICROFINANCE,2025-11-19,4827.23,4851.56,4798.59,4820.79,-0.07 %,"206,169,039.30",-
MICROFINANCE,2025-11-18,4799.75,4845.65,4799.75,4823.98,0.48 %,"237,753,044.60",-
MICROFINANCE,2025-11-17,4780.31,4809.47,4774.77,4801.11,0.35 %,"189,340,657.40",-
MICROFINANCE,2025-11-16,4802.3,4803.8,4769.18,4784.57,-0.38 %,"191,751,255.40",-
MICROFINANCE,2025-11-13,4793.87,4819.07,4777.38,4803.04,0.01 %,"194,768,563.70",-
MICROFINANCE,2025-11-12,4839.57,4845.6,4793.76,4802.59,-0.70 %,"268,874,304.20",-
MICROFINANCE,2025-11-11,4836.01,4866.93,4800.88,4836.35,-0.05 %,"169,463,653.10",-
MICROFINANCE,2025-11-10,4847.4,4857.37,4796.26,4838.84,-0.08 %,"335,743,316.40",-
MICROFINANCE,2025-11-09,4912.22,4912.88,4825.66,4842.72,-1.28 %,"254,291,278.20",-
MICROFINANCE,2025-11-06,4910.42,4922.15,4876.24,4905.58,-0.13 %,"455,840,779.70",-
MICROFINANCE,2025-11-05,4890.73,4918.19,4845.15,4912.16,0.23 %,"381,399,487.10",-
MICROFINANCE,2025-11-04,4941.21,4955.87,4863.42,4901.03,-0.76 %,"357,102,181.20",-
MICROFINANCE,2025-11-03,4962.45,4977.95,4908.91,4938.5,-0.64 %,"411,208,490.70",-
MICROFINANCE,2025-11-02,4913.14,4982.15,4893.18,4970.11,1.38 %,"461,101,814.10",-
MICROFINANCE,2025-10-30,4830.45,4903.3,4791.99,4902.23,1.60 %,"471,788,040.30",-
MICROFINANCE,2025-10-29,4813.74,4870.49,4779.61,4824.88,0.14 %,"418,351,446.40",-
MICROFINANCE,2025-10-28,4693.86,4818.34,4683.1,4818.34,2.60 %,"313,141,785.40",-
MICROFINANCE,2025-10-26,4702.82,4704.14,4646.73,4696.25,-0.24 %,"166,946,883.70",-
MICROFINANCE,2025-10-19,4694.2,4709.4,4669.12,4707.4,0.47 %,"111,866,523.10",-
MICROFINANCE,2025-10-16,4719.23,4727.12,4643.89,4685.17,-0.73 %,"317,149,953.90",-
MICROFINANCE,2025-10-15,4745.23,4767.43,4682.08,4719.84,-0.57 %,"250,202,330.00",-
MICROFINANCE,2025-10-14,4780.4,4789.74,4719.82,4746.71,-0.80 %,"290,783,776.60",-
MICROFINANCE,2025-10-13,4753.82,4787.15,4705.74,4784.78,0.64 %,"303,838,521.70",-
MICROFINANCE,2025-10-12,4891.02,4891.02,4723.84,4754.57,-2.89 %,"381,871,895.40",-
MICROFINANCE,2025-10-09,4864.49,5032.24,4863.16,4895.96,0.95 %,"332,436,341.50",-
MICROFINANCE,2025-10-08,4948.99,4957.84,4800.38,4849.68,-1.90 %,"349,435,908.20",-
MICROFINANCE,2025-10-07,5032.52,5034.08,4894.04,4943.38,-1.87 %,"305,187,371.50",-
MICROFINANCE,2025-09-28,5007.7,5046.93,5003.11,5037.65,0.60 %,"197,180,527.10",-
MICROFINANCE,2025-09-25,5007.96,5010.31,4979.37,5007.63,-0.10 %,"207,598,407.70",-
MICROFINANCE,2025-09-24,5051.85,5060.39,4971.76,5012.4,-0.85 %,"261,272,436.10",-
MICROFINANCE,2025-09-23,4936.73,5061.44,4929.63,5055.35,2.55 %,"369,864,409.10",-
MICROFINANCE,2025-09-21,4732.06,4949.99,4715.57,4929.81,3.69 %,"543,050,176.80",-
MICROFINANCE,2025-09-18,4905.39,4905.39,4750.19,4754.32,-4.09 %,"23,549,528.00",-
MICROFINANCE,2025-09-08,5015.63,5020.69,4924.13,4957.06,-1.14 %,"364,559,431.30",-
MICROFINANCE,2025-09-07,5012.35,5035.75,4999.45,5014.05,-0.19 %,"263,786,874.90",-
MICROFINANCE,2025-09-04,5025.04,5039.48,4989.3,5023.48,-0.16 %,"415,348,541.50",-
MICROFINANCE,2025-09-03,5059.38,5075.5,5029.7,5031.5,-0.69 %,"414,018,960.70",-
MICROFINANCE,2025-09-02,5111.23,5117.65,5055.89,5066.65,-0.97 %,"453,635,994.20",-
MICROFINANCE,2025-09-01,5093.73,5116.64,5073.29,5116.31,0.27 %,"434,361,569.70",-
MICROFINANCE,2025-08-31,5170.51,5174.41,5086.59,5102.39,-1.38 %,"537,181,668.99",-
MICROFINANCE,2025-08-28,5239.14,5246.24,5172.88,5173.96,-1.41 %,"649,653,010.30",-
MICROFINANCE,2025-08-27,5189.41,5256.1,5184.5,5247.9,1.10 %,"609,972,223.90",-
MICROFINANCE,2025-08-26,5223.87,5229.79,5177.41,5190.94,-0.48 %,"512,998,515.90",-
MICROFINANCE,2025-08-25,5188.68,5275.94,5173.6,5216.07,1.50 %,"1,038,848,645.60",-
MICROFINANCE,2025-08-24,5141.83,5188.31,5123.78,5138.95,-0.15 %,"412,461,494.40",-
MICROFINANCE,2025-08-21,5154.35,5170.37,5129.39,5146.92,-0.22 %,"399,001,093.70",-
MICROFINANCE,2025-08-20,5175.28,5188.62,5153.3,5158.01,-0.41 %,"424,094,417.50",-
MICROFINANCE,2025-08-19,5168.18,5220.5,5167.94,5179.08,0.13 %,"395,349,500.70",-
MICROFINANCE,2025-08-18,5170.24,5194.52,5144.61,5172.47,0.10 %,"494,376,439.40",-
MICROFINANCE,2025-08-17,5236.52,5252.92,5161.18,5167.27,-1.31 %,"639,704,986.30",-
MICROFINANCE,2025-08-14,5239.8,5277.83,5218.86,5236.05,-0.13 %,"533,877,516.00",-
MICROFINANCE,2025-08-13,5256.91,5308.01,5235.18,5242.64,-0.23 %,"539,368,344.00",-
MICROFINANCE,2025-08-12,5331.19,5331.19,5248.16,5254.54,-1.49 %,"745,570,394.10",-
MICROFINANCE,2025-08-11,5455.96,5478.06,5323.36,5334.19,-2.36 %,"1,198,097,399.60",-
MICROFINANCE,2025-08-07,5445.82,5500.36,5445.82,5463.04,0.37 %,"1,094,709,469.50",-
MICROFINANCE,2025-08-06,5368.53,5474.75,5350.75,5443.09,1.41 %,"1,078,810,183.10",-
MICROFINANCE,2025-08-05,5340.18,5446.14,5313.81,5367.23,0.50 %,"1,106,719,125.70",-
MICROFINANCE,2025-08-04,5305.55,5381.34,5258.5,5340.4,0.62 %,"802,095,714.50",-
MICROFINANCE,2025-08-03,5476.63,5476.88,5301.49,5307.27,-3.05 %,"1,126,270,743.40",-
MICROFINANCE,2025-07-31,5522.26,5554.06,5457.5,5474.4,-0.51 %,"1,244,319,186.00",-
MICROFINANCE,2025-07-30,5692.37,5693.2,5478.48,5502.25,-3.28 %,"1,591,570,739.00",-
MICROFINANCE,2025-07-29,5602.33,5745.54,5602.32,5688.96,1.69 %,"2,056,997,801.40",-
MICROFINANCE,2025-07-28,5614.26,5616.01,5496.96,5594.18,-0.29 %,"1,516,038,736.60",-
MICROFINANCE,2025-07-27,5603.9,5714.51,5585.42,5610.44,0.01 %,"2,302,917,384.20",-
MICROFINANCE,2025-07-24,5623.12,5640.93,5557.74,5610.06,-0.23 %,"1,796,807,923.70",-
MICROFINANCE,2025-07-23,5680.64,5685.68,5554.46,5623.18,-0.72 %,"1,907,048,468.70",-
MICROFINANCE,2025-07-22,5450.79,5691.42,5450.24,5664.1,4.07 %,"2,339,441,881.20",-
MICROFINANCE,2025-07-21,5344.73,5493.22,5298.13,5442.55,1.93 %,"2,024,127,381.50",-
MICROFINANCE,2025-07-20,5360.15,5429.89,5304.0,5339.45,-0.03 %,"2,094,434,897.00",-
MICROFINANCE,2025-07-17,5203.86,5350.48,5202.7,5341.03,2.51 %,"1,158,485,288.00",-
MICROFINANCE,2025-07-16,5106.49,5220.07,5104.37,5210.29,1.86 %,"1,300,710,589.90",-
MICROFINANCE,2025-07-15,5049.43,5129.51,5047.15,5115.32,1.28 %,"652,558,696.10",-
MICROFINANCE,2025-07-14,5117.98,5125.8,5043.74,5050.49,-1.24 %,"702,119,227.10",-
MICROFINANCE,2025-07-13,5008.91,5132.79,5008.89,5113.91,3.51 %,"1,266,422,127.70",-
MICROFINANCE,2025-07-10,4875.94,4954.85,4869.91,4940.68,1.46 %,"566,511,500.60",-
MICROFINANCE,2025-07-09,4828.93,4874.89,4814.13,4869.48,0.85 %,"418,717,076.50",-
MICROFINANCE,2025-07-08,4830.08,4838.97,4795.21,4828.27,0.08 %,"284,642,524.90",-
MICROFINANCE,2025-07-07,4857.22,4873.35,4815.34,4824.5,-0.71 %,"432,111,790.50",-
MICROFINANCE,2025-07-06,4868.23,4883.96,4845.38,4858.86,-0.07 %,"492,180,520.20",-
MICROFINANCE,2025-07-03,4878.09,4881.91,4830.83,4862.27,-0.22 %,"395,334,338.60",-
MICROFINANCE,2025-07-02,4849.52,4891.42,4845.28,4873.04,0.56 %,"586,319,816.90",-
MICROFINANCE,2025-07-01,4742.43,4854.75,4741.08,4845.73,2.22 %,"495,450,661.30",-
MICROFINANCE,2025-06-30,4694.13,4747.65,4690.86,4740.48,0.92 %,"289,210,411.80",-
MICROFINANCE,2025-06-29,4626.24,4718.09,4626.18,4697.2,1.59 %,"304,822,208.70",-
MICROFINANCE,2025-06-26,4617.49,4633.8,4612.87,4623.9,0.14 %,"214,298,543.20",-
MICROFINANCE,2025-06-25,4627.65,4637.08,4604.51,4617.49,-0.21 %,"143,621,879.00",-
MICROFINANCE,2025-06-24,4622.21,4663.68,4615.98,4627.42,0.19 %,"197,739,433.20",-
MICROFINANCE,2025-06-23,4615.91,4623.25,4596.66,4618.45,0.02 %,"173,856,771.90",-
MICROFINANCE,2025-06-22,4672.38,4674.55,4613.08,4617.58,-1.16 %,"273,639,322.80",-
MICROFINANCE,2025-06-19,4722.78,4723.39,4671.25,4671.74,-1.06 %,"248,602,069.50",-
MICROFINANCE,2025-06-18,4751.27,4773.7,4709.25,4721.85,-0.54 %,"324,350,206.40",-
MICROFINANCE,2025-06-17,4695.18,4791.27,4695.18,4747.5,1.10 %,"425,619,849.90",-
MICROFINANCE,2025-06-16,4669.3,4717.59,4660.72,4695.73,0.60 %,"249,064,230.40",-
MICROFINANCE,2025-06-15,4688.04,4696.01,4663.79,4667.88,-0.32 %,"217,782,222.40",-
MICROFINANCE,2025-06-12,4701.63,4702.12,4675.77,4682.67,-0.45 %,"246,736,845.50",-
MICROFINANCE,2025-06-11,4720.85,4733.72,4686.36,4703.71,-0.41 %,"206,529,109.60",-
MICROFINANCE,2025-06-10,4693.8,4729.8,4691.43,4723.09,0.61 %,"220,968,806.00",-
MICROFINANCE,2025-06-09,4677.59,4701.85,4664.68,4694.42,0.49 %,"171,606,739.60",-
MICROFINANCE,2025-06-08,4705.04,4705.83,4655.26,4671.76,-0.71 %,"271,005,688.50",-
MICROFINANCE,2025-06-05,4722.35,4755.67,4696.94,4705.11,-0.40 %,"222,166,318.90",-
MICROFINANCE,2025-06-04,4769.38,4771.61,4717.3,4724.18,-0.83 %,"180,449,763.70",-
MICROFINANCE,2025-06-03,4827.18,4829.36,4749.54,4763.69,-1.27 %,"314,249,915.50",-
MICROFINANCE,2025-06-02,4845.28,4879.99,4813.08,4825.04,-0.13 %,"263,061,582.30",-
MICROFINANCE,2025-05-28,4850.57,4850.62,4793.75,4831.23,-0.26 %,"274,928,890.20",-
MICROFINANCE,2025-05-27,4904.13,4904.13,4841.13,4843.85,-1.14 %,"356,082,388.50",-
MICROFINANCE,2025-05-26,5014.06,5052.06,4883.36,4899.57,-1.50 %,"588,587,787.00",-
MICROFINANCE,2025-05-25,4876.02,4988.59,4871.93,4974.42,2.32 %,"891,333,586.10",-
MICROFINANCE,2025-05-22,4740.87,4874.37,4740.86,4861.42,2.58 %,"669,801,109.70",-
MICROFINANCE,2025-05-21,4802.4,4911.57,4733.65,4738.92,-0.52 %,"363,102,179.30",-
MICROFINANCE,2025-05-20,4717.2,4777.76,4670.23,4763.6,1.13 %,"206,101,337.70",-
MICROFINANCE,2025-05-19,4701.23,4738.57,4689.09,4710.31,0.14 %,"313,303,828.70",-
MICROFINANCE,2025-05-18,4646.71,4739.4,4645.57,4703.79,1.23 %,"393,212,701.50",-
MICROFINANCE,2025-05-15,4650.45,4658.59,4631.51,4646.81,-0.06 %,"253,702,145.90",-
MICROFINANCE,2025-05-14,4664.98,4667.45,4643.55,4649.61,-0.27 %,"220,148,721.40",-
MICROFINANCE,2025-05-13,4693.61,4707.9,4641.03,4662.12,-0.70 %,"285,039,589.50",-
MICROFINANCE,2025-05-11,4710.75,4724.16,4678.28,4694.94,-0.23 %,"307,340,153.10",-
MICROFINANCE,2025-05-08,4711.48,4739.51,4677.31,4705.99,-0.13 %,"264,848,233.60",-
MICROFINANCE,2025-05-07,4614.08,4724.87,4597.94,4712.34,2.24 %,"248,704,635.80",-
MICROFINANCE,2025-05-06,4624.48,4647.31,4603.94,4608.92,-0.31 %,"221,716,738.90",-
MICROFINANCE,2025-05-05,4619.61,4655.57,4606.18,4623.12,0.11 %,"234,947,575.70",-
MICROFINANCE,2025-05-04,4634.5,4642.71,4611.21,4617.89,-0.26 %,"254,551,053.70",-
MICROFINANCE,2025-04-30,4626.13,4655.75,4612.48,4629.8,0.04 %,"265,804,925.90",-
MICROFINANCE,2025-04-29,4664.35,4673.52,4626.68,4627.85,-0.78 %,"218,025,651.40",-
MICROFINANCE,2025-04-28,4703.93,4705.11,4657.86,4664.28,-0.76 %,"285,905,343.50",-
MICROFINANCE,2025-04-27,4745.39,4751.13,4694.25,4700.07,-0.94 %,"318,502,326.80",-
MICROFINANCE,2025-04-24,4767.65,4775.93,4729.87,4744.73,-0.46 %,"256,556,164.50",-
MICROFINANCE,2025-04-23,4821.73,4825.07,4765.57,4766.86,-1.05 %,"213,491,153.90",-
MICROFINANCE,2025-04-22,4831.35,4847.29,4809.96,4817.38,-0.33 %,"224,432,364.00",-
MICROFINANCE,2025-04-21,4838.38,4844.07,4806.03,4833.46,-0.11 %,"240,186,093.60",-
MICROFINANCE,2025-04-20,4858.64,4879.8,4831.07,4839.0,-0.55 %,"308,022,403.10",-
MICROFINANCE,2025-04-17,4837.87,4884.74,4825.72,4865.64,0.64 %,"346,083,987.80",-
MICROFINANCE,2025-04-16,4837.32,4856.34,4821.42,4834.87,-0.06 %,"266,588,173.30",-
MICROFINANCE,2025-04-15,4808.45,4853.36,4798.62,4837.81,0.61 %,"234,558,433.40",-
MICROFINANCE,2025-04-13,4821.95,4821.94,4785.69,4808.58,-0.27 %,"240,884,298.20",-
MICROFINANCE,2025-04-10,4802.51,4826.4,4794.19,4821.53,0.38 %,"296,924,806.30",-
MICROFINANCE,2025-04-09,4790.62,4838.42,4786.47,4803.18,0.22 %,"219,209,420.00",-
MICROFINANCE,2025-04-08,4793.22,4805.35,4741.0,4792.51,-0.08 %,"243,412,478.00",-
MICROFINANCE,2025-04-07,4847.63,4847.7,4786.8,4796.54,-1.04 %,"252,916,119.20",-
MICROFINANCE,2025-04-03,4865.44,4885.29,4841.9,4846.89,-0.38 %,"326,518,789.60",-
MICROFINANCE,2025-04-02,4845.45,4879.79,4832.94,4865.19,0.18 %,"247,057,888.80",-
MICROFINANCE,2025-04-01,4916.8,4921.4,4825.82,4856.45,-1.11 %,"277,004,115.30",-
MICROFINANCE,2025-03-30,4879.38,4940.18,4860.02,4910.9,0.63 %,"406,927,866.40",-
MICROFINANCE,2025-03-27,4773.46,4888.18,4761.69,4880.3,2.23 %,"399,858,762.50",-
MICROFINANCE,2025-03-26,4714.37,4784.67,4702.62,4773.9,1.30 %,"260,521,538.60",-
MICROFINANCE,2025-03-25,4829.99,4829.98,4705.76,4712.53,-2.49 %,"336,392,404.50",-
MICROFINANCE,2025-03-24,4792.7,4839.3,4751.4,4833.0,0.79 %,"286,897,398.30",-
MICROFINANCE,2025-03-23,4902.29,4908.33,4790.86,4794.95,-2.37 %,"401,076,218.70",-
MICROFINANCE,2025-03-20,4947.95,4958.78,4905.47,4911.2,-0.66 %,"257,497,074.60",-
MICROFINANCE,2025-03-19,4966.0,4972.04,4913.75,4944.05,-0.49 %,"369,118,852.20",-
MICROFINANCE,2025-03-18,4967.78,5000.69,4952.72,4968.21,-0.31 %,"275,593,942.10",-
MICROFINANCE,2025-03-17,4976.63,5019.92,4953.9,4983.74,-0.02 %,"418,123,580.40",-
MICROFINANCE,2025-03-16,5020.8,5031.15,4953.16,4984.63,-0.88 %,"331,594,052.10",-
MICROFINANCE,2025-03-12,5042.09,5049.55,5014.21,5028.91,-0.28 %,"257,270,572.40",-
MICROFINANCE,2025-03-11,5088.19,5088.19,5011.68,5043.0,-0.89 %,"383,127,649.10",-
MICROFINANCE,2025-03-10,5116.77,5148.79,5064.87,5088.45,-0.63 %,"556,667,765.50",-
MICROFINANCE,2025-03-09,5200.24,5201.15,5100.65,5120.96,-1.59 %,"557,282,855.60",-
MICROFINANCE,2025-03-06,5194.68,5215.44,5177.1,5203.46,0.05 %,"786,821,467.00",-
MICROFINANCE,2025-03-05,5226.45,5236.62,5170.99,5200.74,-0.50 %,"682,501,931.10",-
MICROFINANCE,2025-03-04,5301.78,5306.67,5206.47,5226.97,-1.42 %,"921,039,293.50",-
MICROFINANCE,2025-03-03,5350.31,5391.12,5275.63,5302.04,-0.82 %,"766,517,520.30",-
MICROFINANCE,2025-03-02,5266.73,5345.66,5266.73,5345.66,1.36 %,"805,188,173.00",-
MICROFINANCE,2025-02-27,5272.0,5369.36,5258.82,5273.97,0.91 %,"598,843,505.90",-
MICROFINANCE,2025-02-25,5238.69,5242.85,5205.23,5226.22,-0.16 %,"571,991,414.30",-
MICROFINANCE,2025-02-24,5265.69,5293.09,5212.88,5234.54,-0.63 %,"749,139,408.20",-
MICROFINANCE,2025-02-23,5281.48,5286.12,5190.53,5267.81,-0.66 %,"942,667,028.90",-
MICROFINANCE,2025-02-20,5323.45,5338.74,5279.45,5302.9,-0.30 %,"751,491,127.70",-
MICROFINANCE,2025-02-18,5362.55,5386.68,5295.12,5319.09,-0.80 %,"1,068,102,780.30",-
MICROFINANCE,2025-02-17,5234.46,5384.96,5232.92,5361.91,2.46 %,"1,417,477,414.00",-
MICROFINANCE,2025-02-16,5138.14,5233.19,5138.14,5233.19,1.86 %,"1,043,064,779.20",-
MICROFINANCE,2025-02-13,5125.47,5147.27,5114.1,5137.45,0.18 %,"611,495,599.20",-
MICROFINANCE,2025-02-12,5129.93,5162.55,5120.62,5128.21,-0.11 %,"586,665,041.40",-
MICROFINANCE,2025-02-11,5135.05,5161.27,5121.49,5133.92,-0.05 %,"525,749,049.00",-
MICROFINANCE,2025-02-10,5154.43,5187.76,5114.12,5136.24,-0.28 %,"513,097,458.40",-
MICROFINANCE,2025-02-09,5133.04,5156.44,5110.26,5150.5,0.25 %,"717,128,646.90",-
MICROFINANCE,2025-02-06,5169.42,5169.42,5123.25,5137.42,-0.60 %,"646,707,270.40",-
MICROFINANCE,2025-02-05,5178.3,5191.64,5128.19,5168.35,-0.27 %,"633,926,121.30",-
MICROFINANCE,2025-02-04,5229.86,5240.84,5143.76,5182.11,-0.65 %,"756,785,113.60",-
MICROFINANCE,2025-02-03,5209.6,5296.83,5190.45,5215.9,0.11 %,"977,320,319.60",-
MICROFINANCE,2025-02-02,4969.42,5210.32,4961.1,5210.32,4.92 %,"1,179,698,640.00",-
MICROFINANCE,2025-01-28,4930.52,4965.82,4923.32,4965.81,0.48 %,"588,430,159.90",-
MICROFINANCE,2025-01-27,4936.15,4965.39,4923.07,4941.93,0.04 %,"581,401,705.30",-
MICROFINANCE,2025-01-26,4902.1,4959.58,4901.43,4939.82,0.75 %,"681,906,410.20",-
MICROFINANCE,2025-01-23,4919.92,4920.92,4883.12,4903.0,-0.01 %,"457,756,818.20",-
MICROFINANCE,2025-01-22,4853.94,4908.99,4835.9,4903.58,1.07 %,"366,618,694.10",-
MICROFINANCE,2025-01-21,4852.91,4863.2,4821.59,4851.51,0.03 %,"295,442,899.00",-
MICROFINANCE,2025-01-20,4850.78,4892.02,4841.92,4849.92,-0.04 %,"400,040,316.20",-
MICROFINANCE,2025-01-19,4842.01,4855.5,4822.73,4852.05,0.29 %,"362,385,064.80",-
MICROFINANCE,2025-01-16,4859.38,4884.92,4817.14,4838.26,-0.56 %,"327,371,155.80",-
MICROFINANCE,2025-01-15,4886.34,4905.04,4852.23,4865.4,-0.52 %,"293,318,861.50",-
MICROFINANCE,2025-01-13,4901.71,4924.56,4864.84,4891.02,-0.45 %,"371,539,248.60",-
MICROFINANCE,2025-01-12,4956.94,4966.46,4892.29,4912.98,-0.87 %,"264,638,634.70",-
MICROFINANCE,2025-01-09,5009.79,5013.09,4947.93,4956.17,-1.26 %,"333,850,142.30",-
MICROFINANCE,2025-01-08,4958.36,5047.93,4954.02,5019.34,1.59 %,"511,447,981.80",-
MICROFINANCE,2025-01-07,4911.96,4945.8,4889.65,4940.64,0.44 %,"378,962,555.50",-
MICROFINANCE,2025-01-06,4875.65,4920.89,4870.29,4918.87,0.76 %,"542,463,580.30",-
MICROFINANCE,2025-01-05,4882.29,4882.29,4836.53,4882.01,-0.15 %,"409,377,854.40",-
MICROFINANCE,2025-01-02,4882.8,4909.37,4849.38,4889.33,-0.21 %,"401,168,975.30",-
MICROFINANCE,2025-01-01,4906.58,4915.03,4866.76,4899.76,-0.16 %,"362,167,519.80",-
MICROFINANCE,2024-12-31,4974.35,4978.5,4850.25,4907.72,-1.41 %,"502,058,375.70",-
MICROFINANCE,2024-12-29,4921.9,5033.01,4909.42,4977.97,1.13 %,"798,979,106.30",-
MICROFINANCE,2024-12-26,4912.93,4928.86,4893.14,4922.47,0.15 %,"638,903,288.70",-
MICROFINANCE,2024-12-24,4865.05,4930.84,4854.52,4915.27,1.05 %,"448,304,764.70",-
MICROFINANCE,2024-12-23,4819.93,4864.75,4803.6,4864.36,0.81 %,"413,225,895.60",-
MICROFINANCE,2024-12-22,4842.39,4863.93,4783.2,4825.16,-0.40 %,"389,095,838.00",-
MICROFINANCE,2024-12-19,4880.94,4891.0,4815.25,4844.5,-0.71 %,"457,049,208.00",-
MICROFINANCE,2024-12-18,4880.28,4922.78,4859.04,4879.34,0.09 %,"444,107,477.70",-
MICROFINANCE,2024-12-17,4851.62,4881.0,4814.37,4874.95,0.56 %,"299,783,182.10",-
MICROFINANCE,2024-12-16,4947.2,4947.2,4829.37,4847.68,-1.87 %,"310,137,130.10",-
MICROFINANCE,2024-12-12,4980.5,5020.67,4921.46,4939.98,-0.69 %,"510,687,245.50",-
MICROFINANCE,2024-12-11,4954.26,4975.59,4924.81,4974.34,0.43 %,"259,253,477.00",-
MICROFINANCE,2024-12-10,4948.12,4976.63,4916.92,4953.16,0.14 %,"380,869,961.60",-
MICROFINANCE,2024-12-09,4979.65,4994.31,4909.31,4946.35,-0.61 %,"352,030,120.90",-
MICROFINANCE,2024-12-08,5048.58,5057.24,4941.88,4976.74,-1.51 %,"462,934,395.40",-
MICROFINANCE,2024-12-05,5110.19,5115.29,5030.5,5052.92,-1.14 %,"563,968,894.00",-
MICROFINANCE,2024-12-04,5119.95,5134.18,5086.77,5111.28,0.12 %,"572,613,551.10",-
MICROFINANCE,2024-12-03,5121.95,5140.83,5084.97,5105.06,-0.33 %,"457,691,771.20",-
MICROFINANCE,2024-12-02,5122.38,5148.4,5099.87,5121.79,0.15 %,"610,487,655.70",-
MICROFINANCE,2024-12-01,5151.52,5151.52,5089.59,5113.95,-0.93 %,"480,472,891.30",-
MICROFINANCE,2024-11-28,5192.8,5201.43,5149.51,5161.85,-0.63 %,"687,752,383.50",-
MICROFINANCE,2024-11-27,5142.92,5194.41,5137.41,5194.41,0.97 %,"825,235,756.30",-
MICROFINANCE,2024-11-26,5096.89,5145.3,5091.48,5144.53,0.85 %,"485,681,575.30",-
MICROFINANCE,2024-11-25,5090.06,5112.24,5073.51,5101.06,0.20 %,"425,494,332.20",-
MICROFINANCE,2024-11-24,5149.92,5165.26,5080.64,5091.09,-0.94 %,"535,856,673.38",-
MICROFINANCE,2024-11-21,5170.38,5214.92,5119.42,5139.58,-0.69 %,"1,006,514,930.40",-
MICROFINANCE,2024-11-20,5171.95,5182.51,5127.36,5175.06,0.08 %,"456,924,027.60",-
MICROFINANCE,2024-11-19,5263.59,5265.37,5141.35,5170.97,-1.51 %,"1,166,103,619.40",-
MICROFINANCE,2024-11-17,5191.45,5276.21,5186.92,5250.02,1.28 %,"1,289,778,261.10",-
MICROFINANCE,2024-11-14,5138.2,5189.55,5131.68,5183.66,0.77 %,"911,920,786.70",-
MICROFINANCE,2024-11-13,5167.4,5173.34,5115.54,5143.81,-0.37 %,"502,880,848.40",-
MICROFINANCE,2024-11-12,5195.27,5254.65,5142.1,5162.96,-0.68 %,"652,433,404.70",-
MICROFINANCE,2024-11-11,5035.12,5235.7,5035.12,5198.19,3.21 %,"977,065,007.90",-
MICROFINANCE,2024-11-10,4960.37,5036.72,4947.06,5036.72,1.52 %,"456,172,354.30",-
MICROFINANCE,2024-11-06,4969.43,4975.85,4941.67,4961.32,-0.08 %,"251,224,795.80",-
MICROFINANCE,2024-11-05,4968.75,4990.71,4938.87,4965.24,-0.07 %,"196,410,510.50",-
MICROFINANCE,2024-10-30,4974.34,4989.31,4945.06,4968.75,-0.15 %,"282,690,667.30",-
MICROFINANCE,2024-10-29,4901.33,4976.51,4900.32,4976.08,1.51 %,"288,385,524.80",-
MICROFINANCE,2024-10-28,4841.21,4902.69,4838.98,4902.09,1.26 %,"256,098,739.90",-
MICROFINANCE,2024-10-27,4881.03,4889.27,4815.17,4840.94,-0.73 %,"274,336,528.90",-
MICROFINANCE,2024-10-24,4922.91,4926.8,4855.32,4876.78,-0.82 %,"272,172,621.80",-
MICROFINANCE,2024-10-23,4934.41,4939.05,4895.8,4917.07,-0.33 %,"207,883,793.20",-
MICROFINANCE,2024-10-22,4899.41,4937.08,4875.16,4933.24,0.67 %,"207,066,275.28",-
MICROFINANCE,2024-10-21,4994.92,4999.23,4872.79,4900.65,-1.89 %,"309,864,128.50",-
MICROFINANCE,2024-10-20,5068.97,5071.58,4971.16,4995.15,-1.53 %,"374,904,102.74",-
MICROFINANCE,2024-10-17,5079.88,5114.31,5063.39,5072.62,-0.19 %,"369,089,317.70",-
MICROFINANCE,2024-10-16,5005.39,5082.37,4998.74,5082.37,1.49 %,"257,423,365.20",-
MICROFINANCE,2024-10-15,4970.28,5008.89,4961.29,5007.82,0.73 %,"139,057,190.80",-
MICROFINANCE,2024-10-09,4957.86,4976.99,4917.79,4971.77,0.18 %,"216,068,150.40",-
MICROFINANCE,2024-10-08,5006.38,5010.57,4930.89,4962.91,-0.92 %,"259,781,744.50",-
MICROFINANCE,2024-10-07,4943.3,5020.82,4942.29,5008.92,1.51 %,"368,301,196.00",-
MICROFINANCE,2024-10-06,4859.84,4934.69,4838.14,4934.36,1.47 %,"231,329,029.20",-
MICROFINANCE,2024-10-02,4909.3,4940.98,4821.15,4862.78,-0.99 %,"405,669,311.20",-
MICROFINANCE,2024-10-01,4722.87,4911.4,4714.11,4911.4,3.99 %,"548,054,228.50",-
MICROFINANCE,2024-09-30,4634.54,4724.9,4621.63,4723.16,1.86 %,"277,810,221.00",-
MICROFINANCE,2024-09-29,4649.72,4668.1,4597.73,4637.1,-0.18 %,"242,584,658.70",-
MICROFINANCE,2024-09-26,4700.42,4734.57,4617.64,4645.47,-1.32 %,"309,290,797.70",-
MICROFINANCE,2024-09-25,4633.39,4708.64,4587.57,4707.54,1.50 %,"360,851,466.40",-
MICROFINANCE,2024-09-24,4746.82,4775.59,4611.65,4638.0,-2.38 %,"437,502,092.10",-
MICROFINANCE,2024-09-23,4872.42,4881.04,4727.33,4751.08,-2.56 %,"450,314,243.50",-
MICROFINANCE,2024-09-22,4884.43,4984.34,4843.49,4875.97,-0.19 %,"322,427,170.80",-
MICROFINANCE,2024-09-18,4936.81,4943.83,4862.36,4885.11,-1.07 %,"429,159,167.10",-
MICROFINANCE,2024-09-16,5065.93,5070.8,4904.29,4938.15,-2.43 %,"586,320,351.00",-
MICROFINANCE,2024-09-15,5158.59,5222.09,5040.13,5061.28,-1.89 %,"736,137,783.90",-
MICROFINANCE,2024-09-12,5082.13,5158.69,5070.03,5158.59,1.59 %,"674,072,051.30",-
MICROFINANCE,2024-09-11,5101.3,5154.49,5057.98,5077.86,-0.54 %,"699,993,295.30",-
MICROFINANCE,2024-09-10,5152.03,5196.5,5065.46,5105.53,-0.91 %,"504,971,066.70",-
MICROFINANCE,2024-09-09,5269.48,5285.17,5124.4,5152.56,-2.33 %,"784,440,719.60",-
MICROFINANCE,2024-09-08,5215.68,5394.44,5215.67,5275.5,1.21 %,"1,505,820,328.00",-
MICROFINANCE,2024-09-05,5114.79,5292.6,5061.33,5212.4,1.69 %,"1,098,661,353.60",-
MICROFINANCE,2024-09-04,5202.02,5298.74,5104.07,5125.99,-1.38 %,"1,152,374,255.70",-
MICROFINANCE,2024-09-03,5174.28,5247.92,5149.15,5197.96,0.38 %,"647,690,667.10",-
MICROFINANCE,2024-09-02,5013.4,5178.28,4996.78,5178.28,3.34 %,"708,277,919.40",-
MICROFINANCE,2024-09-01,5105.49,5152.91,4996.1,5011.07,-1.88 %,"771,099,475.90",-
MICROFINANCE,2024-08-29,5212.36,5224.47,5071.14,5107.24,-2.02 %,"795,422,827.20",-
MICROFINANCE,2024-08-28,5282.96,5351.27,5178.67,5212.35,-1.08 %,"753,987,957.00",-
MICROFINANCE,2024-08-27,5444.88,5488.75,5242.47,5269.42,-2.97 %,"1,184,700,329.70",-
MICROFINANCE,2024-08-25,5374.77,5609.3,5282.7,5430.62,1.09 %,"1,873,277,599.40",-
MICROFINANCE,2024-08-22,5372.11,5408.86,5345.45,5372.21,-0.02 %,"980,814,541.40",-
MICROFINANCE,2024-08-21,5414.68,5487.43,5356.66,5373.38,-0.55 %,"1,076,178,477.90",-
MICROFINANCE,2024-08-18,5438.27,5541.6,5373.67,5402.9,-0.32 %,"1,535,731,069.20",-
MICROFINANCE,2024-08-15,5460.54,5495.1,5407.53,5419.98,-0.14 %,"1,409,471,864.80",-
MICROFINANCE,2024-08-14,5448.34,5469.86,5344.64,5427.5,-0.71 %,"1,214,074,690.20",-
MICROFINANCE,2024-08-13,5541.48,5596.97,5427.66,5466.08,-1.14 %,"1,105,684,770.80",-
MICROFINANCE,2024-08-12,5510.87,5661.04,5503.09,5528.89,1.09 %,"1,503,267,204.20",-
MICROFINANCE,2024-08-11,5254.25,5469.95,5254.24,5469.42,4.71 %,"1,759,005,498.30",-
MICROFINANCE,2024-08-08,5269.48,5316.96,5210.82,5239.06,-0.45 %,"894,831,645.50",-
MICROFINANCE,2024-08-07,5139.38,5262.51,5137.94,5262.51,2.17 %,"969,784,548.70",-
MICROFINANCE,2024-08-06,5355.95,5374.83,5131.82,5150.64,-3.83 %,"1,364,663,704.70",-
MICROFINANCE,2024-08-05,5379.95,5396.18,5310.71,5355.82,-0.76 %,"1,070,377,060.00",-
MICROFINANCE,2024-08-01,5441.1,5508.03,5380.29,5396.83,-0.83 %,"1,311,389,399.70",-
MICROFINANCE,2024-07-31,5408.09,5464.74,5408.08,5441.78,0.64 %,"1,396,472,157.43",-
MICROFINANCE,2024-07-30,5379.07,5433.33,5255.5,5407.39,0.98 %,"1,177,262,064.70",-
MICROFINANCE,2024-07-29,5575.34,5575.76,5339.65,5354.68,-3.71 %,"1,699,042,636.10",-
MICROFINANCE,2024-07-28,5632.81,5756.89,5402.64,5561.07,-0.18 %,"1,574,457,608.10",-
MICROFINANCE,2024-07-25,5223.45,5571.54,5220.74,5571.14,6.82 %,"2,549,109,194.50",-
MICROFINANCE,2024-07-24,5293.63,5330.19,5171.08,5215.3,-1.37 %,"1,235,149,227.40",-
MICROFINANCE,2024-07-23,5222.64,5288.19,5192.73,5287.91,1.40 %,"1,157,270,277.70",-
MICROFINANCE,2024-07-22,5248.1,5275.12,5147.72,5215.15,-0.54 %,"1,077,754,437.40",-
MICROFINANCE,2024-07-21,5171.66,5251.82,5137.24,5243.24,1.61 %,"1,355,046,347.30",-
MICROFINANCE,2024-07-18,5035.71,5231.2,5032.49,5159.95,2.78 %,"1,738,055,875.30",-
MICROFINANCE,2024-07-17,4928.9,5020.55,4921.96,5020.55,1.84 %,"929,697,152.40",-
MICROFINANCE,2024-07-16,4816.79,4930.02,4803.63,4929.71,2.31 %,"665,651,091.00",-
MICROFINANCE,2024-07-15,4907.58,4943.42,4799.59,4818.4,-1.41 %,"700,052,767.60",-
MICROFINANCE,2024-07-14,4899.41,5004.88,4858.91,4887.38,0.83 %,"731,908,583.40",-
MICROFINANCE,2024-07-11,4897.7,4915.22,4824.09,4847.24,-0.53 %,"867,620,294.80",-
MICROFINANCE,2024-07-10,4814.84,4924.04,4812.32,4873.15,1.54 %,"1,247,261,995.70",-
MICROFINANCE,2024-07-09,4653.99,4805.66,4645.72,4799.21,3.06 %,"1,194,827,432.60",-
MICROFINANCE,2024-07-08,4624.68,4656.52,4607.37,4656.52,0.93 %,"655,217,866.70",-
MICROFINANCE,2024-07-07,4550.97,4615.35,4550.79,4613.84,1.46 %,"627,839,707.80",-
MICROFINANCE,2024-07-04,4537.35,4575.49,4530.06,4547.23,0.21 %,"458,465,785.20",-
MICROFINANCE,2024-07-03,4545.27,4556.25,4499.84,4537.65,-0.14 %,"488,273,782.10",-
MICROFINANCE,2024-07-02,4514.04,4695.98,4514.04,4544.16,1.46 %,"444,035,350.10",-
MICROFINANCE,2024-07-01,4464.98,4488.15,4448.62,4478.91,0.32 %,"355,758,954.50",-
MICROFINANCE,2024-06-30,4522.72,4528.31,4456.88,4464.52,-1.38 %,"514,343,918.00",-
MICROFINANCE,2024-06-27,4575.19,4576.03,4516.85,4526.9,-0.96 %,"436,107,574.80",-
MICROFINANCE,2024-06-26,4589.86,4621.27,4554.58,4570.74,-0.49 %,"731,034,789.10",-
MICROFINANCE,2024-06-25,4578.38,4600.61,4572.48,4593.1,0.35 %,"691,684,739.80",-
MICROFINANCE,2024-06-24,4508.01,4602.16,4496.04,4577.29,1.37 %,"940,646,420.70",-
MICROFINANCE,2024-06-23,4569.69,4571.12,4502.08,4515.53,-1.24 %,"511,038,161.30",-
MICROFINANCE,2024-06-20,4602.21,4608.07,4554.16,4572.09,-0.65 %,"562,854,964.40",-
MICROFINANCE,2024-06-19,4589.04,4632.84,4577.72,4602.16,0.15 %,"608,522,352.40",-
MICROFINANCE,2024-06-18,4621.48,4624.38,4576.28,4595.28,-0.64 %,"697,302,784.90",-
MICROFINANCE,2024-06-16,4704.44,4714.55,4601.61,4625.09,-1.71 %,"817,475,857.50",-
MICROFINANCE,2024-06-13,4728.33,4763.77,4688.61,4705.66,-0.39 %,"1,055,415,582.10",-
MICROFINANCE,2024-06-12,4680.26,4748.4,4675.68,4724.03,0.88 %,"968,022,085.60",-
MICROFINANCE,2024-06-11,4647.09,4692.04,4626.4,4682.75,1.06 %,"784,845,149.20",-
MICROFINANCE,2024-06-10,4602.09,4637.28,4589.59,4633.78,0.62 %,"831,107,047.10",-
MICROFINANCE,2024-06-09,4666.42,4687.94,4592.74,4605.21,-1.10 %,"1,153,838,959.50",-
MICROFINANCE,2024-06-06,4606.66,4703.72,4606.12,4656.35,0.92 %,"1,277,107,103.00",-
MICROFINANCE,2024-06-05,4552.01,4627.96,4546.75,4614.03,1.32 %,"1,018,430,344.60",-
MICROFINANCE,2024-06-04,4491.08,4593.79,4487.35,4553.95,1.48 %,"1,013,031,684.30",-
MICROFINANCE,2024-06-03,4376.95,4525.4,4365.62,4487.52,2.44 %,"676,369,775.70",-
MICROFINANCE,2024-06-02,4354.94,4386.32,4345.82,4380.72,0.52 %,"497,770,259.90",-
MICROFINANCE,2024-05-30,4448.41,4448.41,4352.77,4357.91,-1.97 %,"595,265,107.80",-
MICROFINANCE,2024-05-29,4536.67,4552.47,4419.83,4445.3,-1.72 %,"605,804,343.90",-
MICROFINANCE,2024-05-27,4511.94,4542.76,4487.25,4523.06,0.43 %,"561,225,266.10",-
MICROFINANCE,2024-05-26,4608.99,4616.46,4481.07,4503.65,-1.78 %,"841,257,134.70",-
MICROFINANCE,2024-05-22,4639.15,4667.43,4560.89,4585.34,-1.10 %,"1,064,350,200.20",-
MICROFINANCE,2024-05-21,4563.24,4644.86,4534.75,4636.41,1.48 %,"909,277,087.10",-
MICROFINANCE,2024-05-20,4603.68,4676.22,4546.98,4568.81,-0.66 %,"1,158,784,723.50",-
MICROFINANCE,2024-05-19,4579.78,4601.27,4503.26,4598.95,1.37 %,"1,135,981,458.00",-
MICROFINANCE,2024-05-16,4366.18,4567.53,4361.37,4536.97,3.81 %,"1,453,171,861.50",-
MICROFINANCE,2024-05-15,4407.05,4463.84,4358.28,4370.64,-0.61 %,"894,881,783.40",-
MICROFINANCE,2024-05-14,4257.32,4403.62,4254.26,4397.5,3.44 %,"1,176,240,739.30",-
MICROFINANCE,2024-05-13,4232.02,4251.19,4207.17,4251.15,0.72 %,"547,311,778.20",-
MICROFINANCE,2024-05-12,4275.45,4276.26,4197.84,4220.96,-1.35 %,"619,671,412.50",-
MICROFINANCE,2024-05-09,4321.68,4347.42,4255.97,4278.77,-0.90 %,"729,108,008.30",-
MICROFINANCE,2024-05-08,4205.5,4318.96,4204.81,4317.72,2.76 %,"930,850,986.60",-
MICROFINANCE,2024-05-07,4103.52,4213.66,4091.25,4201.57,2.44 %,"645,186,081.60",-
MICROFINANCE,2024-05-06,4175.19,4179.41,4089.34,4101.59,-1.81 %,"447,353,392.30",-
MICROFINANCE,2024-05-05,4182.06,4292.61,4162.49,4177.28,0.16 %,"954,502,035.00",-
MICROFINANCE,2024-05-02,4027.61,4221.71,4026.24,4170.76,3.45 %,"862,644,123.60",-
MICROFINANCE,2024-04-30,3973.68,4044.03,3958.5,4031.62,1.41 %,"347,906,958.90",-
MICROFINANCE,2024-04-29,3970.01,3989.5,3957.3,3975.51,-0.01 %,"204,954,183.50",-
MICROFINANCE,2024-04-28,3919.4,3981.99,3917.87,3975.71,1.40 %,"235,708,476.80",-
MICROFINANCE,2024-04-25,3932.89,3948.62,3903.61,3920.79,-0.37 %,"168,438,374.20",-
MICROFINANCE,2024-04-24,3933.55,3959.95,3924.84,3935.16,-0.05 %,"186,652,140.70",-
MICROFINANCE,2024-04-22,3969.82,3990.76,3922.54,3937.23,-0.97 %,"225,131,979.30",-
MICROFINANCE,2024-04-21,3941.35,3976.49,3901.68,3975.95,0.80 %,"209,835,234.70",-
MICROFINANCE,2024-04-18,4011.96,4011.96,3932.36,3944.2,0.00 %,"245,444,296.40",-
MICROFINANCE,2024-04-16,4052.06,4052.06,3997.91,4013.39,-1.17 %,"204,624,524.00",-
MICROFINANCE,2024-04-15,4073.95,4133.39,4044.21,4060.87,-0.50 %,"464,309,977.50",-
MICROFINANCE,2024-04-14,4002.58,4093.72,3982.26,4081.36,1.91 %,"440,168,941.80",-
MICROFINANCE,2024-04-10,4051.41,4062.14,3973.14,4004.77,-1.15 %,"382,972,131.30",-
MICROFINANCE,2024-04-09,4099.62,4125.79,4037.0,4051.49,-1.14 %,"487,923,847.80",-
MICROFINANCE,2024-04-07,4073.06,4132.01,4071.34,4098.24,0.70 %,"604,126,431.90",-
MICROFINANCE,2024-04-04,3972.87,4114.29,3964.68,4069.86,2.39 %,"760,154,409.00",-
MICROFINANCE,2024-04-03,3907.77,3982.59,3904.63,3974.9,1.65 %,"446,547,847.70",-
MICROFINANCE,2024-04-02,3836.81,3932.17,3835.15,3910.34,1.89 %,"354,543,879.90",-
MICROFINANCE,2024-04-01,3843.03,3845.86,3813.44,3837.77,-0.14 %,"218,681,639.60",-
MICROFINANCE,2024-03-31,3888.7,3891.06,3831.29,3843.17,-1.21 %,"229,207,469.00",-
MICROFINANCE,2024-03-28,3915.16,3920.78,3875.81,3890.09,-0.48 %,"215,633,970.80",-
MICROFINANCE,2024-03-27,3940.92,3954.84,3880.81,3908.93,-0.69 %,"289,096,768.30",-
MICROFINANCE,2024-03-26,3919.04,3965.85,3917.31,3936.26,0.42 %,"260,650,564.20",-
MICROFINANCE,2024-03-25,4017.33,4017.32,3908.62,3919.62,-2.26 %,"355,755,058.80",-
MICROFINANCE,2024-03-21,4062.05,4088.36,3985.54,4010.25,-1.32 %,"395,888,091.70",-
MICROFINANCE,2024-03-20,3966.53,4133.01,3966.53,4063.91,2.52 %,"1,011,319,214.10",-
MICROFINANCE,2024-03-19,3884.75,3988.64,3880.57,3964.21,2.03 %,"481,397,565.70",-
MICROFINANCE,2024-03-18,3857.04,3885.92,3836.42,3885.16,0.63 %,"267,962,666.70",-
MICROFINANCE,2024-03-17,3861.03,3906.6,3843.83,3860.9,-0.04 %,"343,119,153.60",-
MICROFINANCE,2024-03-14,3946.33,3947.47,3836.09,3862.42,-2.09 %,"340,382,913.30",-
MICROFINANCE,2024-03-13,3937.69,3984.68,3913.31,3944.93,0.45 %,"378,470,187.80",-
MICROFINANCE,2024-03-12,3750.07,3927.42,3749.07,3927.42,5.06 %,"524,053,234.00",-
MICROFINANCE,2024-03-10,3585.72,3746.52,3583.69,3738.35,4.21 %,"347,338,901.80",-
MICROFINANCE,2024-03-07,3561.73,3594.61,3558.36,3587.21,0.82 %,"137,805,898.50",-
MICROFINANCE,2024-03-06,3532.19,3577.09,3513.3,3558.17,0.71 %,"141,165,963.90",-
MICROFINANCE,2024-03-05,3611.32,3613.67,3515.48,3533.14,-1.27 %,"148,899,946.20",-
MICROFINANCE,2024-03-04,3469.06,3578.69,3469.05,3578.69,3.09 %,"6,693,085.32",-
MICROFINANCE,2024-03-03,3488.84,3495.83,3431.18,3471.39,-0.52 %,"92,277,040.40",-
MICROFINANCE,2024-02-29,3534.36,3538.63,3478.73,3489.43,-1.27 %,"113,882,306.80",-
MICROFINANCE,2024-02-28,3538.84,3557.12,3512.5,3534.35,-0.16 %,"68,975,379.70",-
MICROFINANCE,2024-02-27,3526.45,3546.65,3504.85,3539.85,0.37 %,"110,529,895.00",-
MICROFINANCE,2024-02-26,3528.8,3536.35,3495.42,3526.97,-0.06 %,"77,265,165.70",-
MICROFINANCE,2024-02-25,3577.87,3578.39,3516.95,3529.09,-1.35 %,"135,408,349.20",-
MICROFINANCE,2024-02-22,3596.77,3600.23,3563.82,3577.36,-0.52 %,"149,014,555.00",-
MICROFINANCE,2024-02-21,3606.14,3626.94,3585.76,3596.11,-0.27 %,"105,436,431.00",-
MICROFINANCE,2024-02-20,3633.44,3633.77,3589.13,3605.81,-0.75 %,"109,986,079.50",-
MICROFINANCE,2024-02-18,3674.14,3674.57,3610.89,3633.02,-1.06 %,"100,666,630.80",-
MICROFINANCE,2024-02-15,3688.57,3707.25,3656.2,3671.96,-0.47 %,"102,064,066.50",-
MICROFINANCE,2024-02-14,3676.51,3691.77,3668.77,3689.35,0.34 %,"90,459,587.10",-
MICROFINANCE,2024-02-13,3738.89,3739.37,3668.69,3676.77,-1.55 %,"127,884,531.80",-
MICROFINANCE,2024-02-12,3716.98,3734.69,3702.05,3734.69,0.32 %,"104,628,858.00",-
MICROFINANCE,2024-02-11,3741.38,3752.91,3715.41,3722.67,-0.43 %,"152,005,536.90",-
MICROFINANCE,2024-02-08,3715.87,3740.62,3690.8,3738.71,0.56 %,"109,428,187.50",-
MICROFINANCE,2024-02-07,3715.03,3721.19,3705.22,3717.93,0.01 %,"91,923,994.60",-
MICROFINANCE,2024-02-06,3683.18,3717.66,3676.06,3717.66,0.83 %,"111,504,885.60",-
MICROFINANCE,2024-02-05,3668.88,3692.26,3666.52,3686.93,0.49 %,"123,302,582.30",-
MICROFINANCE,2024-02-04,3681.02,3689.54,3638.1,3668.96,-0.20 %,"135,583,779.20",-
MICROFINANCE,2024-02-01,3731.19,3742.03,3660.44,3676.25,-1.47 %,"99,888,791.20",-
MICROFINANCE,2024-01-31,3776.6,3790.34,3710.01,3731.19,-1.07 %,"116,868,000.70",-
MICROFINANCE,2024-01-30,3781.68,3811.58,3754.38,3771.56,-0.31 %,"140,555,047.00",-
MICROFINANCE,2024-01-29,3782.54,3803.53,3764.55,3783.18,-0.06 %,"122,602,777.80",-
MICROFINANCE,2024-01-28,3762.37,3785.37,3736.67,3785.37,0.56 %,"145,647,915.90",-
MICROFINANCE,2024-01-25,3781.89,3789.28,3735.26,3764.38,-0.49 %,"119,476,278.70",-
MICROFINANCE,2024-01-24,3782.93,3818.17,3765.96,3782.78,-0.11 %,"147,305,323.40",-
MICROFINANCE,2024-01-23,3786.62,3818.72,3757.37,3786.77,-0.13 %,"139,367,444.00",-
MICROFINANCE,2024-01-22,3864.42,3864.41,3774.4,3791.73,-1.95 %,"217,092,297.00",-
MICROFINANCE,2024-01-21,3918.6,3925.3,3852.62,3867.13,-1.42 %,"286,331,124.90",-
MICROFINANCE,2024-01-18,3963.88,3964.17,3873.84,3922.86,-1.03 %,"279,286,781.40",-
MICROFINANCE,2024-01-17,3951.53,4050.5,3939.28,3963.81,0.29 %,"536,013,480.60",-
MICROFINANCE,2024-01-16,3838.04,3952.76,3836.07,3952.4,3.03 %,"367,701,234.00",-
MICROFINANCE,2024-01-14,3762.55,3839.61,3749.04,3836.31,1.96 %,"275,682,108.40",-
MICROFINANCE,2024-01-11,3731.76,3765.99,3712.46,3762.54,0.83 %,"178,885,730.00",-
MICROFINANCE,2024-01-10,3697.05,3790.19,3697.04,3731.53,1.02 %,"282,717,500.40",-
MICROFINANCE,2024-01-09,3648.89,3704.44,3646.08,3693.83,1.12 %,"178,855,861.35",-
MICROFINANCE,2024-01-08,3611.24,3653.0,3603.09,3653.0,1.18 %,"203,900,095.40",-
MICROFINANCE,2024-01-07,3625.97,3647.45,3583.59,3610.41,-0.45 %,"192,109,106.00",-
MICROFINANCE,2024-01-04,3630.97,3669.85,3617.46,3626.74,-0.30 %,"147,430,229.00",-
MICROFINANCE,2024-01-03,3621.96,3637.83,3598.66,3637.83,0.58 %,"109,491,868.60",-
MICROFINANCE,2024-01-02,3665.37,3683.1,3604.07,3616.9,-1.30 %,"198,770,978.30",-
MICROFINANCE,2024-01-01,3674.29,3712.8,3655.89,3664.6,-0.16 %,"168,092,892.40",-
MICROFINANCE,2023-12-28,3678.48,3692.94,3638.92,3670.31,-0.22 %,"195,772,292.60",-
MICROFINANCE,2023-12-27,3723.13,3748.49,3660.45,3678.48,-1.21 %,"209,763,248.50",-
MICROFINANCE,2023-12-24,3777.46,3784.21,3712.24,3723.5,-1.39 %,"279,443,578.60",-
MICROFINANCE,2023-12-21,3859.86,3870.14,3751.15,3775.89,-2.03 %,"285,978,640.50",-
MICROFINANCE,2023-12-20,3837.25,3875.13,3807.31,3854.03,0.94 %,"295,002,570.10",-
MICROFINANCE,2023-12-19,3775.78,3818.53,3725.67,3818.32,1.56 %,"229,436,882.58",-
MICROFINANCE,2023-12-18,3565.62,3760.8,3565.62,3759.59,5.53 %,"471,540,159.40",-
MICROFINANCE,2023-12-17,3522.84,3567.01,3484.37,3562.57,1.14 %,"179,066,579.30",-
MICROFINANCE,2023-12-14,3534.52,3534.95,3486.68,3522.28,-0.48 %,"154,727,533.41",-
MICROFINANCE,2023-12-13,3524.52,3559.89,3478.77,3539.33,1.18 %,"185,896,873.50",-
MICROFINANCE,2023-12-12,3453.58,3510.2,3426.43,3510.2,1.55 %,"228,140,865.70",-
MICROFINANCE,2023-12-11,3477.63,3491.05,3395.31,3456.57,0.45 %,"253,672,870.30",-
MICROFINANCE,2023-12-10,3256.47,3441.11,3256.46,3441.11,5.65 %,"11,832,315.90",-
MICROFINANCE,2023-12-07,3254.28,3266.01,3228.44,3256.94,0.08 %,"73,805,487.20",-
MICROFINANCE,2023-12-06,3237.9,3254.18,3205.01,3254.18,0.52 %,"54,989,794.10",-
MICROFINANCE,2023-12-05,3264.42,3266.12,3221.57,3237.35,-0.92 %,"47,969,315.90",-
MICROFINANCE,2023-12-04,3263.9,3268.46,3235.71,3267.26,0.00 %,"57,753,510.10",-
MICROFINANCE,2023-12-03,3263.9,3271.36,3221.24,3267.11,0.07 %,"74,904,307.50",-
MICROFINANCE,2023-11-30,3283.18,3298.06,3235.09,3264.92,-0.65 %,"73,248,549.80",-
MICROFINANCE,2023-11-29,3294.36,3313.88,3272.43,3286.32,-0.26 %,"56,031,970.90",-
MICROFINANCE,2023-11-28,3313.43,3320.16,3279.17,3294.81,-0.58 %,"69,244,280.10",-
MICROFINANCE,2023-11-27,3336.76,3360.93,3302.46,3314.13,-0.77 %,"57,092,433.20",-
MICROFINANCE,2023-11-26,3272.04,3339.99,3271.3,3339.99,2.06 %,"92,070,707.00",-
MICROFINANCE,2023-11-23,3282.13,3282.27,3247.97,3272.67,-0.29 %,"53,725,703.10",-
MICROFINANCE,2023-11-22,3255.39,3286.14,3228.85,3282.12,0.73 %,"57,131,896.30",-
MICROFINANCE,2023-11-21,3355.61,3355.6,3249.6,3258.43,-2.90 %,"94,142,836.20",-
MICROFINANCE,2023-11-20,3401.58,3409.81,3322.87,3355.6,-1.42 %,"88,237,878.50",-
MICROFINANCE,2023-11-09,3432.4,3432.39,3389.04,3404.09,-0.84 %,"50,935,706.20",-
MICROFINANCE,2023-11-08,3422.22,3434.92,3415.66,3432.82,0.25 %,"34,966,559.80",-
MICROFINANCE,2023-11-07,3403.34,3433.23,3397.45,3424.4,0.62 %,"45,715,610.30",-
MICROFINANCE,2023-11-06,3392.26,3411.62,3372.54,3403.34,0.27 %,"57,179,788.60",-
MICROFINANCE,2023-11-05,3429.02,3429.02,3368.96,3394.32,-1.00 %,"76,113,562.60",-
MICROFINANCE,2023-11-02,3453.44,3466.05,3413.05,3428.48,-0.74 %,"63,795,951.90",-
MICROFINANCE,2023-11-01,3479.23,3490.17,3438.45,3453.94,-0.70 %,"43,171,309.40",-
MICROFINANCE,2023-10-31,3507.74,3510.16,3452.9,3478.42,-0.85 %,"51,736,895.40",-
MICROFINANCE,2023-10-30,3504.55,3508.3,3450.24,3508.22,0.10 %,"50,775,860.50",-
MICROFINANCE,2023-10-29,3538.74,3538.74,3467.98,3504.55,-0.96 %,"64,240,856.20",-
MICROFINANCE,2023-10-19,3550.22,3554.55,3515.73,3538.66,-0.39 %,"62,821,227.00",-
MICROFINANCE,2023-10-18,3472.99,3552.35,3471.27,3552.35,2.26 %,"67,809,800.30",-
MICROFINANCE,2023-10-17,3444.81,3501.64,3444.8,3473.81,0.81 %,"65,770,089.90",-
MICROFINANCE,2023-10-16,3500.29,3502.05,3433.93,3445.74,-1.58 %,"69,475,581.20",-
MICROFINANCE,2023-10-12,3526.58,3526.58,3470.78,3501.1,-0.78 %,"95,870,030.40",-
MICROFINANCE,2023-10-11,3511.77,3529.01,3495.55,3528.63,0.48 %,"68,393,064.60",-
MICROFINANCE,2023-10-10,3538.86,3539.32,3491.29,3511.77,-0.71 %,"60,638,883.50",-
MICROFINANCE,2023-10-09,3564.51,3567.56,3525.23,3536.86,-0.79 %,"108,227,609.40",-
MICROFINANCE,2023-10-08,3622.45,3626.04,3550.77,3565.09,-1.62 %,"113,983,269.13",-
MICROFINANCE,2023-10-05,3638.21,3641.07,3606.45,3623.63,-0.48 %,"91,378,294.80",-
MICROFINANCE,2023-10-04,3620.71,3650.67,3616.25,3641.11,0.50 %,"76,430,697.10",-
MICROFINANCE,2023-10-03,3654.56,3646.97,3600.92,3623.15,-0.86 %,"96,842,541.50",-
MICROFINANCE,2023-10-02,3636.23,3654.56,3601.7,3654.56,0.51 %,"78,571,916.80",-
MICROFINANCE,2023-10-01,3687.4,3688.11,3610.38,3636.06,-1.51 %,"114,261,293.70",-
MICROFINANCE,2023-09-27,3717.53,3720.88,3664.45,3691.99,-0.78 %,"146,938,097.40",-
MICROFINANCE,2023-09-26,3672.53,3722.05,3669.06,3721.0,1.17 %,"159,948,639.90",-
MICROFINANCE,2023-09-25,3702.45,3703.67,3650.28,3677.87,-0.62 %,"121,311,479.90",-
MICROFINANCE,2023-09-24,3664.17,3726.11,3653.21,3700.8,0.99 %,"230,964,158.70",-
MICROFINANCE,2023-09-21,3580.3,3678.75,3579.4,3664.43,2.30 %,"170,110,085.00",-
MICROFINANCE,2023-09-19,3563.15,3583.57,3540.49,3582.1,0.52 %,"65,780,480.20",-
MICROFINANCE,2023-09-18,3558.19,3574.78,3538.24,3563.59,0.20 %,"42,156,118.90",-
MICROFINANCE,2023-09-17,3624.86,3626.13,3541.32,3556.48,-1.85 %,"95,230,516.80",-
MICROFINANCE,2023-09-13,3555.6,3623.52,3544.0,3623.52,1.94 %,"80,926,983.90",-
MICROFINANCE,2023-09-12,3601.75,3613.57,3545.56,3554.5,-1.40 %,"73,543,017.30",-
MICROFINANCE,2023-09-11,3542.89,3605.06,3533.19,3605.06,1.68 %,"84,921,454.70",-
MICROFINANCE,2023-09-10,3513.8,3545.7,3502.36,3545.66,0.82 %,"62,268,054.20",-
MICROFINANCE,2023-09-07,3565.71,3568.61,3501.01,3516.8,-1.39 %,"69,637,793.30",-
MICROFINANCE,2023-09-05,3567.22,3578.73,3535.44,3566.31,-0.21 %,"52,753,660.20",-
MICROFINANCE,2023-09-04,3555.19,3576.79,3524.66,3573.82,0.52 %,"68,718,723.50",-
MICROFINANCE,2023-09-03,3619.09,3620.48,3547.69,3555.18,-1.77 %,"74,059,087.00",-
MICROFINANCE,2023-08-30,3626.14,3641.54,3602.35,3619.08,-0.43 %,"80,192,790.30",-
MICROFINANCE,2023-08-29,3636.19,3643.6,3619.6,3634.63,-0.02 %,"51,271,670.60",-
MICROFINANCE,2023-08-28,3638.58,3652.14,3618.98,3635.23,-0.01 %,"67,765,751.40",-
MICROFINANCE,2023-08-27,3676.02,3680.94,3622.41,3635.48,-1.10 %,"95,489,822.00",-
MICROFINANCE,2023-08-24,3732.63,3737.77,3660.46,3676.02,-1.22 %,"114,411,236.20",-
MICROFINANCE,2023-08-23,3671.42,3732.44,3664.46,3732.34,1.68 %,"112,386,674.10",-
MICROFINANCE,2023-08-22,3653.58,3670.53,3625.7,3670.53,0.45 %,"70,371,076.80",-
MICROFINANCE,2023-08-21,3669.67,3671.26,3636.88,3654.02,-0.43 %,"81,273,270.00",-
MICROFINANCE,2023-08-20,3701.45,3715.92,3665.06,3669.66,-0.87 %,"165,805,858.80",-
MICROFINANCE,2023-08-17,3695.41,3704.42,3675.2,3701.9,0.28 %,"113,213,587.20",-
MICROFINANCE,2023-08-16,3726.51,3726.56,3660.03,3691.41,-1.21 %,"117,985,332.90",-
MICROFINANCE,2023-08-15,3779.3,3779.73,3720.65,3736.59,-1.06 %,"158,189,837.50",-
MICROFINANCE,2023-08-14,3770.85,3804.88,3756.2,3776.76,0.38 %,"152,327,189.60",-
MICROFINANCE,2023-08-13,3775.77,3781.49,3740.49,3762.51,-0.36 %,"84,527,854.50",-
MICROFINANCE,2023-08-10,3779.12,3789.83,3745.97,3776.07,-0.15 %,"104,377,409.10",-
MICROFINANCE,2023-08-09,3730.9,3781.86,3678.13,3781.86,1.40 %,"101,338,114.30",-
MICROFINANCE,2023-08-08,3787.72,3797.42,3714.17,3729.63,-1.61 %,"102,900,683.70",-
MICROFINANCE,2023-08-07,3788.64,3814.89,3758.53,3790.62,0.29 %,"111,800,984.70",-
MICROFINANCE,2023-08-06,3840.02,3845.68,3760.44,3779.6,-1.61 %,"118,801,701.00",-
MICROFINANCE,2023-08-03,3829.03,3849.09,3816.59,3841.43,0.33 %,"79,773,504.90",-
MICROFINANCE,2023-08-02,3839.85,3842.51,3795.79,3828.77,-0.29 %,"66,810,542.80",-
MICROFINANCE,2023-08-01,3893.94,3908.11,3832.82,3839.84,-1.39 %,"120,627,923.00",-
MICROFINANCE,2023-07-31,3900.6,3923.28,3881.43,3893.93,-0.11 %,"133,575,871.80",-
MICROFINANCE,2023-07-30,3964.19,3971.56,3881.08,3898.04,-1.65 %,"128,124,139.20",-
MICROFINANCE,2023-07-27,4023.15,4029.54,3948.04,3963.39,-1.49 %,"158,800,748.10",-
MICROFINANCE,2023-07-26,4055.39,4067.32,4014.01,4023.33,-0.76 %,"157,456,600.20",-
MICROFINANCE,2023-07-25,4093.05,4097.74,4032.25,4054.32,-0.89 %,"188,979,292.00",-
MICROFINANCE,2023-07-24,4133.46,4139.65,4073.47,4090.81,-1.00 %,"237,747,938.20",-
MICROFINANCE,2023-07-23,4082.14,4147.04,4076.4,4132.25,1.22 %,"266,136,832.40",-
MICROFINANCE,2023-07-20,4107.74,4111.21,4058.53,4082.59,-0.62 %,"184,591,619.30",-
MICROFINANCE,2023-07-19,4129.39,4136.83,4089.27,4107.89,-0.50 %,"249,060,840.90",-
MICROFINANCE,2023-07-18,4114.14,4157.36,4099.55,4128.72,0.43 %,"474,893,375.50",-
MICROFINANCE,2023-07-17,4051.49,4110.86,4005.13,4110.85,1.51 %,"225,563,322.50",-
MICROFINANCE,2023-07-16,4010.47,4049.56,3974.87,4049.56,0.97 %,"151,932,048.70",-
MICROFINANCE,2023-07-13,4019.88,4074.57,3993.11,4010.46,-0.05 %,"263,685,132.20",-
MICROFINANCE,2023-07-12,3938.7,4012.45,3938.7,4012.44,1.87 %,"237,026,519.70",-
MICROFINANCE,2023-07-11,3944.23,3948.23,3920.61,3938.69,-0.14 %,"156,331,711.00",-
MICROFINANCE,2023-07-10,3902.98,3994.92,3900.93,3944.23,1.12 %,"263,453,866.40",-
MICROFINANCE,2023-07-09,3861.02,3909.93,3859.76,3900.39,1.05 %,"190,904,700.60",-
MICROFINANCE,2023-07-06,3872.12,3885.97,3814.28,3859.85,-0.20 %,"181,939,805.90",-
MICROFINANCE,2023-07-05,3955.1,3966.88,3857.59,3867.73,-2.18 %,"349,858,113.70",-
MICROFINANCE,2023-07-04,3923.52,3991.08,3899.07,3953.73,0.77 %,"218,221,123.10",-
MICROFINANCE,2023-07-03,3976.68,4037.45,3914.33,3923.52,-1.30 %,"317,025,718.40",-
MICROFINANCE,2023-07-02,4172.94,4181.36,3966.9,3975.05,-4.75 %,"448,605,591.30",-
MICROFINANCE,2023-06-28,4335.09,4386.95,4169.33,4173.3,-2.99 %,"596,737,338.70",-
MICROFINANCE,2023-06-27,3956.58,4302.05,3954.52,4302.05,8.96 %,"1,034,829,661.90",-
MICROFINANCE,2023-06-26,3796.75,3952.41,3795.43,3948.35,3.99 %,"417,774,840.90",-
MICROFINANCE,2023-06-25,3728.76,3796.75,3724.38,3796.74,1.83 %,"282,202,045.20",-
MICROFINANCE,2023-06-22,3753.7,3782.59,3715.26,3728.5,-0.66 %,"168,349,769.80",-
MICROFINANCE,2023-06-21,3793.83,3808.92,3730.39,3753.44,-1.06 %,"177,011,683.90",-
MICROFINANCE,2023-06-20,3878.75,3894.98,3790.46,3793.82,-2.16 %,"241,523,726.50",-
MICROFINANCE,2023-06-19,3907.17,3916.86,3854.73,3877.75,-0.75 %,"224,762,937.90",-
MICROFINANCE,2023-06-18,3806.37,3907.99,3804.36,3906.88,2.72 %,"275,974,097.90",-
MICROFINANCE,2023-06-15,3824.85,3853.26,3764.82,3803.36,-0.57 %,"185,944,488.50",-
MICROFINANCE,2023-06-14,3760.29,3864.11,3760.29,3825.12,1.73 %,"363,649,070.30",-
MICROFINANCE,2023-06-13,3663.49,3777.97,3643.44,3760.1,2.64 %,"329,585,309.40",-
MICROFINANCE,2023-06-12,3649.99,3683.37,3633.27,3663.49,0.41 %,"191,558,812.30",-
MICROFINANCE,2023-06-11,3565.77,3648.56,3564.67,3648.56,2.32 %,"217,425,137.50",-
MICROFINANCE,2023-06-08,3569.03,3569.03,3533.15,3565.77,0.03 %,"152,036,532.20",-
MICROFINANCE,2023-06-07,3522.45,3581.65,3522.45,3564.7,1.22 %,"172,709,629.20",-
MICROFINANCE,2023-06-06,3488.95,3527.36,3478.25,3521.64,0.93 %,"120,954,985.80",-
MICROFINANCE,2023-06-05,3508.28,3548.25,3480.91,3489.18,-0.53 %,"117,507,799.40",-
MICROFINANCE,2023-06-04,3418.9,3511.4,3418.9,3507.82,2.60 %,"105,752,718.50",-
MICROFINANCE,2023-06-01,3394.83,3432.88,3359.35,3418.9,0.72 %,"122,651,793.40",-
MICROFINANCE,2023-05-31,3456.21,3473.14,3374.57,3394.5,-1.82 %,"129,912,054.90",-
MICROFINANCE,2023-05-30,3584.72,3586.03,3452.27,3457.51,-3.42 %,"178,577,739.70",-
MICROFINANCE,2023-05-28,3613.32,3666.58,3577.36,3579.87,-0.91 %,"211,020,319.70",-
MICROFINANCE,2023-05-24,3536.94,3618.37,3513.06,3612.67,2.18 %,"201,474,399.00",-
MICROFINANCE,2023-05-23,3398.44,3535.56,3398.27,3535.55,4.03 %,"162,267,707.10",-
MICROFINANCE,2023-05-22,3385.11,3416.12,3355.54,3398.44,0.53 %,"69,188,794.40",-
MICROFINANCE,2023-05-21,3363.59,3418.21,3363.26,3380.68,0.58 %,"110,041,567.90",-
MICROFINANCE,2023-05-18,3287.96,3362.38,3287.96,3361.1,2.24 %,"95,007,441.60",-
MICROFINANCE,2023-05-17,3255.92,3299.49,3248.15,3287.57,0.96 %,"69,761,653.00",-
MICROFINANCE,2023-05-16,3230.1,3262.27,3216.77,3256.32,0.81 %,"61,430,719.80",-
MICROFINANCE,2023-05-15,3219.3,3230.1,3207.88,3230.09,0.34 %,"61,072,493.30",-
MICROFINANCE,2023-05-14,3235.19,3241.6,3209.01,3219.3,-0.51 %,"69,823,474.10",-
MICROFINANCE,2023-05-11,3251.2,3254.86,3223.22,3235.71,-0.57 %,"55,655,494.30",-
MICROFINANCE,2023-05-10,3254.49,3277.53,3237.18,3254.35,0.03 %,"42,934,491.70",-
MICROFINANCE,2023-05-09,3242.44,3278.38,3231.64,3253.41,0.34 %,"41,974,234.50",-
MICROFINANCE,2023-05-08,3265.4,3268.56,3225.91,3242.43,-0.82 %,"49,930,789.30",-
MICROFINANCE,2023-05-07,3310.4,3317.0,3264.0,3269.23,-1.24 %,"41,950,460.20",-
MICROFINANCE,2023-05-04,3289.01,3312.84,3267.29,3310.4,0.65 %,"49,556,616.20",-
MICROFINANCE,2023-05-03,3310.41,3320.72,3283.48,3289.0,-0.65 %,"43,543,655.80",-
MICROFINANCE,2023-05-02,3331.01,3334.03,3303.07,3310.41,-0.62 %,"43,068,757.52",-
MICROFINANCE,2023-04-30,3362.45,3363.5,3324.46,3331.01,-0.94 %,"55,839,379.60",-
MICROFINANCE,2023-04-27,3383.74,3387.94,3354.12,3362.45,-0.59 %,"42,281,897.70",-
MICROFINANCE,2023-04-26,3403.31,3421.51,3368.97,3382.36,-0.62 %,"57,570,671.90",-
MICROFINANCE,2023-04-25,3388.21,3404.6,3373.26,3403.31,0.47 %,"48,475,686.30",-
MICROFINANCE,2023-04-24,3383.57,3394.4,3365.64,3387.53,0.12 %,"43,558,147.40",-
MICROFINANCE,2023-04-23,3412.66,3420.08,3365.98,3383.57,-0.85 %,"53,568,234.10",-
MICROFINANCE,2023-04-20,3453.8,3473.45,3406.59,3412.66,-1.14 %,"58,101,325.00",-
MICROFINANCE,2023-04-19,3419.49,3452.0,3417.42,3451.96,0.94 %,"58,226,920.60",-
MICROFINANCE,2023-04-18,3441.24,3445.39,3407.36,3419.79,-0.58 %,"76,154,266.90",-
MICROFINANCE,2023-04-17,3500.53,3507.72,3427.85,3439.8,-1.67 %,"64,868,268.70",-
MICROFINANCE,2023-04-16,3521.44,3526.38,3479.99,3498.31,-0.66 %,"86,167,436.30",-
MICROFINANCE,2023-04-13,3560.77,3583.86,3500.45,3521.61,-0.90 %,"117,373,243.60",-
MICROFINANCE,2023-04-12,3381.06,3554.49,3381.06,3553.73,5.11 %,"137,779,977.10",-
MICROFINANCE,2023-04-11,3331.31,3381.24,3327.86,3381.06,1.49 %,"50,281,460.50",-
MICROFINANCE,2023-04-10,3324.62,3347.92,3308.5,3331.31,0.20 %,"64,763,138.40",-
MICROFINANCE,2023-04-09,3368.27,3377.89,3313.87,3324.62,-1.32 %,"73,287,081.60",-
MICROFINANCE,2023-04-06,3382.12,3403.0,3355.34,3368.98,-0.39 %,"91,228,246.60",-
MICROFINANCE,2023-04-05,3352.68,3385.2,3335.42,3382.12,0.87 %,"61,805,090.80",-
MICROFINANCE,2023-04-04,3345.43,3371.37,3313.79,3353.07,0.23 %,"61,434,851.10",-
MICROFINANCE,2023-04-03,3384.42,3393.26,3321.11,3345.43,-1.15 %,"77,779,594.50",-
MICROFINANCE,2023-04-02,3425.34,3459.07,3371.64,3384.42,-1.05 %,"91,243,322.70",-
MICROFINANCE,2023-03-30,3450.25,3463.94,3407.64,3420.26,-0.94 %,"99,144,277.00",-
MICROFINANCE,2023-03-29,3445.14,3463.14,3401.73,3452.72,0.27 %,"95,379,795.60",-
MICROFINANCE,2023-03-28,3325.86,3469.02,3325.67,3443.53,3.48 %,"189,523,667.50",-
MICROFINANCE,2023-03-27,3339.62,3339.62,3228.47,3327.63,-0.51 %,"204,982,420.10",-
MICROFINANCE,2023-03-26,3480.86,3484.25,3324.3,3344.65,-3.85 %,"188,421,510.90",-
MICROFINANCE,2023-03-23,3538.7,3541.08,3470.7,3478.57,-1.67 %,"125,727,176.50",-
MICROFINANCE,2023-03-22,3551.06,3576.42,3530.4,3537.73,-0.33 %,"112,163,203.60",-
MICROFINANCE,2023-03-20,3534.99,3563.94,3529.34,3549.47,0.42 %,"95,807,832.70",-
MICROFINANCE,2023-03-19,3571.72,3582.93,3526.17,3534.47,-1.05 %,"105,620,566.50",-
MICROFINANCE,2023-03-16,3604.96,3615.47,3559.2,3572.15,-0.90 %,"95,772,885.50",-
MICROFINANCE,2023-03-15,3674.41,3679.54,3582.05,3604.66,-1.86 %,"109,022,992.90",-
MICROFINANCE,2023-03-14,3688.68,3701.95,3653.94,3673.01,-0.39 %,"102,983,014.60",-
MICROFINANCE,2023-03-13,3749.41,3750.46,3669.83,3687.46,-1.62 %,"120,841,375.70",-
MICROFINANCE,2023-03-12,3793.65,3817.11,3728.35,3748.3,-0.79 %,"143,329,703.70",-
MICROFINANCE,2023-03-09,3675.48,3778.22,3675.48,3778.22,2.99 %,"145,897,760.10",-
MICROFINANCE,2023-03-07,3645.73,3699.79,3637.34,3668.49,0.50 %,"171,446,649.50",-
MICROFINANCE,2023-03-05,3739.34,3755.14,3645.46,3650.14,-2.38 %,"198,409,080.60",-
MICROFINANCE,2023-03-02,3831.08,3832.46,3731.4,3739.04,-2.64 %,"189,615,474.60",-
MICROFINANCE,2023-03-01,3945.28,3949.9,3838.8,3840.3,-2.65 %,"208,721,615.70",-
MICROFINANCE,2023-02-28,3977.11,3986.47,3932.62,3944.97,-0.78 %,"152,389,348.90",-
MICROFINANCE,2023-02-27,4015.96,4062.08,3914.98,3976.09,0.93 %,"266,484,210.50",-
MICROFINANCE,2023-02-26,3868.86,4027.13,3664.39,4015.46,2.78 %,"561,995,729.80",-
MICROFINANCE,2023-02-23,4288.21,4289.75,3893.84,3907.02,-9.54 %,"733,116,964.10",-
MICROFINANCE,2023-02-22,4376.03,4393.97,4310.38,4319.04,-1.38 %,"261,731,808.70",-
MICROFINANCE,2023-02-20,4476.89,4480.38,4373.51,4379.29,-2.34 %,"243,188,229.50",-
MICROFINANCE,2023-02-16,4537.29,4554.66,4481.75,4484.35,-1.24 %,"191,775,069.00",-
MICROFINANCE,2023-02-15,4571.5,4584.4,4527.37,4540.71,-0.67 %,"170,741,850.00",-
MICROFINANCE,2023-02-14,4630.37,4632.64,4558.43,4571.18,-1.02 %,"180,587,140.70",-
MICROFINANCE,2023-02-12,4727.18,4728.25,4609.05,4618.11,-2.18 %,"257,198,606.40",-
MICROFINANCE,2023-02-09,4705.08,4727.4,4673.16,4720.83,0.35 %,"142,834,999.20",-
MICROFINANCE,2023-02-08,4721.26,4806.29,4682.15,4704.31,-0.38 %,"276,968,087.40",-
MICROFINANCE,2023-02-07,4576.39,4722.56,4576.39,4722.18,3.21 %,"251,563,009.90",-
MICROFINANCE,2023-02-06,4565.84,4581.72,4543.8,4575.29,0.16 %,"132,421,435.90",-
MICROFINANCE,2023-02-05,4583.26,4618.0,4563.09,4568.05,-0.34 %,"188,022,599.80",-
MICROFINANCE,2023-02-02,4625.16,4652.29,4576.79,4583.72,-0.91 %,"168,424,650.50",-
MICROFINANCE,2023-02-01,4642.05,4649.51,4611.48,4625.91,-0.33 %,"135,574,510.20",-
MICROFINANCE,2023-01-31,4693.01,4693.01,4629.5,4641.39,-1.15 %,"211,200,147.60",-
MICROFINANCE,2023-01-30,4775.97,4778.37,4680.78,4695.43,-1.79 %,"313,200,093.90",-
MICROFINANCE,2023-01-29,4821.0,4828.24,4776.76,4781.16,-0.86 %,"300,542,640.40",-
MICROFINANCE,2023-01-26,4846.19,4875.6,4810.72,4822.74,-0.32 %,"220,546,363.80",-
MICROFINANCE,2023-01-25,4794.45,4869.5,4794.45,4838.46,1.00 %,"390,226,485.60",-
MICROFINANCE,2023-01-24,4788.85,4791.87,4726.52,4790.53,0.09 %,"282,357,731.90",-
MICROFINANCE,2023-01-23,4827.48,4855.78,4778.26,4786.33,-0.87 %,"306,823,523.00",-
MICROFINANCE,2023-01-19,4871.05,4876.76,4817.52,4828.58,-0.74 %,"273,900,328.90",-
MICROFINANCE,2023-01-18,4880.73,4939.51,4846.86,4864.57,-0.02 %,"407,601,585.40",-
MICROFINANCE,2023-01-17,4812.58,4865.82,4811.34,4865.52,1.17 %,"372,647,500.60",-
MICROFINANCE,2023-01-12,4920.76,4987.05,4797.83,4809.12,-1.90 %,"636,609,456.00",-
MICROFINANCE,2023-01-10,5003.39,5053.8,4886.49,4902.44,-2.01 %,"730,519,621.70",-
MICROFINANCE,2023-01-09,4996.1,5022.38,4972.14,5002.79,0.18 %,"548,137,282.80",-
MICROFINANCE,2023-01-08,5021.18,5049.94,4945.96,4994.02,-0.22 %,"674,344,700.60",-
MICROFINANCE,2023-01-05,4959.92,5048.23,4915.42,5005.01,1.30 %,"734,868,530.30",-
MICROFINANCE,2023-01-04,4678.46,4940.57,4678.46,4940.57,5.67 %,"579,909,382.00",-
MICROFINANCE,2023-01-03,4567.23,4700.58,4560.38,4675.41,2.44 %,"536,432,175.40",-
MICROFINANCE,2023-01-02,4515.16,4570.13,4500.04,4564.07,1.08 %,"286,828,390.30",-
MICROFINANCE,2023-01-01,4496.11,4570.13,4475.55,4515.16,0.63 %,"365,731,825.20",-
MICROFINANCE,2022-12-29,4375.28,4486.97,4369.94,4486.67,2.60 %,"309,189,944.70",-
MICROFINANCE,2022-12-28,4419.1,4423.84,4360.01,4372.8,-1.05 %,"177,637,919.90",-
MICROFINANCE,2022-12-27,4367.64,4440.91,4367.64,4419.1,1.27 %,"346,655,855.40",-
MICROFINANCE,2022-12-26,4246.04,4367.11,4246.04,4363.55,2.80 %,"263,731,268.06",-
MICROFINANCE,2022-12-22,4251.81,4265.21,4222.66,4244.74,-0.17 %,"152,447,628.20",-
MICROFINANCE,2022-12-21,4263.79,4282.56,4243.59,4252.12,-0.32 %,"137,018,238.20",-
MICROFINANCE,2022-12-20,4235.89,4278.15,4229.94,4265.68,0.71 %,"148,367,871.20",-
MICROFINANCE,2022-12-19,4249.4,4251.55,4214.22,4235.45,-0.32 %,"145,727,476.50",-
MICROFINANCE,2022-12-18,4305.45,4305.56,4234.07,4249.19,-1.31 %,"138,058,990.40",-
MICROFINANCE,2022-12-15,4344.49,4346.95,4295.79,4305.45,-0.85 %,"173,770,876.40",-
MICROFINANCE,2022-12-14,4350.58,4358.15,4333.22,4342.41,-0.16 %,"87,354,855.90",-
MICROFINANCE,2022-12-13,4342.94,4385.24,4338.71,4349.22,0.15 %,"123,339,664.60",-
MICROFINANCE,2022-12-12,4313.09,4347.83,4297.8,4342.77,0.73 %,"150,037,867.50",-
MICROFINANCE,2022-12-11,4369.16,4373.16,4302.86,4311.12,-1.27 %,"148,755,682.60",-
MICROFINANCE,2022-12-07,4387.31,4392.17,4358.1,4366.46,-0.23 %,"135,483,034.90",-
MICROFINANCE,2022-12-06,4367.28,4384.64,4345.68,4376.33,0.28 %,"147,580,331.10",-
MICROFINANCE,2022-12-05,4424.55,4429.71,4355.77,4363.93,-1.32 %,"156,250,114.80",-
MICROFINANCE,2022-12-04,4408.93,4456.29,4407.64,4422.5,0.37 %,"308,251,922.80",-
MICROFINANCE,2022-12-01,4399.39,4430.47,4378.51,4406.15,0.24 %,"177,363,645.40",-
MICROFINANCE,2022-11-30,4389.76,4397.85,4363.4,4395.44,0.01 %,"152,270,553.10",-
MICROFINANCE,2022-11-29,4370.1,4399.33,4329.63,4395.16,0.58 %,"130,900,490.50",-
MICROFINANCE,2022-11-28,4391.94,4417.09,4361.44,4369.87,-0.34 %,"181,198,138.70",-
MICROFINANCE,2022-11-27,4255.49,4385.16,4255.49,4384.99,3.08 %,"257,252,006.90",-
MICROFINANCE,2022-11-24,4231.05,4260.36,4231.05,4254.13,0.65 %,"107,825,567.50",-
MICROFINANCE,2022-11-23,4244.58,4257.81,4213.97,4226.75,-0.41 %,"97,646,219.70",-
MICROFINANCE,2022-11-22,4263.03,4280.93,4231.37,4244.35,-0.46 %,"104,797,207.13",-
MICROFINANCE,2022-11-17,4220.46,4267.98,4211.44,4263.79,0.91 %,"260,629,881.20",-
MICROFINANCE,2022-11-16,4207.86,4236.91,4207.85,4225.39,0.40 %,"115,281,340.00",-
MICROFINANCE,2022-11-15,4235.47,4262.1,4201.84,4208.37,-0.60 %,"127,107,935.10",-
MICROFINANCE,2022-11-14,4209.92,4234.29,4179.51,4233.65,0.57 %,"114,315,029.40",-
MICROFINANCE,2022-11-13,4258.77,4258.83,4196.83,4209.64,-1.26 %,"162,855,506.10",-
MICROFINANCE,2022-11-10,4316.5,4341.23,4254.49,4263.46,-1.17 %,"151,756,870.20",-
MICROFINANCE,2022-11-09,4436.0,4436.0,4306.27,4314.03,-2.69 %,"230,227,730.10",-
MICROFINANCE,2022-11-08,4461.73,4479.47,4423.66,4433.49,-0.63 %,"161,737,085.30",-
MICROFINANCE,2022-11-07,4508.81,4532.99,4455.92,4461.41,-0.48 %,"530,348,929.70",-
MICROFINANCE,2022-11-06,4297.17,4486.97,4297.16,4482.93,4.58 %,"388,234,426.80",-
MICROFINANCE,2022-11-03,4333.61,4340.45,4277.55,4286.73,-1.09 %,"78,768,112.80",-
MICROFINANCE,2022-11-02,4297.35,4347.65,4278.51,4333.96,0.86 %,"140,145,933.30",-
MICROFINANCE,2022-11-01,4205.8,4297.94,4203.71,4297.07,2.23 %,"125,570,131.20",-
MICROFINANCE,2022-10-31,4193.01,4203.35,4183.85,4203.35,0.00 %,"70,886,070.30",-
MICROFINANCE,2022-10-23,4161.52,4191.41,4157.76,4191.02,0.71 %,"48,149,454.00",-
MICROFINANCE,2022-10-20,4163.42,4169.04,4129.58,4161.52,-0.00 %,"95,120,415.40",-
MICROFINANCE,2022-10-19,4194.18,4210.45,4152.07,4161.59,-0.76 %,"76,265,502.50",-
MICROFINANCE,2022-10-17,4200.3,4207.6,4190.6,4193.5,-0.14 %,"63,101,234.90",-
MICROFINANCE,2022-10-16,4235.23,4245.12,4194.69,4199.52,-0.84 %,"76,567,249.60",-
MICROFINANCE,2022-10-13,4231.54,4253.78,4221.44,4234.94,0.09 %,"75,106,973.20",-
MICROFINANCE,2022-10-12,4212.96,4251.17,4194.12,4231.23,0.44 %,"93,340,343.70",-
MICROFINANCE,2022-10-11,4230.95,4239.04,4187.77,4212.67,-0.42 %,"63,965,497.80",-
MICROFINANCE,2022-10-10,4305.5,4327.74,4226.87,4230.34,-1.72 %,"101,860,653.40",-
MICROFINANCE,2022-10-09,4193.38,4304.19,4193.38,4304.19,2.68 %,"74,224,748.80",-
MICROFINANCE,2022-09-29,4125.0,4192.88,4124.14,4191.82,1.66 %,"90,531,549.00",-
MICROFINANCE,2022-09-28,4085.01,4129.54,4085.01,4123.45,0.96 %,"49,396,968.60",-
MICROFINANCE,2022-09-27,4048.12,4119.1,4048.12,4084.24,0.90 %,"100,474,309.00",-
MICROFINANCE,2022-09-25,4099.42,4100.31,4042.3,4047.88,-1.25 %,"112,316,080.50",-
MICROFINANCE,2022-09-22,4143.17,4151.61,4096.4,4099.12,-1.05 %,"86,363,360.30",-
MICROFINANCE,2022-09-21,4114.83,4180.03,4114.82,4142.41,0.69 %,"91,178,624.70",-
MICROFINANCE,2022-09-20,4219.18,4221.12,4100.09,4114.06,-2.47 %,"152,077,200.40",-
MICROFINANCE,2022-09-18,4296.61,4298.93,4214.05,4218.37,-1.80 %,"138,547,234.30",-
MICROFINANCE,2022-09-16,4339.67,4339.66,4234.87,4295.8,-1.01 %,"101,779,182.10",-
MICROFINANCE,2022-09-15,4483.16,4510.19,4333.33,4339.66,-3.12 %,"193,239,123.10",-
MICROFINANCE,2022-09-14,4375.47,4484.99,4375.47,4479.26,2.42 %,"165,056,674.20",-
MICROFINANCE,2022-09-13,4320.54,4390.0,4320.53,4373.43,1.24 %,"115,585,234.10",-
MICROFINANCE,2022-09-12,4350.96,4357.34,4314.48,4319.85,-0.70 %,"121,925,962.40",-
MICROFINANCE,2022-09-11,4387.66,4411.85,4344.44,4350.11,-0.83 %,"84,087,197.80",-
MICROFINANCE,2022-09-08,4389.14,4417.27,4351.56,4386.72,-0.04 %,"99,336,604.90",-
MICROFINANCE,2022-09-07,4421.37,4426.56,4371.83,4388.28,-0.73 %,"110,436,837.00",-
MICROFINANCE,2022-09-06,4484.55,4485.85,4411.34,4420.6,-1.17 %,"107,764,995.60",-
MICROFINANCE,2022-09-05,4470.9,4500.99,4464.77,4473.01,0.07 %,"109,406,707.50",-
MICROFINANCE,2022-09-04,4449.14,4493.28,4449.14,4470.01,0.49 %,"122,845,177.10",-
MICROFINANCE,2022-09-02,4447.38,4476.55,4440.44,4448.41,0.01 %,"58,498,841.00",-
MICROFINANCE,2022-09-01,4441.17,4471.11,4399.47,4447.95,0.04 %,"178,201,256.10",-
MICROFINANCE,2022-08-31,4512.81,4519.78,4435.94,4446.26,-1.44 %,"142,216,350.60",-
MICROFINANCE,2022-08-30,4507.46,4567.39,4498.41,4511.39,0.09 %,"120,416,252.00",-
MICROFINANCE,2022-08-29,4511.45,4529.06,4484.07,4507.12,-0.09 %,"158,157,800.60",-
MICROFINANCE,2022-08-28,4614.74,4628.78,4503.34,4511.1,-2.25 %,"230,681,586.30",-
MICROFINANCE,2022-08-26,4660.54,4663.04,4605.82,4614.74,0.00 %,"107,208,627.60",-
MICROFINANCE,2022-08-25,4691.45,4707.57,4647.03,4656.15,0.00 %,"303,403,337.00",-
MICROFINANCE,2022-08-24,4674.08,4712.19,4667.66,4683.22,0.00 %,"180,930,923.80",-
MICROFINANCE,2022-08-23,4685.56,4702.45,4659.12,4673.71,0.00 %,"151,154,102.60",-
MICROFINANCE,2022-08-22,4701.18,4705.75,4664.2,4685.26,0.00 %,"226,272,217.40",-
MICROFINANCE,2022-08-21,4707.95,4762.96,4690.6,4700.59,0.00 %,"325,193,333.40",-
MICROFINANCE,2022-08-18,4650.37,4716.85,4650.37,4708.3,0.00 %,"236,655,972.70",-
MICROFINANCE,2022-08-17,4643.3,4673.39,4633.21,4646.74,0.00 %,"155,667,378.30",-
MICROFINANCE,2022-08-16,4709.16,4755.58,4633.64,4643.65,0.00 %,"349,053,298.80",-
MICROFINANCE,2022-08-15,4567.69,4703.35,4563.39,4703.35,0.00 %,"343,003,902.90",-
MICROFINANCE,2022-08-14,4617.91,4647.69,4565.93,4567.33,0.00 %,"297,667,757.90",-
MICROFINANCE,2022-08-11,4655.45,4701.52,4616.52,4617.83,0.00 %,"322,103,188.58",-
MICROFINANCE,2022-08-10,4666.74,4688.45,4607.53,4651.77,0.00 %,"266,651,326.30",-
MICROFINANCE,2022-08-09,4795.1,4809.23,4660.44,4667.29,0.00 %,"364,471,737.50",-
MICROFINANCE,2022-08-08,4819.16,4880.17,4787.69,4792.91,0.00 %,"443,378,953.90",-
MICROFINANCE,2022-08-07,4789.98,4835.11,4776.99,4810.39,0.00 %,"439,372,841.40",-
MICROFINANCE,2022-08-05,4901.99,4901.98,4769.32,4782.51,0.00 %,"352,835,701.60",-
MICROFINANCE,2022-08-04,4989.96,4992.12,4892.88,4898.68,0.00 %,"506,650,433.70",-
MICROFINANCE,2022-08-03,4975.06,5028.28,4965.04,4979.29,0.00 %,"489,192,093.60",-
MICROFINANCE,2022-08-02,4936.92,4986.4,4868.58,4972.03,0.00 %,"565,448,994.20",-
MICROFINANCE,2022-08-01,4985.44,5015.09,4923.18,4930.37,0.00 %,"514,536,178.90",-
MICROFINANCE,2022-07-31,4939.91,4989.69,4939.9,4989.06,0.00 %,"505,316,682.70",-
MICROFINANCE,2022-07-29,4918.7,4949.05,4882.2,4934.8,0.00 %,"243,806,024.40",-
MICROFINANCE,2022-07-28,4854.59,5019.65,4854.59,4914.64,0.00 %,"760,333,967.10",-
MICROFINANCE,2022-07-27,4742.32,4844.2,4672.05,4843.91,0.00 %,"512,889,994.50",-
MICROFINANCE,2022-07-26,4851.59,4876.17,4721.18,4736.19,0.00 %,"499,798,323.70",-
MICROFINANCE,2022-07-25,4664.55,4854.84,4664.54,4846.67,0.00 %,"617,165,158.20",-
MICROFINANCE,2022-07-24,4491.68,4660.71,4491.47,4660.7,0.00 %,"417,633,781.90",-
MICROFINANCE,2022-07-22,4536.36,4542.97,4453.81,4485.53,0.00 %,"177,186,604.90",-
MICROFINANCE,2022-07-21,4558.29,4571.83,4524.39,4534.38,0.00 %,"218,236,133.30",-
MICROFINANCE,2022-07-20,4548.68,4581.61,4520.72,4550.92,0.00 %,"229,421,426.50",-
MICROFINANCE,2022-07-19,4468.8,4583.43,4468.8,4548.38,0.00 %,"349,708,633.80",-
MICROFINANCE,2022-07-18,4436.3,4466.75,4392.98,4466.75,0.00 %,"170,261,715.50",-
MICROFINANCE,2022-07-17,4454.77,4463.11,4401.72,4434.6,0.00 %,"180,424,170.60",-
MICROFINANCE,2022-07-15,4383.14,4451.96,4337.59,4451.78,0.00 %,"176,262,166.30",-
MICROFINANCE,2022-07-14,4329.42,4399.97,4308.85,4383.14,0.00 %,"240,027,437.30",-
MICROFINANCE,2022-07-13,4190.6,4321.78,4190.6,4321.78,0.00 %,"180,894,343.10",-
MICROFINANCE,2022-07-12,4174.53,4236.99,4154.62,4187.04,0.00 %,"172,844,286.90",-
MICROFINANCE,2022-07-11,4359.11,4362.27,4168.21,4172.86,0.00 %,"271,603,615.30",-
MICROFINANCE,2022-07-08,4432.58,4436.18,4349.84,4360.39,0.00 %,"122,071,177.35",-
MICROFINANCE,2022-07-07,4476.7,4541.49,4412.92,4425.94,0.00 %,"182,395,756.10",-
MICROFINANCE,2022-07-06,4461.91,4477.01,4364.93,4463.23,0.00 %,"191,282,400.60",-
MICROFINANCE,2022-07-05,4555.14,4594.91,4424.55,4452.66,0.00 %,"318,317,598.80",-
MICROFINANCE,2022-07-04,4631.91,4753.93,4523.35,4565.69,0.00 %,"552,354,777.80",-
MICROFINANCE,2022-07-03,4487.79,4628.07,4476.51,4626.94,0.00 %,"302,712,459.00",-
MICROFINANCE,2022-07-01,4474.74,4514.52,4429.69,4487.79,0.00 %,"194,325,171.10",-
MICROFINANCE,2022-06-30,4258.09,4464.92,4258.08,4458.31,0.00 %,"316,767,651.20",-
MICROFINANCE,2022-06-29,4145.06,4253.33,4137.75,4253.33,0.00 %,"151,159,883.90",-
MICROFINANCE,2022-06-28,4183.12,4184.49,4106.09,4138.56,0.00 %,"84,543,375.80",-
MICROFINANCE,2022-06-27,4249.48,4298.72,4168.85,4177.36,0.00 %,"179,783,665.40",-
MICROFINANCE,2022-06-26,4015.4,4246.38,4015.19,4244.57,0.00 %,"221,242,141.60",-
MICROFINANCE,2022-06-24,3986.4,4037.44,3901.67,4013.54,0.00 %,"124,505,235.10",-
MICROFINANCE,2022-06-23,4083.29,4083.34,3956.1,3981.77,0.00 %,"131,206,613.60",-
MICROFINANCE,2022-06-22,4128.44,4130.82,4074.72,4083.93,0.00 %,"84,398,197.90",-
MICROFINANCE,2022-06-21,4043.34,4145.51,4030.89,4129.8,0.00 %,"126,434,011.20",-
MICROFINANCE,2022-06-20,4147.55,4147.98,4022.25,4033.1,0.00 %,"158,027,673.40",-
MICROFINANCE,2022-06-19,4213.48,4213.62,4130.5,4148.45,0.00 %,"98,370,701.80",-
MICROFINANCE,2022-06-17,4217.95,4237.79,4193.6,4213.48,0.00 %,"44,147,587.00",-
MICROFINANCE,2022-06-16,4176.29,4242.08,4164.94,4215.28,0.00 %,"90,930,091.42",-
MICROFINANCE,2022-06-15,4245.01,4250.93,4144.94,4176.13,0.00 %,"141,485,171.40",-
MICROFINANCE,2022-06-14,4320.47,4320.47,4233.93,4242.93,0.00 %,"140,846,857.70",-
MICROFINANCE,2022-06-13,4352.25,4354.24,4307.85,4320.13,0.00 %,"128,435,296.40",-
MICROFINANCE,2022-06-10,4372.93,4379.82,4323.45,4348.16,0.00 %,"67,351,408.20",-
MICROFINANCE,2022-06-09,4412.73,4495.16,4361.2,4367.54,0.00 %,"139,303,006.80",-
MICROFINANCE,2022-06-08,4250.77,4428.03,4248.17,4405.57,0.00 %,"149,636,725.00",-
MICROFINANCE,2022-06-07,4320.51,4329.02,4240.93,4250.76,0.00 %,"120,120,598.60",-
MICROFINANCE,2022-06-06,4297.8,4341.99,4282.0,4320.7,0.00 %,"112,535,311.50",-
MICROFINANCE,2022-06-03,4359.34,4364.1,4274.71,4297.9,0.00 %,"138,445,825.30",-
MICROFINANCE,2022-06-02,4391.26,4425.52,4357.86,4360.72,0.00 %,"107,370,248.80",-
MICROFINANCE,2022-06-01,4403.44,4453.26,4375.65,4390.14,0.00 %,"99,575,373.90",-
MICROFINANCE,2022-05-31,4477.31,4477.3,4395.65,4403.44,0.00 %,"149,461,188.80",-
MICROFINANCE,2022-05-30,4550.96,4577.16,4476.39,4478.15,0.00 %,"120,183,059.20",-
MICROFINANCE,2022-05-27,4571.98,4590.65,4543.05,4549.74,0.00 %,"96,119,670.00",-
MICROFINANCE,2022-05-26,4573.96,4593.61,4539.74,4569.0,0.00 %,"102,305,527.70",-
MICROFINANCE,2022-05-25,4546.18,4578.68,4536.88,4566.2,0.00 %,"99,689,970.90",-
MICROFINANCE,2022-05-24,4512.71,4566.18,4492.84,4537.17,0.00 %,"134,900,162.60",-
MICROFINANCE,2022-05-23,4596.27,4600.5,4492.61,4511.48,0.00 %,"177,764,080.50",-
MICROFINANCE,2022-05-20,4610.51,4627.33,4583.48,4589.51,0.00 %,"85,588,935.20",-
MICROFINANCE,2022-05-19,4661.63,4677.0,4607.97,4610.5,0.00 %,"111,375,003.80",-
MICROFINANCE,2022-05-18,4659.51,4667.77,4596.24,4661.22,0.00 %,"161,706,911.90",-
MICROFINANCE,2022-05-17,4803.94,4803.94,4649.99,4660.65,0.00 %,"216,918,624.50",-
MICROFINANCE,2022-05-12,4881.69,4894.34,4802.35,4803.94,0.00 %,"178,836,756.60",-
MICROFINANCE,2022-05-11,4729.22,4878.68,4729.21,4878.51,0.00 %,"191,025,915.10",-
MICROFINANCE,2022-05-10,4640.27,4729.01,4636.59,4724.62,0.00 %,"128,454,910.00",-
MICROFINANCE,2022-05-09,4579.61,4674.87,4579.61,4638.12,0.00 %,"132,820,393.50",-
MICROFINANCE,2022-05-08,4578.07,4582.29,4502.26,4577.38,0.00 %,"133,089,003.20",-
MICROFINANCE,2022-05-05,4650.79,4650.78,4557.3,4577.41,0.00 %,"153,145,302.70",-
MICROFINANCE,2022-05-04,4705.63,4721.77,4644.67,4650.78,0.00 %,"125,223,267.80",-
MICROFINANCE,2022-05-02,4772.59,4772.59,4691.54,4704.37,-1.45 %,"137,620,022.70",-
MICROFINANCE,2022-04-28,4812.68,4837.6,4763.76,4773.44,0.00 %,"130,773,995.50",-
MICROFINANCE,2022-04-27,4815.45,4820.04,4767.11,4811.47,0.00 %,"98,807,717.40",-
MICROFINANCE,2022-04-26,4829.88,4867.21,4788.23,4815.02,0.00 %,"129,810,601.80",-
MICROFINANCE,2022-04-25,4909.26,4948.79,4828.61,4828.61,0.00 %,"205,817,293.40",-
MICROFINANCE,2022-04-24,4727.31,4921.78,4720.86,4905.48,0.00 %,"225,377,537.80",-
MICROFINANCE,2022-04-21,4718.22,4735.59,4637.55,4726.06,0.00 %,"255,498,944.00",-
MICROFINANCE,2022-04-20,4795.57,4805.88,4704.24,4719.3,0.00 %,"247,500,546.50",-
MICROFINANCE,2022-04-19,4759.62,4808.59,4721.93,4792.81,0.00 %,"114,478,847.70",-
MICROFINANCE,2022-04-18,4797.79,4810.82,4732.74,4759.61,0.00 %,"120,546,100.30",-
MICROFINANCE,2022-04-17,4850.01,4876.21,4782.07,4795.83,0.00 %,"142,789,859.00",-
MICROFINANCE,2022-04-13,4734.69,4840.58,4711.42,4840.58,0.00 %,"131,400,111.10",-
MICROFINANCE,2022-04-12,4790.16,4798.76,4721.65,4739.07,0.00 %,"147,031,145.10",-
MICROFINANCE,2022-04-11,4843.95,4921.7,4784.88,4790.44,0.00 %,"187,126,197.70",-
MICROFINANCE,2022-04-07,4778.27,4863.78,4774.5,4842.03,0.00 %,"205,164,423.10",-
MICROFINANCE,2022-04-06,4833.14,4836.85,4771.83,4778.26,0.00 %,"254,682,642.90",-
MICROFINANCE,2022-04-05,4900.71,4908.04,4812.89,4832.07,0.00 %,"205,861,892.20",-
MICROFINANCE,2022-04-04,4930.83,4953.57,4898.96,4900.4,0.00 %,"143,455,873.00",-
MICROFINANCE,2022-04-03,4990.43,4998.76,4917.23,4922.51,0.00 %,"125,465,407.00",-
MICROFINANCE,2022-03-31,5040.06,5072.56,4986.58,4990.7,0.00 %,"127,687,277.20",-
MICROFINANCE,2022-03-30,4971.72,5036.57,4947.8,5036.24,0.00 %,"154,257,661.00",-
MICROFINANCE,2022-03-29,5004.21,5014.02,4954.13,4965.22,0.00 %,"147,695,734.00",-
MICROFINANCE,2022-03-28,5058.57,5081.49,4988.21,4999.76,0.00 %,"333,542,497.70",-
MICROFINANCE,2022-03-27,5088.33,5134.33,5037.78,5040.24,0.00 %,"167,568,820.10",-
MICROFINANCE,2022-03-24,5103.6,5112.47,5072.7,5079.95,0.00 %,"446,779,709.70",-
MICROFINANCE,2022-03-23,5121.19,5148.54,5085.6,5100.43,0.00 %,"200,072,578.20",-
MICROFINANCE,2022-03-22,5101.95,5138.0,5101.94,5121.18,0.00 %,"198,144,086.80",-
MICROFINANCE,2022-03-21,5069.54,5095.26,5046.93,5094.79,0.00 %,"187,352,281.70",-
MICROFINANCE,2022-03-20,5075.4,5089.4,5040.52,5061.42,0.00 %,"239,629,724.40",-
MICROFINANCE,2022-03-16,5076.09,5087.96,5052.48,5066.82,0.00 %,"147,081,599.60",-
MICROFINANCE,2022-03-15,5115.85,5131.21,5059.94,5076.09,0.00 %,"191,380,608.20",-
MICROFINANCE,2022-03-14,5097.27,5125.35,5074.26,5115.58,0.00 %,"75,335,240.80",-
MICROFINANCE,2022-03-13,4938.43,5097.28,4938.43,5097.28,0.00 %,"312,015,784.70",-
MICROFINANCE,2022-03-10,4836.02,4933.49,4827.99,4933.49,0.00 %,"199,810,528.30",-
MICROFINANCE,2022-03-09,4881.04,4909.42,4827.08,4834.9,0.00 %,"211,548,109.30",-
MICROFINANCE,2022-03-07,4880.89,4922.07,4875.27,4879.74,0.00 %,"181,525,113.00",-
MICROFINANCE,2022-03-06,4887.56,4920.76,4868.78,4884.31,0.00 %,"203,252,293.10",-
MICROFINANCE,2022-03-02,4995.85,4998.49,4880.79,4887.47,0.00 %,"259,831,503.10",-
MICROFINANCE,2022-02-28,5059.56,5097.35,4989.98,4994.29,0.00 %,"222,859,050.30",-
MICROFINANCE,2022-02-27,5087.83,5100.42,5049.88,5056.65,0.00 %,"210,781,320.50",-
MICROFINANCE,2022-02-24,5197.82,5197.82,5083.11,5087.71,0.00 %,"406,540,559.40",-
MICROFINANCE,2022-02-23,5234.15,5241.94,5191.63,5197.5,0.00 %,"182,614,923.30",-
MICROFINANCE,2022-02-22,5215.37,5261.04,5214.43,5223.63,0.00 %,"284,374,002.10",-
MICROFINANCE,2022-02-21,5209.04,5229.4,5179.31,5207.83,0.00 %,"407,913,997.30",-
MICROFINANCE,2022-02-20,5247.07,5272.56,5175.57,5195.55,0.00 %,"792,349,995.10",-
MICROFINANCE,2022-02-17,5270.18,5285.17,5251.57,5261.8,0.00 %,"351,771,551.70",-
MICROFINANCE,2022-02-16,5315.26,5324.38,5250.0,5266.27,0.00 %,"253,316,359.10",-
MICROFINANCE,2022-02-15,5162.66,5307.15,5161.73,5307.01,0.00 %,"294,859,302.60",-
MICROFINANCE,2022-02-14,5149.58,5193.77,5146.36,5161.25,0.00 %,"240,998,764.00",-
MICROFINANCE,2022-02-13,5332.66,5332.65,5141.34,5147.85,0.00 %,"445,728,238.60",-
MICROFINANCE,2022-02-10,5369.26,5384.61,5329.63,5334.21,0.00 %,"240,770,049.60",-
MICROFINANCE,2022-02-09,5437.75,5437.74,5351.05,5371.46,0.00 %,"267,569,400.50",-
MICROFINANCE,2022-02-08,5483.98,5563.93,5401.86,5421.5,0.00 %,"409,755,299.40",-
MICROFINANCE,2022-02-07,5460.89,5483.27,5435.41,5456.5,0.00 %,"219,372,409.50",-
MICROFINANCE,2022-02-06,5543.55,5543.54,5453.51,5460.89,0.00 %,"373,144,150.60",-
MICROFINANCE,2022-02-03,5597.98,5663.1,5537.65,5543.16,0.00 %,"520,012,271.60",-
MICROFINANCE,2022-02-01,5555.23,5609.91,5555.23,5597.49,0.00 %,"659,015,390.20",-
MICROFINANCE,2022-01-31,5529.0,5580.04,5529.0,5547.83,0.00 %,"550,760,506.50",-
MICROFINANCE,2022-01-30,5363.81,5522.07,5363.8,5517.66,0.00 %,"421,242,807.50",-
MICROFINANCE,2022-01-27,5338.9,5393.48,5336.71,5344.2,0.00 %,"269,947,377.40",-
MICROFINANCE,2022-01-26,5406.83,5409.82,5305.94,5338.9,0.00 %,"340,689,879.10",-
MICROFINANCE,2022-01-25,5430.58,5483.94,5357.1,5402.02,0.00 %,"452,618,419.50",-
MICROFINANCE,2022-01-24,5614.69,5619.3,5377.76,5417.25,0.00 %,"576,984,942.80",-
MICROFINANCE,2022-01-23,5615.97,5674.36,5572.21,5601.01,0.00 %,"444,627,159.00",-
MICROFINANCE,2022-01-20,5555.18,5611.96,5525.89,5611.96,0.00 %,"374,860,904.10",-
MICROFINANCE,2022-01-19,5640.98,5660.7,5536.73,5551.78,0.00 %,"452,935,378.90",-
MICROFINANCE,2022-01-18,5721.73,5735.2,5596.86,5628.64,0.00 %,"544,102,165.50",-
MICROFINANCE,2022-01-17,5729.35,5769.26,5665.76,5718.21,0.00 %,"584,748,691.10",-
MICROFINANCE,2022-01-16,5621.59,5766.84,5621.59,5724.74,0.00 %,"819,896,784.60",-
MICROFINANCE,2022-01-13,5446.19,5616.01,5431.53,5614.3,0.00 %,"780,305,604.90",-
MICROFINANCE,2022-01-12,5503.29,5586.29,5413.87,5439.96,0.00 %,"685,102,092.50",-
MICROFINANCE,2022-01-11,5302.28,5549.49,5300.9,5501.51,0.00 %,"839,417,965.50",-
MICROFINANCE,2022-01-10,5286.62,5326.42,5269.77,5294.76,0.00 %,"537,945,098.70",-
MICROFINANCE,2022-01-09,5211.99,5312.62,5211.98,5282.52,0.00 %,"512,472,950.00",-
MICROFINANCE,2022-01-06,5163.79,5213.19,5126.23,5211.98,0.00 %,"334,578,017.80",-
MICROFINANCE,2022-01-05,5275.1,5308.59,5148.35,5158.91,0.00 %,"370,841,474.60",-
MICROFINANCE,2022-01-04,5185.94,5280.46,5127.48,5269.78,0.00 %,"532,382,530.70",-
MICROFINANCE,2022-01-03,5050.61,5207.6,5050.6,5178.27,0.00 %,"575,795,410.90",-
MICROFINANCE,2022-01-02,4897.9,5034.41,4897.07,5033.12,0.00 %,"360,665,508.20",-
MICROFINANCE,2021-12-29,4880.44,4903.32,4872.14,4892.25,0.00 %,"245,949,673.60",-
MICROFINANCE,2021-12-28,4918.02,4919.21,4836.15,4880.44,0.00 %,"233,500,216.10",-
MICROFINANCE,2021-12-27,5028.37,5078.98,4887.7,4906.72,0.00 %,"564,183,536.10",-
MICROFINANCE,2021-12-26,4859.9,5024.88,4859.9,5024.77,0.00 %,"496,938,537.90",-
MICROFINANCE,2021-12-23,4814.24,4877.87,4778.03,4851.65,0.00 %,"410,318,652.00",-
MICROFINANCE,2021-12-22,4630.62,4804.95,4630.36,4804.35,0.00 %,"375,156,835.00",-
MICROFINANCE,2021-12-21,4538.66,4624.76,4534.87,4621.49,0.00 %,"248,278,360.70",-
MICROFINANCE,2021-12-20,4543.48,4549.37,4485.27,4530.77,0.00 %,"242,272,483.20",-
MICROFINANCE,2021-12-16,4605.49,4605.97,4522.11,4524.43,0.00 %,"160,175,498.90",-
MICROFINANCE,2021-12-15,4652.34,4773.79,4549.34,4605.48,0.00 %,"403,457,125.90",-
MICROFINANCE,2021-12-14,4338.98,4623.43,4338.97,4623.27,0.00 %,"161,615,314.00",-
MICROFINANCE,2021-12-13,4523.54,4523.53,4306.63,4337.7,0.00 %,"397,448,586.60",-
MICROFINANCE,2021-12-12,4700.64,4709.23,4519.51,4525.03,0.00 %,"306,363,457.70",-
MICROFINANCE,2021-12-09,4725.9,4733.08,4670.97,4700.72,0.00 %,"275,532,881.10",-
MICROFINANCE,2021-12-08,4857.89,4862.47,4714.86,4725.9,0.00 %,"296,312,714.55",-
MICROFINANCE,2021-12-07,4930.83,5000.78,4846.95,4851.51,0.00 %,"278,429,576.70",-
MICROFINANCE,2021-12-06,4860.68,4924.07,4719.96,4924.07,0.00 %,"411,242,797.90",-
MICROFINANCE,2021-12-05,4992.57,4994.08,4836.33,4858.66,0.00 %,"382,665,571.10",-
MICROFINANCE,2021-12-02,5074.69,5111.93,4983.16,4990.23,0.00 %,"445,390,683.30",-
MICROFINANCE,2021-12-01,5058.38,5116.64,5067.95,5072.16,0.00 %,"335,892,334.80",-
MICROFINANCE,2021-11-30,5093.88,5121.65,5049.38,5078.06,0.00 %,"289,073,185.70",-
MICROFINANCE,2021-11-29,5127.12,5174.76,5076.83,5089.71,0.00 %,"338,762,429.30",-
MICROFINANCE,2021-11-28,5271.45,5292.04,5122.08,5130.54,0.00 %,"637,153,545.80",-
MICROFINANCE,2021-11-25,5331.15,5335.27,5260.79,5269.95,0.00 %,"406,443,546.80",-
MICROFINANCE,2021-11-24,5321.42,5326.46,5236.41,5321.35,0.00 %,"410,296,181.10",-
MICROFINANCE,2021-11-23,5374.98,5376.65,5293.04,5318.41,0.00 %,"406,304,014.40",-
MICROFINANCE,2021-11-22,5391.03,5409.25,5367.91,5374.45,0.00 %,"355,541,217.20",-
MICROFINANCE,2021-11-21,5424.9,5428.83,5376.91,5389.02,0.00 %,"385,021,460.80",-
MICROFINANCE,2021-11-18,5431.21,5456.13,5377.92,5406.44,0.00 %,"745,498,149.20",-
MICROFINANCE,2021-11-17,5411.04,5463.83,5408.52,5414.71,0.00 %,"544,453,726.80",-
MICROFINANCE,2021-11-16,5334.23,5406.04,5319.11,5406.04,0.00 %,"443,344,414.70",-
MICROFINANCE,2021-11-15,5266.52,5320.26,5264.52,5316.49,0.00 %,"472,735,773.90",-
MICROFINANCE,2021-11-14,5258.34,5278.64,5229.61,5253.11,0.00 %,"346,204,589.20",-
MICROFINANCE,2021-11-11,5363.2,5364.15,5239.48,5248.83,0.00 %,"399,795,611.70",-
MICROFINANCE,2021-11-09,5539.29,5542.87,5326.58,5362.99,0.00 %,"662,084,516.80",-
MICROFINANCE,2021-11-08,5577.03,5595.02,5507.75,5520.3,0.00 %,"445,703,936.70",-
MICROFINANCE,2021-11-03,5566.2,5611.85,5547.0,5575.66,0.00 %,"547,560,514.60",-
MICROFINANCE,2021-11-02,5565.76,5573.32,5491.58,5558.25,0.00 %,"603,739,685.40",-
MICROFINANCE,2021-11-01,5657.8,5709.4,5526.01,5557.46,0.00 %,"998,607,362.30",-
MICROFINANCE,2021-10-31,5510.82,5648.86,5503.47,5648.78,0.00 %,"945,869,401.40",-
MICROFINANCE,2021-10-28,5385.09,5506.57,5366.14,5505.87,0.00 %,"1,059,927,363.20",-
MICROFINANCE,2021-10-27,5323.41,5422.97,5295.92,5376.31,0.00 %,"831,753,429.60",-
MICROFINANCE,2021-10-26,5257.34,5344.5,5257.34,5317.7,0.00 %,"701,935,518.40",-
MICROFINANCE,2021-10-25,5126.61,5253.6,5123.42,5249.39,0.00 %,"589,750,484.00",-
MICROFINANCE,2021-10-24,5068.58,5129.99,5056.01,5128.26,0.00 %,"354,910,900.10",-
MICROFINANCE,2021-10-21,5089.89,5109.87,5014.77,5073.2,0.00 %,"377,719,029.50",-
MICROFINANCE,2021-10-20,5006.62,5129.64,5004.73,5086.99,0.00 %,"381,699,181.80",-
MICROFINANCE,2021-10-19,5109.57,5110.67,4900.54,4987.98,0.00 %,"509,409,913.00",-
MICROFINANCE,2021-10-18,5309.62,5309.62,5099.27,5116.24,0.00 %,"430,063,125.70",-
MICROFINANCE,2021-10-17,5284.54,5341.53,5243.61,5299.75,0.00 %,"193,094,439.60",-
MICROFINANCE,2021-10-11,5359.9,5359.91,5221.97,5282.66,0.00 %,"633,751,377.20",-
MICROFINANCE,2021-10-10,5440.73,5577.75,5337.35,5350.14,0.00 %,"1,154,992,334.90",-
MICROFINANCE,2021-10-06,5117.89,5407.02,5112.68,5398.01,0.00 %,"1,249,548,809.30",-
MICROFINANCE,2021-10-05,4959.29,5105.21,4950.36,5101.82,0.00 %,"585,006,588.90",-
MICROFINANCE,2021-10-04,4901.49,4993.02,4841.29,4965.29,0.00 %,"458,373,965.20",-
MICROFINANCE,2021-10-03,4965.6,4970.06,4876.08,4893.19,0.00 %,"404,495,790.80",-
MICROFINANCE,2021-09-30,5002.33,5051.49,4952.78,4962.58,0.00 %,"407,525,316.80",-
MICROFINANCE,2021-09-29,4911.82,5000.79,4865.85,5000.79,0.00 %,"414,569,194.50",-
MICROFINANCE,2021-09-28,5019.62,5054.01,4881.57,4912.03,0.00 %,"560,811,504.70",-
MICROFINANCE,2021-09-27,5164.39,5165.35,5019.6,5024.58,0.00 %,"465,977,874.10",-
MICROFINANCE,2021-09-26,5277.41,5288.39,5147.32,5156.34,0.00 %,"389,793,254.50",-
MICROFINANCE,2021-09-23,5327.67,5379.36,5257.84,5276.74,0.00 %,"568,456,347.90",-
MICROFINANCE,2021-09-22,5155.69,5330.05,5155.7,5321.62,0.00 %,"688,047,798.70",-
MICROFINANCE,2021-09-21,5132.8,5213.21,4992.84,5147.47,0.00 %,"658,488,819.40",-
MICROFINANCE,2021-09-20,5309.03,5318.71,5122.62,5132.98,0.00 %,"983,297,961.70",-
MICROFINANCE,2021-09-16,5473.22,5473.23,5274.35,5295.31,0.00 %,"839,760,588.30",-
MICROFINANCE,2021-09-15,5519.6,5521.51,5452.03,5466.46,0.00 %,"434,237,177.60",-
MICROFINANCE,2021-09-14,5549.03,5564.16,5491.1,5518.65,0.00 %,"498,969,817.90",-
MICROFINANCE,2021-09-13,5585.91,5619.2,5535.69,5547.27,0.00 %,"666,714,823.80",-
MICROFINANCE,2021-09-12,5469.1,5581.81,5468.71,5578.32,0.00 %,"794,469,966.50",-
MICROFINANCE,2021-09-09,5487.98,5532.32,5450.28,5465.11,0.00 %,"514,921,985.10",-
MICROFINANCE,2021-09-08,5560.6,5570.17,5466.93,5484.39,0.00 %,"793,040,402.80",-
MICROFINANCE,2021-09-07,5712.69,5712.7,5530.0,5551.46,0.00 %,"636,206,876.90",-
MICROFINANCE,2021-09-06,5457.2,5700.17,5416.39,5698.2,0.00 %,"825,375,534.90",-
MICROFINANCE,2021-09-05,5615.74,5622.0,5361.1,5457.2,0.00 %,"1,005,648,601.30",-
MICROFINANCE,2021-09-02,5650.29,5722.47,5582.73,5620.27,0.00 %,"931,473,626.10",-
MICROFINANCE,2021-09-01,5651.27,5707.92,5608.59,5643.75,0.00 %,"948,632,999.30",-
MICROFINANCE,2021-08-31,5811.18,5812.54,5627.87,5649.68,0.00 %,"1,346,000,146.10",-
MICROFINANCE,2021-08-29,5942.49,5960.24,5796.62,5813.74,0.00 %,"1,683,949,552.30",-
MICROFINANCE,2021-08-26,5910.12,5959.06,5904.02,5928.69,0.00 %,"924,735,923.60",-
MICROFINANCE,2021-08-25,5965.67,5987.8,5884.1,5889.97,0.00 %,"906,902,289.50",-
MICROFINANCE,2021-08-24,5992.59,6038.03,5931.81,5948.4,0.00 %,"967,996,781.30",-
MICROFINANCE,2021-08-19,5941.13,6022.79,5940.32,5979.85,0.00 %,"1,326,656,867.10",-
MICROFINANCE,2021-08-18,5948.92,5968.4,5899.84,5940.39,0.00 %,"1,381,572,395.20",-
MICROFINANCE,2021-08-17,5941.31,5989.45,5924.95,5938.75,0.00 %,"1,624,985,831.30",-
MICROFINANCE,2021-08-16,5895.78,5951.51,5891.49,5933.43,0.00 %,"1,788,100,163.00",-
MICROFINANCE,2021-08-15,5761.22,5941.71,5753.14,5876.61,0.00 %,"1,987,541,230.40",-
MICROFINANCE,2021-08-12,5769.95,5785.02,5749.1,5761.35,0.00 %,"966,360,320.40",-
MICROFINANCE,2021-08-11,5760.31,5802.95,5757.1,5767.0,0.00 %,"971,409,850.70",-
MICROFINANCE,2021-08-10,5689.1,5798.45,5681.55,5759.22,0.00 %,"919,060,572.40",-
MICROFINANCE,2021-08-09,5752.86,5760.53,5676.61,5685.78,0.00 %,"1,089,757,878.50",-
MICROFINANCE,2021-08-08,5843.26,5848.62,5724.92,5743.68,0.00 %,"1,251,043,410.80",-
MICROFINANCE,2021-08-05,5848.31,5883.09,5781.74,5818.4,0.00 %,"1,847,618,689.30",-
MICROFINANCE,2021-08-04,6053.83,6101.17,5839.88,5857.24,0.00 %,"2,530,276,662.60",-
MICROFINANCE,2021-08-03,5813.81,6003.51,5812.92,5982.97,0.00 %,"3,277,769,887.30",-
MICROFINANCE,2021-08-02,5672.33,5762.15,5663.21,5761.05,0.00 %,"1,995,886,767.80",-
MICROFINANCE,2021-08-01,5585.81,5648.86,5585.81,5636.12,0.00 %,"1,246,027,432.00",-
MICROFINANCE,2021-07-29,5589.06,5610.45,5556.66,5570.58,0.00 %,"719,613,015.70",-
MICROFINANCE,2021-07-28,5540.38,5595.91,5540.38,5576.13,0.00 %,"771,036,667.60",-
MICROFINANCE,2021-07-27,5544.97,5584.77,5441.75,5538.88,0.00 %,"1,630,076,058.10",-
MICROFINANCE,2021-07-26,5555.27,5674.57,5555.28,5655.55,0.00 %,"1,426,038,119.40",-
MICROFINANCE,2021-07-25,5472.88,5562.57,5472.89,5557.47,0.00 %,"957,516,595.40",-
MICROFINANCE,2021-07-22,5484.4,5497.94,5461.53,5470.53,0.00 %,"571,512,082.70",-
MICROFINANCE,2021-07-20,5512.48,5517.77,5469.06,5483.26,0.00 %,"558,449,386.10",-
MICROFINANCE,2021-07-19,5518.31,5605.31,5491.9,5510.37,0.00 %,"1,007,718,273.50",-
MICROFINANCE,2021-07-18,5338.32,5514.78,5336.14,5514.78,0.00 %,"1,068,708,686.10",-
MICROFINANCE,2021-07-15,5285.96,5323.97,5283.22,5323.81,0.00 %,"607,187,067.00",-
MICROFINANCE,2021-07-14,5306.19,5310.51,5268.02,5276.89,0.00 %,"605,577,052.00",-
MICROFINANCE,2021-07-13,5293.36,5320.28,5261.32,5296.44,0.00 %,"602,340,134.00",-
MICROFINANCE,2021-07-12,5328.25,5395.43,5244.16,5262.52,0.00 %,"1,400,842,725.00",-
MICROFINANCE,2021-07-11,5218.47,5335.26,5218.47,5335.11,0.00 %,"971,794,843.00",-
MICROFINANCE,2021-07-08,5115.35,5202.24,5115.35,5201.61,0.00 %,"468,974,164.00",-
MICROFINANCE,2021-07-07,5072.05,5169.43,5070.45,5133.48,0.00 %,"951,210,786.00",-
MICROFINANCE,2021-07-06,5121.33,5128.12,5097.82,5114.29,0.00 %,"434,947,857.00",-
MICROFINANCE,2021-07-05,5159.22,5183.52,5107.42,5112.57,0.00 %,"317,047,939.00",-
MICROFINANCE,2021-07-04,5208.51,5208.51,5138.99,5146.17,0.00 %,"387,430,933.00",-
MICROFINANCE,2021-07-01,5207.82,5213.24,5160.68,5172.03,0.00 %,"474,872,752.00",-
MICROFINANCE,2021-06-30,5242.53,5246.1,5131.59,5169.97,0.00 %,"301,299,999.00",-
MICROFINANCE,2021-06-29,5246.28,5341.24,5195.5,5217.57,0.00 %,"712,830,106.00",-
MICROFINANCE,2021-06-28,5066.71,5244.72,5065.28,5191.17,0.00 %,"659,981,364.00",-
MICROFINANCE,2021-06-27,5074.86,5109.34,5064.36,5079.77,0.00 %,"313,613,796.00",-
MICROFINANCE,2021-06-24,5111.41,5130.41,5066.77,5074.86,0.00 %,"467,936,951.00",-
MICROFINANCE,2021-06-23,5262.33,5268.99,5116.74,5124.44,0.00 %,"508,080,686.00",-
MICROFINANCE,2021-06-22,5168.56,5239.96,5142.97,5231.15,0.00 %,"561,216,000.00",-
MICROFINANCE,2021-06-21,5253.41,5292.31,5165.69,5166.43,0.00 %,"698,388,000.00",-
MICROFINANCE,2021-06-20,5378.39,5394.58,5245.87,5271.43,0.00 %,"768,243,000.00",-
MICROFINANCE,2021-06-17,5473.02,5521.36,5378.87,5388.04,0.00 %,"573,348,000.00",-
MICROFINANCE,2021-06-16,5275.7,5626.89,5275.7,5451.49,0.00 %,"1,802,208,504.00",-
MICROFINANCE,2021-06-15,5362.91,5366.48,5303.61,5311.76,0.00 %,"793,270,547.00",-
MICROFINANCE,2021-06-14,5404.35,5405.89,5345.03,5350.9,0.00 %,"786,394,465.00",-
MICROFINANCE,2021-06-13,5393.51,5414.82,5360.6,5376.46,0.00 %,-,-
MICROFINANCE,2021-06-10,5450.34,5450.34,5358.56,5394.15,0.00 %,-,-
MICROFINANCE,2021-06-09,5425.49,5441.64,5384.24,5386.8,0.00 %,-,-
MICROFINANCE,2021-06-08,5460.02,5460.02,5387.96,5405.48,0.00 %,-,-
MICROFINANCE,2021-06-07,5495.94,5495.94,5409.13,5429.7,0.00 %,-,-
MICROFINANCE,2021-06-06,5501.32,5503.05,5442.12,5452.13,0.00 %,-,-
MICROFINANCE,2021-06-03,5323.02,5512.05,5408.79,5447.85,0.00 %,-,-
MICROFINANCE,2021-06-02,5605.63,5407.5,5605.63,5407.5,0.00 %,-,-
MICROFINANCE,2021-06-01,5344.96,5392.01,5307.42,5337.88,0.00 %,-,-
MICROFINANCE,2021-05-31,5366.6,5417.76,5349.33,5350.11,0.00 %,-,-
MICROFINANCE,2021-05-30,5448.37,5475.55,5354.39,5360.65,0.00 %,-,-
MICROFINANCE,2021-05-27,5366.75,5492.11,5345.55,5435.05,0.00 %,-,-
MICROFINANCE,2021-05-25,5644.77,5673.97,5608.65,5626.74,0.00 %,-,-
MICROFINANCE,2021-05-24,5665.09,5678.06,5603.71,5624.43,0.00 %,-,-
MICROFINANCE,2021-05-23,5646.57,5648.01,5568.89,5629.81,0.00 %,-,-
MICROFINANCE,2021-05-20,5702.07,5702.07,5637.68,5650.51,0.00 %,-,-
MICROFINANCE,2021-05-19,5699.37,5744.54,5637.47,5664.34,0.00 %,-,-
MICROFINANCE,2021-05-18,5615.32,5672.94,5590.07,5672.94,0.00 %,-,-
MICROFINANCE,2021-05-17,5588.53,5639.19,5580.07,5587.53,0.00 %,-,-
MICROFINANCE,2021-05-16,5514.12,5572.23,5484.69,5572.23,0.00 %,-,-
MICROFINANCE,2021-05-13,5467.22,5482.62,5461.97,5469.0,0.00 %,-,-
MICROFINANCE,2021-05-12,5498.13,5502.13,5445.52,5463.61,0.00 %,-,-
MICROFINANCE,2021-05-11,5446.89,5490.49,5428.81,5481.41,0.00 %,-,-
MICROFINANCE,2021-05-10,5361.22,5422.37,5330.87,5416.32,0.00 %,-,-
MICROFINANCE,2021-05-09,5469.24,5469.24,5361.83,5365.44,0.00 %,-,-
MICROFINANCE,2021-05-06,5553.36,5553.36,5436.8,5462.5,0.00 %,-,-
MICROFINANCE,2021-05-05,5608.59,5608.59,5518.71,5525.98,0.00 %,-,-
MICROFINANCE,2021-05-04,5399.37,5537.51,5386.41,5529.88,0.00 %,-,-
MICROFINANCE,2021-05-03,5340.89,5421.13,5340.89,5392.23,0.00 %,-,-
MICROFINANCE,2021-05-02,5240.68,5323.25,5210.3,5323.25,0.00 %,-,-
MICROFINANCE,2021-04-29,5182.76,5219.47,5173.63,5218.52,0.00 %,-,-
MICROFINANCE,2021-04-28,5287.55,5273.92,5152.06,5174.17,0.00 %,-,-
MICROFINANCE,2021-04-27,5005.22,5220.61,5005.22,5220.59,0.00 %,-,-
MICROFINANCE,2021-04-26,5105.63,5134.06,4973.21,4982.74,0.00 %,-,-
MICROFINANCE,2021-04-25,5280.94,5280.94,5077.6,5095.08,0.00 %,-,-
MICROFINANCE,2021-04-22,5233.91,5265.5,5152.81,5256.6,0.00 %,-,-
MICROFINANCE,2021-04-21,5289.58,5296.78,5190.75,5203.41,0.00 %,-,-
MICROFINANCE,2021-04-20,5272.68,5306.39,5227.12,5259.6,0.00 %,-,-
MICROFINANCE,2021-04-19,5329.18,5342.25,5250.35,5253.41,0.00 %,-,-
MICROFINANCE,2021-04-18,5375.47,5384.02,5312.85,5316.11,0.00 %,-,-
MICROFINANCE,2021-04-15,5409.24,5413.29,5361.46,5366.43,0.00 %,-,-
MICROFINANCE,2021-04-13,5436.7,5455.98,5344.9,5360.29,0.00 %,-,-
MICROFINANCE,2021-04-12,5239.71,5424.82,5239.71,5374.68,0.00 %,-,-
MICROFINANCE,2021-04-08,5102.12,5186.12,5099.35,5186.12,0.00 %,-,-
MICROFINANCE,2021-04-07,4997.2,5112.58,4997.2,5079.99,0.00 %,-,-
MICROFINANCE,2021-04-06,4925.07,4973.07,4924.84,4972.55,0.00 %,-,-
MICROFINANCE,2021-04-05,4900.98,4928.54,4876.06,4908.35,0.00 %,-,-
MICROFINANCE,2021-04-04,4899.09,4915.58,4863.62,4873.73,0.00 %,-,-
MICROFINANCE,2021-04-01,4878.92,4894.76,4838.53,4850.72,0.00 %,-,-
MICROFINANCE,2021-03-31,4879.44,4907.0,4847.4,4848.04,0.00 %,-,-
MICROFINANCE,2021-03-30,4679.89,4823.87,4679.89,4820.44,0.00 %,-,-
MICROFINANCE,2021-03-29,4632.14,4698.4,4625.42,4670.76,0.00 %,-,-
MICROFINANCE,2021-03-25,4705.67,4712.36,4618.53,4626.26,0.00 %,-,-
MICROFINANCE,2021-03-24,4588.45,4673.8,4577.28,4673.8,0.00 %,-,-
MICROFINANCE,2021-03-23,4488.07,4555.43,4452.93,4551.33,0.00 %,-,-
MICROFINANCE,2021-03-22,4615.5,4618.4,4478.63,4482.33,0.00 %,-,-
MICROFINANCE,2021-03-21,4337.71,4587.69,4337.71,4575.11,0.00 %,-,-
MICROFINANCE,2021-03-18,4230.22,4328.51,4230.22,4328.51,0.00 %,-,-
MICROFINANCE,2021-03-17,4144.04,4226.38,4117.07,4226.38,0.00 %,-,-
MICROFINANCE,2021-03-16,4086.44,4151.56,4081.25,4112.51,0.00 %,-,-
MICROFINANCE,2021-03-15,4105.82,4138.39,4060.73,4085.15,0.00 %,-,-
MICROFINANCE,2021-03-14,4213.09,4213.09,4096.58,4110.38,0.00 %,-,-
MICROFINANCE,2021-03-10,4276.0,4276.0,4196.3,4201.06,0.00 %,-,-
MICROFINANCE,2021-03-09,4288.35,4298.77,4225.71,4241.06,0.00 %,-,-
MICROFINANCE,2021-03-07,4352.32,4361.64,4284.22,4288.52,0.00 %,-,-
MICROFINANCE,2021-03-04,4132.88,4340.31,4135.02,4340.31,0.00 %,-,-
MICROFINANCE,2021-03-03,4187.89,4196.16,4084.15,4131.25,0.00 %,-,-
MICROFINANCE,2021-03-02,4299.85,4316.25,4164.4,4187.68,0.00 %,-,-
MICROFINANCE,2021-03-01,4218.48,4311.96,4150.5,4299.76,0.00 %,-,-
MICROFINANCE,2021-02-28,4361.9,4361.9,4216.62,4218.27,0.00 %,-,-
MICROFINANCE,2021-02-25,4425.42,4430.02,4346.12,4359.56,0.00 %,-,-
MICROFINANCE,2021-02-24,4456.93,4492.65,4405.67,4420.04,0.00 %,-,-
MICROFINANCE,2021-02-23,4414.17,4414.17,4277.35,4397.89,0.00 %,-,-
MICROFINANCE,2021-02-22,4468.22,4469.58,4394.92,4404.21,0.00 %,-,-
MICROFINANCE,2021-02-21,4521.24,4533.92,4441.67,4461.16,0.00 %,-,-
MICROFINANCE,2021-02-18,4535.5,4549.47,4481.31,4506.62,0.00 %,-,-
MICROFINANCE,2021-02-17,4611.43,4616.7,4511.52,4534.63,0.00 %,-,-
MICROFINANCE,2021-02-16,4724.13,4750.5,4548.58,4580.27,0.00 %,-,-
MICROFINANCE,2021-02-15,4252.64,4609.54,4422.35,4605.08,0.00 %,-,-
MICROFINANCE,2021-02-14,4337.28,4337.28,4208.08,4234.78,0.00 %,-,-
MICROFINANCE,2021-02-11,4455.24,4491.81,4311.5,4313.59,0.00 %,-,-
MICROFINANCE,2021-02-10,4508.5,4508.5,4432.87,4441.64,0.00 %,-,-
MICROFINANCE,2021-02-09,4622.51,4624.35,4459.52,4480.95,0.00 %,-,-
MICROFINANCE,2021-02-08,4790.97,4856.37,4548.6,4609.2,0.00 %,-,-
MICROFINANCE,2021-02-07,4374.99,4640.62,4374.99,4640.62,0.00 %,-,-
MICROFINANCE,2021-02-04,4168.16,4309.18,4144.88,4306.37,0.00 %,-,-
MICROFINANCE,2021-02-03,4197.05,4236.23,4127.63,4160.0,0.00 %,-,-
MICROFINANCE,2021-02-02,4042.0,4158.99,4042.0,4158.99,0.00 %,-,-
MICROFINANCE,2021-02-01,4046.57,4095.72,3990.2,4007.37,0.00 %,-,-
MICROFINANCE,2021-01-31,4174.82,4174.82,4012.9,4035.18,0.00 %,-,-
MICROFINANCE,2021-01-28,4080.38,4237.84,4080.38,4156.41,0.00 %,-,-
MICROFINANCE,2021-01-27,3997.45,4069.17,3978.83,4069.17,0.00 %,-,-
MICROFINANCE,2021-01-26,4063.9,4063.9,3996.42,4001.66,0.00 %,-,-
MICROFINANCE,2021-01-25,4134.77,4149.24,4025.27,4061.38,0.00 %,-,-
MICROFINANCE,2021-01-24,4041.72,4121.41,4041.72,4110.98,0.00 %,-,-
MICROFINANCE,2021-01-21,3858.91,4012.94,3858.06,4008.45,0.00 %,-,-
MICROFINANCE,2021-01-20,3827.04,3854.28,3805.34,3854.28,0.00 %,-,-
MICROFINANCE,2021-01-19,3847.53,3874.87,3765.64,3825.09,0.00 %,-,-
MICROFINANCE,2021-01-18,3739.86,3833.5,3738.39,3833.5,0.00 %,-,-
MICROFINANCE,2021-01-17,3630.09,3733.4,3630.09,3733.4,0.00 %,-,-
HYDROPOWER,2026-01-14,3379.32,3398.25,3368.13,3382.09,0.08 %,"2,943,946,897.72",-
HYDROPOWER,2026-01-13,3340.88,3379.61,3335.84,3379.49,1.02 %,"3,491,748,383.20",-
HYDROPOWER,2026-01-12,3356.88,3359.28,3323.77,3345.25,-0.11 %,"2,396,095,839.20",-
HYDROPOWER,2026-01-08,3337.32,3350.33,3321.15,3349.06,0.32 %,"2,197,966,847.40",-
HYDROPOWER,2026-01-07,3367.92,3370.11,3324.85,3338.35,-0.80 %,"1,847,726,902.18",-
HYDROPOWER,2026-01-06,3354.71,3386.39,3353.05,3365.15,0.14 %,"2,691,937,986.30",-
HYDROPOWER,2026-01-05,3311.47,3360.75,3307.36,3360.38,1.44 %,"2,354,401,047.00",-
HYDROPOWER,2026-01-04,3324.66,3324.66,3304.06,3312.57,-0.50 %,"1,659,679,677.70",-
HYDROPOWER,2026-01-01,3334.09,3345.91,3318.47,3329.15,-0.31 %,"1,772,221,382.50",-
HYDROPOWER,2025-12-31,3336.56,3361.72,3330.81,3339.43,0.23 %,"2,171,029,452.70",-
HYDROPOWER,2025-12-29,3360.48,3366.47,3320.16,3331.65,-0.78 %,"1,743,670,404.62",-
HYDROPOWER,2025-12-28,3294.87,3358.2,3293.0,3357.97,1.97 %,"2,334,976,827.90",-
HYDROPOWER,2025-12-24,3300.78,3314.76,3286.01,3292.94,-0.29 %,"1,294,522,870.10",-
HYDROPOWER,2025-12-23,3293.13,3302.74,3274.05,3302.68,0.30 %,"1,237,612,390.10",-
HYDROPOWER,2025-12-22,3317.26,3317.26,3286.8,3292.9,-0.66 %,"1,419,719,382.94",-
HYDROPOWER,2025-12-21,3341.47,3342.31,3303.77,3314.79,-0.87 %,"1,773,517,787.10",-
HYDROPOWER,2025-12-18,3363.03,3367.25,3337.45,3343.72,-0.56 %,"2,019,266,342.50",-
HYDROPOWER,2025-12-17,3353.64,3372.7,3351.61,3362.51,0.14 %,"1,675,818,675.00",-
HYDROPOWER,2025-12-16,3326.98,3357.97,3321.75,3357.92,0.78 %,"1,354,413,878.30",-
HYDROPOWER,2025-12-15,3326.69,3336.54,3315.12,3332.07,0.07 %,"1,283,221,373.00",-
HYDROPOWER,2025-12-14,3357.11,3367.01,3319.47,3329.78,-0.93 %,"1,542,027,923.31",-
HYDROPOWER,2025-12-11,3369.46,3379.89,3355.15,3361.16,-0.37 %,"1,549,971,319.70",-
HYDROPOWER,2025-12-10,3394.02,3400.01,3366.27,3373.55,-0.67 %,"1,579,010,395.00",-
HYDROPOWER,2025-12-09,3369.51,3396.24,3359.47,3396.24,0.85 %,"1,772,634,082.80",-
HYDROPOWER,2025-12-08,3366.1,3376.5,3344.28,3367.76,0.13 %,"2,234,205,647.40",-
HYDROPOWER,2025-12-07,3403.21,3403.44,3355.22,3363.48,-1.23 %,"2,136,072,161.50",-
HYDROPOWER,2025-12-03,3432.55,3442.58,3395.19,3405.27,-0.50 %,"2,274,601,007.90",-
HYDROPOWER,2025-12-02,3397.64,3430.36,3386.13,3422.39,0.70 %,"2,482,485,482.40",-
HYDROPOWER,2025-12-01,3394.63,3408.35,3373.22,3398.5,0.23 %,"1,868,912,395.80",-
HYDROPOWER,2025-11-30,3437.87,3449.57,3386.1,3390.75,-1.31 %,"3,002,195,282.70",-
HYDROPOWER,2025-11-27,3432.35,3442.87,3420.28,3435.92,0.02 %,"2,588,858,270.30",-
HYDROPOWER,2025-11-26,3435.64,3446.2,3411.32,3435.32,0.29 %,"2,458,422,748.80",-
HYDROPOWER,2025-11-25,3423.45,3434.79,3399.28,3425.46,0.19 %,"2,432,643,080.00",-
HYDROPOWER,2025-11-24,3392.94,3426.04,3390.05,3418.88,0.80 %,"2,500,473,508.60",-
HYDROPOWER,2025-11-23,3347.23,3397.13,3337.85,3391.59,1.33 %,"2,894,038,983.20",-
HYDROPOWER,2025-11-20,3340.66,3365.14,3320.3,3347.03,0.10 %,"2,624,929,875.40",-
HYDROPOWER,2025-11-19,3354.35,3362.03,3322.29,3343.71,-0.14 %,"2,064,107,594.80",-
HYDROPOWER,2025-11-18,3316.94,3360.27,3311.28,3348.46,0.94 %,"2,098,076,475.90",-
HYDROPOWER,2025-11-17,3291.32,3317.88,3275.22,3317.43,0.88 %,"1,911,657,504.60",-
HYDROPOWER,2025-11-16,3311.63,3312.13,3277.54,3288.46,-0.49 %,"1,744,166,411.00",-
HYDROPOWER,2025-11-13,3287.52,3321.11,3275.31,3304.68,0.23 %,"1,723,032,744.60",-
HYDROPOWER,2025-11-12,3327.38,3329.52,3283.41,3296.94,-0.70 %,"1,765,309,823.00",-
HYDROPOWER,2025-11-11,3301.22,3330.33,3291.19,3320.32,0.77 %,"1,855,018,074.50",-
HYDROPOWER,2025-11-10,3286.53,3304.97,3258.41,3294.94,0.32 %,"1,682,055,727.30",-
HYDROPOWER,2025-11-09,3328.88,3333.15,3273.27,3284.57,-1.19 %,"1,936,219,947.40",-
HYDROPOWER,2025-11-06,3350.87,3357.63,3308.73,3323.97,-0.69 %,"2,147,219,791.00",-
HYDROPOWER,2025-11-05,3341.92,3346.97,3298.5,3346.9,0.39 %,"2,029,083,822.10",-
HYDROPOWER,2025-11-04,3378.02,3390.51,3324.08,3333.77,-1.22 %,"2,256,286,179.50",-
HYDROPOWER,2025-11-03,3414.33,3424.45,3353.93,3374.88,-1.05 %,"2,572,685,529.80",-
HYDROPOWER,2025-11-02,3380.55,3426.88,3355.41,3410.77,1.19 %,"3,376,581,864.00",-
HYDROPOWER,2025-10-30,3284.75,3372.01,3260.16,3370.81,2.67 %,"2,703,834,784.40",-
HYDROPOWER,2025-10-29,3281.97,3333.23,3266.29,3283.04,0.02 %,"2,356,697,925.80",-
HYDROPOWER,2025-10-28,3157.01,3287.22,3151.37,3282.49,3.90 %,"1,969,618,682.80",-
HYDROPOWER,2025-10-26,3170.33,3172.33,3118.72,3159.17,-0.33 %,"842,553,426.40",-
HYDROPOWER,2025-10-19,3149.58,3169.78,3136.24,3169.78,0.70 %,"912,423,477.00",-
HYDROPOWER,2025-10-16,3187.93,3197.35,3132.37,3147.74,-1.03 %,"1,051,515,926.30",-
HYDROPOWER,2025-10-15,3219.06,3219.78,3162.27,3180.51,-1.18 %,"1,108,478,426.00",-
HYDROPOWER,2025-10-14,3277.58,3278.24,3201.15,3218.53,-1.72 %,"1,080,796,579.20",-
HYDROPOWER,2025-10-13,3209.62,3275.43,3168.71,3274.85,2.10 %,"1,471,858,348.90",-
HYDROPOWER,2025-10-12,3331.6,3332.16,3193.79,3207.46,-3.79 %,"2,295,674,273.00",-
HYDROPOWER,2025-10-09,3332.66,3461.89,3315.83,3333.96,0.96 %,"1,965,509,924.60",-
HYDROPOWER,2025-10-08,3385.3,3386.03,3266.88,3302.41,-2.35 %,"2,404,393,045.70",-
HYDROPOWER,2025-10-07,3470.41,3472.57,3360.71,3381.8,-2.75 %,"2,097,933,557.60",-
HYDROPOWER,2025-09-28,3459.92,3477.8,3441.14,3477.29,0.71 %,"1,304,317,430.60",-
HYDROPOWER,2025-09-25,3462.68,3473.67,3428.58,3452.83,-0.04 %,"1,304,278,248.80",-
HYDROPOWER,2025-09-24,3493.79,3500.62,3440.94,3454.21,-0.97 %,"1,661,793,609.40",-
HYDROPOWER,2025-09-23,3385.46,3487.89,3385.21,3487.89,3.31 %,"1,966,363,756.70",-
HYDROPOWER,2025-09-21,3162.05,3381.64,3162.05,3376.16,5.84 %,"2,630,902,622.50",-
HYDROPOWER,2025-09-18,3332.13,3332.49,3187.69,3189.94,-5.41 %,"293,183,425.10",-
HYDROPOWER,2025-09-08,3414.19,3421.08,3361.22,3372.38,-1.39 %,"2,215,469,483.30",-
HYDROPOWER,2025-09-07,3442.54,3449.39,3417.55,3419.81,-0.68 %,"1,703,548,595.90",-
HYDROPOWER,2025-09-04,3444.38,3459.76,3406.98,3443.26,-0.03 %,"2,190,918,026.10",-
HYDROPOWER,2025-09-03,3475.26,3479.53,3441.31,3444.27,-0.93 %,"2,008,322,706.10",-
HYDROPOWER,2025-09-02,3523.11,3523.11,3473.84,3476.7,-0.97 %,"1,505,033,402.20",-
HYDROPOWER,2025-09-01,3512.56,3521.31,3487.49,3510.63,0.08 %,"1,415,851,486.80",-
HYDROPOWER,2025-08-31,3567.04,3569.69,3504.81,3507.82,-1.47 %,"2,051,755,645.96",-
HYDROPOWER,2025-08-28,3617.22,3628.96,3556.11,3560.21,-1.44 %,"2,539,584,531.40",-
HYDROPOWER,2025-08-27,3558.83,3617.88,3550.26,3612.4,1.86 %,"2,406,445,637.00",-
HYDROPOWER,2025-08-26,3544.2,3559.59,3539.56,3546.6,0.07 %,"1,061,614,604.70",-
HYDROPOWER,2025-08-25,3525.12,3548.09,3512.23,3544.03,0.33 %,"1,579,133,036.70",-
HYDROPOWER,2025-08-24,3571.48,3588.96,3530.63,3532.49,-1.20 %,"1,580,058,207.45",-
HYDROPOWER,2025-08-21,3590.35,3605.74,3573.86,3575.34,-0.53 %,"1,802,052,152.60",-
HYDROPOWER,2025-08-20,3622.3,3622.3,3592.22,3594.34,-0.58 %,"1,899,852,716.00",-
HYDROPOWER,2025-08-19,3608.43,3639.8,3607.3,3615.33,0.17 %,"2,444,856,851.48",-
HYDROPOWER,2025-08-18,3574.76,3620.74,3569.19,3609.29,0.97 %,"2,697,978,472.80",-
HYDROPOWER,2025-08-17,3607.78,3624.42,3572.12,3574.52,-0.77 %,"2,595,810,757.70",-
HYDROPOWER,2025-08-14,3609.77,3624.06,3593.62,3602.28,-0.21 %,"2,724,380,841.70",-
HYDROPOWER,2025-08-13,3630.7,3652.84,3606.72,3609.83,-0.31 %,"2,519,447,707.50",-
HYDROPOWER,2025-08-12,3666.74,3667.68,3618.48,3620.96,-1.26 %,"2,605,388,377.70",-
HYDROPOWER,2025-08-11,3723.98,3742.03,3662.07,3667.26,-1.42 %,"3,588,634,305.11",-
HYDROPOWER,2025-08-07,3696.97,3731.33,3693.39,3720.07,0.75 %,"3,471,358,865.00",-
HYDROPOWER,2025-08-06,3700.71,3724.76,3687.83,3692.31,-0.15 %,"2,936,796,638.30",-
HYDROPOWER,2025-08-05,3759.02,3776.33,3691.72,3697.99,-1.59 %,"3,390,996,091.40",-
HYDROPOWER,2025-08-04,3759.43,3776.51,3714.54,3757.86,0.25 %,"3,908,306,066.40",-
HYDROPOWER,2025-08-03,3792.72,3805.22,3743.02,3748.47,-1.30 %,"4,286,733,939.30",-
HYDROPOWER,2025-07-31,3840.38,3858.99,3790.71,3797.97,-1.16 %,"4,807,154,719.30",-
HYDROPOWER,2025-07-30,3908.64,3927.14,3834.1,3842.53,-1.64 %,"5,863,403,964.00",-
HYDROPOWER,2025-07-29,3889.86,3945.73,3889.86,3906.4,0.44 %,"6,528,465,732.90",-
HYDROPOWER,2025-07-28,3904.03,3904.24,3823.72,3889.14,-0.25 %,"6,563,976,381.50",-
HYDROPOWER,2025-07-27,3945.56,3996.43,3885.22,3898.73,-1.10 %,"11,625,804,472.30",-
HYDROPOWER,2025-07-24,3873.6,3948.88,3871.56,3941.95,2.00 %,"8,402,521,191.10",-
HYDROPOWER,2025-07-23,3844.86,3876.58,3810.44,3864.48,0.88 %,"7,353,015,279.25",-
HYDROPOWER,2025-07-22,3762.04,3833.44,3761.75,3830.73,1.90 %,"6,181,939,122.60",-
HYDROPOWER,2025-07-21,3744.85,3777.3,3719.97,3759.22,0.46 %,"5,306,063,370.60",-
HYDROPOWER,2025-07-20,3762.08,3823.25,3736.32,3741.93,-0.42 %,"7,717,279,150.90",-
HYDROPOWER,2025-07-17,3649.12,3773.7,3648.45,3757.78,3.04 %,"6,545,671,859.40",-
HYDROPOWER,2025-07-16,3599.86,3649.27,3594.95,3646.78,1.29 %,"5,059,656,284.00",-
HYDROPOWER,2025-07-15,3538.66,3608.36,3535.83,3600.39,1.72 %,"3,471,019,552.63",-
HYDROPOWER,2025-07-14,3535.01,3553.14,3518.53,3539.65,0.15 %,"2,885,541,196.60",-
HYDROPOWER,2025-07-13,3606.5,3642.26,3531.52,3534.32,-0.83 %,"3,604,698,924.60",-
HYDROPOWER,2025-07-10,3571.57,3593.03,3556.21,3563.94,-0.22 %,"3,399,916,647.00",-
HYDROPOWER,2025-07-09,3547.7,3589.5,3547.68,3571.86,0.54 %,"3,294,601,566.10",-
HYDROPOWER,2025-07-08,3532.44,3562.6,3502.52,3552.65,0.59 %,"2,754,441,323.00",-
HYDROPOWER,2025-07-07,3558.2,3577.63,3525.85,3531.8,-1.02 %,"2,862,256,175.61",-
HYDROPOWER,2025-07-06,3608.48,3616.26,3562.25,3568.34,-1.06 %,"3,301,067,085.30",-
HYDROPOWER,2025-07-03,3634.19,3644.27,3600.04,3606.56,-0.59 %,"4,145,017,500.97",-
HYDROPOWER,2025-07-02,3620.69,3658.05,3613.25,3628.05,0.47 %,"4,563,294,195.50",-
HYDROPOWER,2025-07-01,3569.14,3616.41,3565.2,3610.92,1.39 %,"3,680,987,688.70",-
HYDROPOWER,2025-06-30,3567.29,3596.25,3551.43,3561.49,-0.28 %,"3,739,773,541.40",-
HYDROPOWER,2025-06-29,3552.26,3575.79,3550.46,3571.62,0.55 %,"4,388,299,386.30",-
HYDROPOWER,2025-06-26,3542.36,3600.4,3541.93,3552.22,0.11 %,"5,443,945,819.70",-
HYDROPOWER,2025-06-25,3527.68,3554.36,3505.46,3548.39,0.67 %,"3,663,842,026.00",-
HYDROPOWER,2025-06-24,3542.9,3591.21,3520.31,3524.67,-0.44 %,"3,514,271,754.20",-
HYDROPOWER,2025-06-23,3527.34,3552.62,3494.04,3540.36,0.42 %,"4,337,201,842.50",-
HYDROPOWER,2025-06-22,3624.87,3629.53,3521.43,3525.5,-2.78 %,"6,166,214,089.40",-
HYDROPOWER,2025-06-19,3674.43,3693.44,3618.44,3626.47,-1.35 %,"7,651,222,577.70",-
HYDROPOWER,2025-06-18,3649.22,3679.25,3642.28,3676.05,0.74 %,"6,032,775,366.90",-
HYDROPOWER,2025-06-17,3642.0,3653.58,3604.49,3649.0,0.27 %,"4,864,132,398.60",-
HYDROPOWER,2025-06-16,3679.31,3728.84,3635.45,3639.14,-1.01 %,"9,053,853,713.60",-
HYDROPOWER,2025-06-15,3651.03,3684.31,3651.01,3676.15,0.96 %,"7,910,419,364.00",-
HYDROPOWER,2025-06-12,3643.26,3695.16,3632.82,3641.14,0.23 %,"8,287,533,005.60",-
HYDROPOWER,2025-06-11,3601.89,3637.85,3573.13,3632.9,1.14 %,"6,294,071,671.60",-
HYDROPOWER,2025-06-10,3590.79,3630.09,3584.6,3592.06,0.46 %,"5,256,384,225.40",-
HYDROPOWER,2025-06-09,3504.18,3580.33,3489.22,3575.5,2.35 %,"4,966,410,006.40",-
HYDROPOWER,2025-06-08,3452.28,3496.85,3451.68,3493.26,1.23 %,"5,373,260,046.65",-
HYDROPOWER,2025-06-05,3415.0,3456.47,3410.25,3450.83,1.14 %,"4,542,533,470.80",-
HYDROPOWER,2025-06-04,3425.27,3436.35,3402.44,3411.97,-0.39 %,"2,543,309,131.40",-
HYDROPOWER,2025-06-03,3458.87,3467.43,3421.47,3425.43,-0.97 %,"3,130,754,814.70",-
HYDROPOWER,2025-06-02,3499.38,3516.21,3449.01,3458.82,-0.35 %,"4,307,098,813.60",-
HYDROPOWER,2025-05-28,3442.08,3486.24,3439.97,3471.06,0.89 %,"4,723,406,139.50",-
HYDROPOWER,2025-05-27,3438.84,3461.99,3417.51,3440.32,0.15 %,"3,349,461,003.90",-
HYDROPOWER,2025-05-26,3478.15,3522.82,3432.29,3435.2,-0.06 %,"3,423,855,646.20",-
HYDROPOWER,2025-05-25,3449.04,3459.35,3418.84,3437.36,-0.37 %,"3,292,680,615.10",-
HYDROPOWER,2025-05-22,3484.54,3508.1,3445.03,3450.06,-1.11 %,"3,916,406,664.20",-
HYDROPOWER,2025-05-21,3569.2,3648.36,3487.7,3488.61,-1.00 %,"4,994,748,746.10",-
HYDROPOWER,2025-05-20,3439.99,3529.15,3413.87,3523.85,2.45 %,"3,129,384,567.30",-
HYDROPOWER,2025-05-19,3405.06,3456.16,3404.61,3439.5,0.95 %,"2,959,952,270.00",-
HYDROPOWER,2025-05-18,3453.36,3471.53,3397.57,3407.26,-1.37 %,"3,530,911,064.00",-
HYDROPOWER,2025-05-15,3477.35,3483.68,3445.24,3454.42,-0.65 %,"3,392,914,721.20",-
HYDROPOWER,2025-05-14,3541.83,3552.82,3472.81,3477.03,-1.96 %,"4,283,143,590.40",-
HYDROPOWER,2025-05-13,3581.12,3612.98,3538.18,3546.55,-1.18 %,"5,249,768,804.60",-
HYDROPOWER,2025-05-11,3644.97,3670.79,3583.89,3588.99,-1.34 %,"6,192,769,248.00",-
HYDROPOWER,2025-05-08,3646.87,3682.14,3600.49,3637.92,0.03 %,"7,636,144,313.30",-
HYDROPOWER,2025-05-07,3536.61,3642.45,3536.6,3636.75,3.13 %,"6,961,964,338.30",-
HYDROPOWER,2025-05-06,3485.03,3536.57,3485.02,3526.26,1.40 %,"5,812,502,007.60",-
HYDROPOWER,2025-05-05,3505.4,3505.39,3457.68,3477.51,-0.74 %,"4,532,370,687.60",-
HYDROPOWER,2025-05-04,3524.16,3541.89,3493.55,3503.52,-0.10 %,"5,449,480,745.40",-
HYDROPOWER,2025-04-30,3485.89,3528.82,3483.1,3506.91,0.62 %,"5,768,435,667.00",-
HYDROPOWER,2025-04-29,3493.51,3513.67,3476.07,3485.34,-0.20 %,"4,331,379,729.10",-
HYDROPOWER,2025-04-28,3519.16,3547.83,3475.67,3492.48,-0.75 %,"4,988,444,189.10",-
HYDROPOWER,2025-04-27,3486.92,3539.65,3486.6,3519.02,1.07 %,"5,351,262,876.70",-
HYDROPOWER,2025-04-24,3469.96,3494.56,3452.6,3481.77,0.22 %,"3,953,517,191.60",-
HYDROPOWER,2025-04-23,3534.51,3537.82,3469.16,3474.04,-1.79 %,"3,334,968,321.10",-
HYDROPOWER,2025-04-22,3556.01,3592.13,3535.43,3537.28,-0.67 %,"4,226,486,064.60",-
HYDROPOWER,2025-04-21,3539.55,3592.05,3523.62,3561.26,0.77 %,"4,479,001,084.90",-
HYDROPOWER,2025-04-20,3571.11,3579.95,3524.38,3533.9,-1.22 %,"4,020,483,544.10",-
HYDROPOWER,2025-04-17,3550.38,3611.31,3543.04,3577.66,1.13 %,"5,303,351,586.10",-
HYDROPOWER,2025-04-16,3480.55,3541.01,3474.03,3537.52,1.63 %,"3,846,146,366.10",-
HYDROPOWER,2025-04-15,3434.62,3502.91,3423.0,3480.7,1.48 %,"4,577,330,121.90",-
HYDROPOWER,2025-04-13,3443.75,3454.05,3417.99,3430.07,-0.46 %,"2,117,419,720.10",-
HYDROPOWER,2025-04-10,3443.85,3470.52,3440.54,3445.77,0.10 %,"2,124,967,043.70",-
HYDROPOWER,2025-04-09,3451.07,3478.67,3440.81,3442.4,0.09 %,"1,474,753,115.80",-
HYDROPOWER,2025-04-08,3457.79,3459.79,3397.51,3439.47,-0.50 %,"1,623,351,988.50",-
HYDROPOWER,2025-04-07,3508.91,3518.65,3455.14,3456.76,-1.37 %,"1,987,100,689.80",-
HYDROPOWER,2025-04-03,3501.05,3540.08,3495.63,3504.91,0.04 %,"2,777,168,372.00",-
HYDROPOWER,2025-04-02,3491.23,3515.96,3472.75,3503.52,0.43 %,"1,912,562,406.60",-
HYDROPOWER,2025-04-01,3523.02,3536.81,3460.63,3488.67,-0.99 %,"1,755,742,590.90",-
HYDROPOWER,2025-03-30,3468.69,3555.53,3461.41,3523.72,1.54 %,"2,279,892,901.20",-
HYDROPOWER,2025-03-27,3428.85,3476.61,3427.77,3470.27,1.10 %,"1,308,141,968.60",-
HYDROPOWER,2025-03-26,3374.79,3439.19,3370.92,3432.57,1.70 %,"1,176,975,598.40",-
HYDROPOWER,2025-03-25,3484.79,3484.85,3371.87,3375.12,-3.31 %,"1,667,018,467.40",-
HYDROPOWER,2025-03-24,3454.85,3505.07,3421.54,3490.77,0.96 %,"1,325,348,861.70",-
HYDROPOWER,2025-03-23,3545.75,3547.17,3454.91,3457.68,-2.51 %,"2,006,223,795.55",-
HYDROPOWER,2025-03-20,3571.68,3572.39,3541.54,3546.61,-0.70 %,"1,561,882,467.30",-
HYDROPOWER,2025-03-19,3594.25,3607.87,3553.18,3571.5,-0.67 %,"1,711,839,032.20",-
HYDROPOWER,2025-03-18,3601.17,3625.55,3577.21,3595.66,-0.18 %,"1,487,685,601.10",-
HYDROPOWER,2025-03-17,3609.24,3640.06,3585.57,3602.02,-0.23 %,"1,582,655,007.25",-
HYDROPOWER,2025-03-16,3654.03,3663.63,3593.26,3610.35,-1.29 %,"2,187,894,202.90",-
HYDROPOWER,2025-03-12,3624.91,3657.58,3620.4,3657.58,0.86 %,"2,335,127,395.70",-
HYDROPOWER,2025-03-11,3681.67,3689.55,3610.19,3626.41,-1.52 %,"2,348,449,750.70",-
HYDROPOWER,2025-03-10,3727.9,3751.04,3665.73,3682.32,-1.16 %,"2,618,273,853.30",-
HYDROPOWER,2025-03-09,3790.46,3795.58,3710.76,3725.66,-1.66 %,"2,856,867,709.40",-
HYDROPOWER,2025-03-06,3786.27,3809.28,3767.75,3788.63,-0.07 %,"2,707,723,714.60",-
HYDROPOWER,2025-03-05,3808.32,3819.52,3772.3,3791.27,-0.37 %,"4,011,933,314.80",-
HYDROPOWER,2025-03-04,3851.94,3874.61,3792.46,3805.45,-1.09 %,"4,508,210,928.90",-
HYDROPOWER,2025-03-03,3902.4,3938.55,3834.6,3847.34,-1.22 %,"4,109,412,616.10",-
HYDROPOWER,2025-03-02,3826.96,3894.96,3824.24,3894.76,1.99 %,"4,432,842,193.80",-
HYDROPOWER,2025-02-27,3750.59,3818.96,3743.59,3818.93,1.81 %,"3,741,599,850.20",-
HYDROPOWER,2025-02-25,3746.07,3762.77,3733.74,3751.13,-0.00 %,"2,923,185,557.40",-
HYDROPOWER,2025-02-24,3756.94,3802.26,3732.01,3751.2,-0.16 %,"3,547,985,788.90",-
HYDROPOWER,2025-02-23,3761.98,3777.39,3699.35,3757.13,-0.57 %,"3,283,642,721.20",-
HYDROPOWER,2025-02-20,3806.75,3807.18,3763.47,3778.59,-0.75 %,"2,780,192,203.30",-
HYDROPOWER,2025-02-18,3808.07,3832.97,3781.45,3807.2,0.04 %,"3,473,209,772.35",-
HYDROPOWER,2025-02-17,3815.74,3828.39,3793.99,3805.8,-0.16 %,"3,382,797,983.90",-
HYDROPOWER,2025-02-16,3794.96,3815.84,3778.51,3811.87,0.36 %,"3,629,820,074.60",-
HYDROPOWER,2025-02-13,3833.17,3833.41,3790.12,3798.12,-0.91 %,"3,005,708,421.20",-
HYDROPOWER,2025-02-12,3841.95,3850.03,3808.13,3832.91,-0.04 %,"4,040,585,800.15",-
HYDROPOWER,2025-02-11,3774.1,3837.38,3762.22,3834.46,1.57 %,"3,416,748,704.40",-
HYDROPOWER,2025-02-10,3816.26,3816.26,3751.88,3775.18,-0.77 %,"3,068,099,743.68",-
HYDROPOWER,2025-02-09,3829.87,3863.43,3779.48,3804.43,-0.51 %,"3,905,339,212.14",-
HYDROPOWER,2025-02-06,3841.47,3865.44,3816.51,3823.83,-0.37 %,"4,535,525,495.72",-
HYDROPOWER,2025-02-05,3838.92,3878.82,3821.81,3838.13,0.04 %,"4,482,756,043.05",-
HYDROPOWER,2025-02-04,3831.83,3851.7,3810.72,3836.51,0.16 %,"4,406,273,103.34",-
HYDROPOWER,2025-02-03,3853.13,3892.47,3804.34,3830.42,-0.49 %,"5,253,518,038.18",-
HYDROPOWER,2025-02-02,3811.35,3873.3,3811.34,3849.23,1.41 %,"5,846,469,656.44",-
HYDROPOWER,2025-01-28,3740.5,3797.54,3738.99,3795.56,1.50 %,"4,510,966,712.90",-
HYDROPOWER,2025-01-27,3725.63,3780.31,3719.53,3739.53,0.34 %,"4,344,312,309.00",-
HYDROPOWER,2025-01-26,3705.34,3751.65,3690.27,3726.7,0.54 %,"3,833,218,215.30",-
HYDROPOWER,2025-01-23,3720.28,3730.4,3687.13,3706.62,-0.55 %,"3,314,582,991.97",-
HYDROPOWER,2025-01-22,3647.44,3727.69,3639.82,3727.19,2.13 %,"3,344,873,983.93",-
HYDROPOWER,2025-01-21,3687.09,3690.18,3639.69,3649.5,-0.92 %,"2,624,976,335.20",-
HYDROPOWER,2025-01-20,3675.55,3697.4,3668.59,3683.53,-0.03 %,"3,235,659,103.70",-
HYDROPOWER,2025-01-19,3670.3,3687.94,3648.44,3684.6,0.40 %,"3,167,774,605.12",-
HYDROPOWER,2025-01-16,3669.79,3681.95,3641.18,3669.77,0.07 %,"2,801,422,306.35",-
HYDROPOWER,2025-01-15,3611.59,3667.13,3586.59,3667.11,1.76 %,"2,872,966,541.40",-
HYDROPOWER,2025-01-13,3613.43,3624.45,3568.19,3603.65,-0.50 %,"2,636,813,216.70",-
HYDROPOWER,2025-01-12,3683.89,3683.89,3604.24,3621.7,-1.44 %,"1,738,699,699.90",-
HYDROPOWER,2025-01-09,3693.01,3699.2,3648.82,3674.62,-0.39 %,"3,713,906,774.40",-
HYDROPOWER,2025-01-08,3692.65,3692.65,3657.88,3688.93,0.24 %,"2,758,776,263.43",-
HYDROPOWER,2025-01-07,3671.63,3686.57,3625.9,3680.24,0.42 %,"2,678,250,951.00",-
HYDROPOWER,2025-01-06,3547.73,3664.78,3538.9,3664.68,3.55 %,"3,203,005,473.40",-
HYDROPOWER,2025-01-05,3485.37,3538.97,3462.73,3538.97,1.68 %,"2,101,718,749.70",-
HYDROPOWER,2025-01-02,3428.49,3480.9,3416.21,3480.63,1.87 %,"1,631,246,117.90",-
HYDROPOWER,2025-01-01,3371.73,3417.95,3360.27,3416.71,1.24 %,"1,138,252,935.50",-
HYDROPOWER,2024-12-31,3436.03,3436.69,3319.71,3374.71,-1.74 %,"1,908,445,144.70",-
HYDROPOWER,2024-12-29,3490.88,3493.21,3420.18,3434.32,-1.74 %,"1,695,158,833.20",-
HYDROPOWER,2024-12-26,3534.02,3534.35,3486.4,3494.98,-1.28 %,"1,491,938,742.40",-
HYDROPOWER,2024-12-24,3523.26,3567.79,3513.58,3540.36,0.71 %,"2,217,876,937.70",-
HYDROPOWER,2024-12-23,3419.85,3515.26,3418.93,3515.26,2.65 %,"2,009,749,623.00",-
HYDROPOWER,2024-12-22,3409.55,3451.58,3377.85,3424.39,0.65 %,"1,990,978,889.60",-
HYDROPOWER,2024-12-19,3455.53,3468.14,3391.44,3402.23,-1.53 %,"1,796,476,825.33",-
HYDROPOWER,2024-12-18,3471.02,3502.08,3443.52,3454.95,-0.37 %,"1,609,637,026.50",-
HYDROPOWER,2024-12-17,3465.85,3482.28,3430.04,3467.72,0.14 %,"1,774,962,834.10",-
HYDROPOWER,2024-12-16,3544.85,3546.55,3445.21,3462.74,-2.37 %,"2,405,212,389.60",-
HYDROPOWER,2024-12-12,3582.76,3606.78,3539.01,3546.68,-1.00 %,"2,680,491,466.72",-
HYDROPOWER,2024-12-11,3510.37,3583.93,3498.73,3582.39,1.97 %,"2,089,927,912.90",-
HYDROPOWER,2024-12-10,3526.63,3553.52,3495.28,3513.28,-0.33 %,"1,696,217,604.70",-
HYDROPOWER,2024-12-09,3644.59,3580.76,3511.5,3524.99,-0.54 %,"2,113,279,884.45",-
HYDROPOWER,2024-12-08,3618.18,3618.6,3520.72,3544.3,-1.98 %,"2,970,388,398.10",-
HYDROPOWER,2024-12-05,3651.52,3661.65,3588.79,3615.98,-0.88 %,"3,379,687,383.64",-
HYDROPOWER,2024-12-04,3642.35,3706.09,3613.45,3648.16,0.60 %,"4,772,803,115.90",-
HYDROPOWER,2024-12-03,3577.87,3631.05,3577.87,3626.44,1.86 %,"3,753,442,957.85",-
HYDROPOWER,2024-12-02,3537.47,3595.2,3536.61,3560.35,0.63 %,"3,615,052,336.00",-
HYDROPOWER,2024-12-01,3575.56,3575.57,3501.4,3538.16,-1.14 %,"2,587,708,359.75",-
HYDROPOWER,2024-11-28,3651.25,3651.25,3565.99,3579.03,-1.59 %,"2,820,790,754.80",-
HYDROPOWER,2024-11-27,3589.72,3636.85,3587.98,3636.85,1.68 %,"3,457,298,358.30",-
HYDROPOWER,2024-11-26,3530.53,3578.18,3513.84,3576.9,1.97 %,"2,860,102,134.10",-
HYDROPOWER,2024-11-25,3505.07,3521.63,3474.82,3507.67,0.45 %,"2,529,174,829.80",-
HYDROPOWER,2024-11-24,3515.8,3543.81,3473.51,3491.97,-0.41 %,"2,860,426,223.00",-
HYDROPOWER,2024-11-21,3544.54,3557.51,3497.49,3506.5,-0.91 %,"3,003,635,866.92",-
HYDROPOWER,2024-11-20,3489.43,3538.68,3462.46,3538.58,1.29 %,"2,561,310,310.00",-
HYDROPOWER,2024-11-19,3613.93,3613.93,3479.24,3493.59,-3.08 %,"4,040,936,692.47",-
HYDROPOWER,2024-11-17,3589.25,3654.83,3588.72,3604.46,0.85 %,"4,659,991,170.10",-
HYDROPOWER,2024-11-14,3528.71,3595.89,3510.97,3574.02,1.34 %,"4,008,151,525.50",-
HYDROPOWER,2024-11-13,3512.76,3527.14,3481.45,3526.64,0.82 %,"2,459,129,666.60",-
HYDROPOWER,2024-11-12,3523.08,3548.36,3487.03,3498.03,-0.58 %,"2,646,907,741.10",-
HYDROPOWER,2024-11-11,3521.66,3587.24,3481.04,3518.3,-0.05 %,"4,283,506,781.70",-
HYDROPOWER,2024-11-10,3383.15,3520.12,3380.45,3520.12,4.26 %,"4,090,048,587.80",-
HYDROPOWER,2024-11-06,3367.81,3376.4,3352.4,3376.29,0.46 %,"1,710,107,365.10",-
HYDROPOWER,2024-11-05,3337.1,3372.87,3332.86,3360.75,0.78 %,"1,469,090,210.80",-
HYDROPOWER,2024-10-30,3353.83,3367.32,3314.64,3334.88,-0.33 %,"1,837,910,574.90",-
HYDROPOWER,2024-10-29,3282.43,3348.94,3280.99,3346.0,2.03 %,"1,963,999,764.50",-
HYDROPOWER,2024-10-28,3224.46,3280.05,3211.05,3279.38,1.58 %,"1,688,212,143.70",-
HYDROPOWER,2024-10-27,3216.03,3228.3,3194.31,3228.3,0.48 %,"1,275,189,359.70",-
HYDROPOWER,2024-10-24,3202.72,3234.92,3171.31,3212.92,0.36 %,"1,610,596,813.50",-
HYDROPOWER,2024-10-23,3223.7,3242.77,3180.78,3201.27,-0.53 %,"1,389,662,030.80",-
HYDROPOWER,2024-10-22,3174.8,3218.4,3164.76,3218.4,1.42 %,"1,180,222,134.20",-
HYDROPOWER,2024-10-21,3239.13,3245.81,3161.12,3173.22,-2.05 %,"1,699,543,668.92",-
HYDROPOWER,2024-10-20,3293.98,3307.36,3222.38,3239.66,-2.15 %,"2,284,125,789.81",-
HYDROPOWER,2024-10-17,3316.23,3346.23,3293.05,3310.68,-0.12 %,"2,125,781,040.44",-
HYDROPOWER,2024-10-16,3253.88,3323.93,3238.31,3314.71,2.14 %,"1,806,856,987.86",-
HYDROPOWER,2024-10-15,3221.75,3246.88,3208.58,3245.33,0.73 %,"779,978,214.50",-
HYDROPOWER,2024-10-09,3199.09,3221.85,3171.03,3221.85,0.56 %,"1,133,727,500.00",-
HYDROPOWER,2024-10-08,3237.74,3241.68,3173.77,3204.02,-1.00 %,"1,244,321,725.61",-
HYDROPOWER,2024-10-07,3207.37,3267.26,3203.28,3236.43,1.05 %,"1,709,026,698.30",-
HYDROPOWER,2024-10-06,3116.07,3202.82,3082.36,3202.79,2.74 %,"2,003,309,111.75",-
HYDROPOWER,2024-10-02,3175.75,3187.56,3092.89,3117.43,-1.73 %,"1,775,385,788.30",-
HYDROPOWER,2024-10-01,2990.05,3172.44,2987.46,3172.44,5.99 %,"2,123,075,762.40",-
HYDROPOWER,2024-09-30,2961.51,2993.28,2933.53,2993.28,1.23 %,"874,923,417.00",-
HYDROPOWER,2024-09-29,3017.06,3017.06,2930.77,2957.04,-2.36 %,"1,289,414,028.30",-
HYDROPOWER,2024-09-26,3106.35,3126.78,3012.95,3028.53,-2.30 %,"1,811,469,939.80",-
HYDROPOWER,2024-09-25,3027.54,3100.46,2974.55,3099.87,2.61 %,"1,559,869,295.90",-
HYDROPOWER,2024-09-24,3107.37,3129.53,3002.65,3021.02,-2.81 %,"1,659,295,455.50",-
HYDROPOWER,2024-09-23,3206.14,3208.35,3078.59,3108.24,-2.89 %,"1,658,927,117.00",-
HYDROPOWER,2024-09-22,3204.95,3270.91,3166.25,3200.85,0.32 %,"1,576,143,564.40",-
HYDROPOWER,2024-09-18,3200.98,3234.39,3162.25,3190.7,-0.18 %,"1,647,785,277.40",-
HYDROPOWER,2024-09-16,3273.01,3273.94,3175.51,3196.41,-2.28 %,"2,200,843,483.80",-
HYDROPOWER,2024-09-15,3340.11,3386.86,3247.53,3271.07,-1.48 %,"3,457,690,798.10",-
HYDROPOWER,2024-09-12,3183.7,3322.83,3168.18,3320.33,4.28 %,"2,419,664,240.30",-
HYDROPOWER,2024-09-11,3222.86,3225.35,3157.4,3183.95,-0.93 %,"1,974,164,858.10",-
HYDROPOWER,2024-09-10,3239.14,3287.58,3179.55,3213.74,-0.72 %,"1,909,102,099.60",-
HYDROPOWER,2024-09-09,3318.26,3322.79,3220.12,3236.92,-2.44 %,"2,328,795,052.40",-
HYDROPOWER,2024-09-08,3345.36,3399.88,3306.38,3317.97,-0.61 %,"2,730,026,394.85",-
HYDROPOWER,2024-09-05,3374.83,3387.56,3295.68,3338.17,-1.01 %,"2,520,588,978.00",-
HYDROPOWER,2024-09-04,3523.99,3525.03,3345.77,3372.31,-3.60 %,"3,376,139,535.24",-
HYDROPOWER,2024-09-03,3535.24,3561.49,3463.36,3498.21,-0.50 %,"3,848,685,611.30",-
HYDROPOWER,2024-09-02,3333.04,3515.9,3312.11,3515.9,5.36 %,"4,242,970,569.40",-
HYDROPOWER,2024-09-01,3419.82,3445.57,3318.49,3337.01,-2.41 %,"3,066,328,278.60",-
HYDROPOWER,2024-08-29,3419.57,3455.43,3354.92,3419.34,-0.14 %,"3,892,519,054.60",-
HYDROPOWER,2024-08-28,3417.77,3519.04,3374.79,3424.12,0.49 %,"4,218,098,003.30",-
HYDROPOWER,2024-08-27,3553.35,3553.34,3378.23,3407.33,-3.96 %,"5,572,268,354.76",-
HYDROPOWER,2024-08-25,3687.27,3690.15,3528.86,3547.89,-3.05 %,"5,396,823,865.50",-
HYDROPOWER,2024-08-22,3646.54,3708.75,3620.17,3659.34,0.55 %,"5,326,297,462.30",-
HYDROPOWER,2024-08-21,3688.24,3714.6,3618.56,3639.2,-0.76 %,"5,377,316,517.50",-
HYDROPOWER,2024-08-18,3818.89,3837.8,3639.04,3667.06,-3.74 %,"8,704,612,673.00",-
HYDROPOWER,2024-08-15,3795.48,3882.67,3791.7,3809.66,0.80 %,"10,327,875,401.10",-
HYDROPOWER,2024-08-14,3721.97,3780.04,3619.02,3779.51,1.91 %,"7,977,738,459.40",-
HYDROPOWER,2024-08-13,3729.42,3758.41,3639.71,3708.64,-0.35 %,"7,453,214,015.10",-
HYDROPOWER,2024-08-12,3625.03,3721.71,3621.4,3721.71,3.43 %,"8,778,568,614.90",-
HYDROPOWER,2024-08-11,3482.1,3598.91,3469.47,3598.28,5.14 %,"8,806,776,982.70",-
HYDROPOWER,2024-08-08,3448.73,3506.94,3413.17,3462.2,0.87 %,"6,342,948,536.26",-
HYDROPOWER,2024-08-07,3240.08,3433.53,3220.22,3432.32,5.72 %,"5,420,330,575.60",-
HYDROPOWER,2024-08-06,3417.45,3460.28,3222.72,3246.51,-4.76 %,"6,816,372,675.90",-
HYDROPOWER,2024-08-05,3319.31,3419.55,3275.81,3408.67,3.10 %,"6,431,911,376.50",-
HYDROPOWER,2024-08-01,3374.39,3376.4,3283.04,3306.24,-1.90 %,"5,696,587,553.10",-
HYDROPOWER,2024-07-31,3309.13,3412.85,3309.12,3370.42,2.11 %,"6,947,126,239.70",-
HYDROPOWER,2024-07-30,3206.22,3315.24,3191.41,3300.69,3.13 %,"5,249,320,941.37",-
HYDROPOWER,2024-07-29,3182.09,3255.69,3148.94,3200.62,0.82 %,"5,138,804,443.00",-
HYDROPOWER,2024-07-28,3193.25,3254.93,3102.98,3174.6,0.84 %,"3,316,471,727.10",-
HYDROPOWER,2024-07-25,3161.7,3169.02,3110.58,3148.28,-0.09 %,"3,573,909,228.06",-
HYDROPOWER,2024-07-24,3216.6,3239.71,3120.66,3151.19,-1.58 %,"5,062,674,339.00",-
HYDROPOWER,2024-07-23,3080.51,3201.62,3061.05,3201.62,3.98 %,"5,066,970,291.70",-
HYDROPOWER,2024-07-22,3031.85,3095.28,2979.97,3079.09,1.75 %,"4,746,082,768.12",-
HYDROPOWER,2024-07-21,2991.63,3035.23,2940.99,3026.22,1.37 %,"4,502,278,967.80",-
HYDROPOWER,2024-07-18,2999.89,3024.1,2936.14,2985.28,-0.01 %,"4,690,000,331.10",-
HYDROPOWER,2024-07-17,2948.38,2985.5,2900.48,2985.5,1.71 %,"4,407,599,521.10",-
HYDROPOWER,2024-07-16,2786.65,2937.32,2781.33,2935.3,5.45 %,"4,077,765,014.30",-
HYDROPOWER,2024-07-15,2783.87,2800.34,2733.96,2783.55,0.73 %,"2,861,344,593.20",-
HYDROPOWER,2024-07-14,2714.68,2786.62,2702.26,2763.32,3.30 %,"2,047,890,522.10",-
HYDROPOWER,2024-07-11,2642.02,2676.01,2641.66,2675.01,1.43 %,"1,761,297,834.80",-
HYDROPOWER,2024-07-10,2613.37,2637.22,2609.05,2637.22,1.08 %,"1,251,855,429.90",-
HYDROPOWER,2024-07-09,2592.7,2609.16,2585.65,2609.16,0.52 %,"1,032,626,787.00",-
HYDROPOWER,2024-07-08,2608.66,2617.57,2584.64,2595.61,-0.36 %,"858,560,177.36",-
HYDROPOWER,2024-07-07,2606.93,2617.76,2593.73,2604.93,-0.02 %,"1,271,252,475.16",-
HYDROPOWER,2024-07-04,2599.04,2623.96,2588.98,2605.66,0.23 %,"1,289,528,995.80",-
HYDROPOWER,2024-07-03,2619.76,2622.0,2576.38,2599.81,-0.68 %,"903,097,473.90",-
HYDROPOWER,2024-07-02,2616.08,2713.67,2595.68,2617.74,1.81 %,"1,302,308,097.90",-
HYDROPOWER,2024-07-01,2556.25,2571.25,2545.27,2571.21,0.60 %,"813,061,891.20",-
HYDROPOWER,2024-06-30,2582.64,2586.28,2546.12,2555.88,-1.06 %,"1,075,477,604.60",-
HYDROPOWER,2024-06-27,2594.43,2598.74,2575.07,2583.31,-0.46 %,"1,211,436,866.90",-
HYDROPOWER,2024-06-26,2613.41,2622.8,2584.82,2595.17,-0.59 %,"1,196,045,477.30",-
HYDROPOWER,2024-06-25,2578.82,2616.58,2577.98,2610.53,1.18 %,"1,341,905,810.50",-
HYDROPOWER,2024-06-24,2578.39,2597.56,2562.96,2580.07,0.19 %,"1,244,937,416.00",-
HYDROPOWER,2024-06-23,2577.81,2586.37,2561.09,2575.17,-0.06 %,"1,265,051,554.80",-
HYDROPOWER,2024-06-20,2604.16,2605.23,2565.48,2576.74,-0.59 %,"1,200,286,145.70",-
HYDROPOWER,2024-06-19,2582.36,2602.15,2579.17,2591.96,0.33 %,"983,123,976.60",-
HYDROPOWER,2024-06-18,2607.4,2611.91,2578.44,2583.45,-0.88 %,"1,458,771,711.60",-
HYDROPOWER,2024-06-16,2615.37,2631.25,2597.2,2606.35,-0.24 %,"1,976,668,258.70",-
HYDROPOWER,2024-06-13,2631.3,2634.47,2598.74,2612.51,-0.60 %,"1,685,939,425.10",-
HYDROPOWER,2024-06-12,2650.27,2664.39,2609.47,2628.2,-0.62 %,"2,002,389,574.70",-
HYDROPOWER,2024-06-11,2594.54,2646.83,2590.81,2644.53,2.59 %,"2,272,497,066.90",-
HYDROPOWER,2024-06-10,2537.29,2584.11,2520.6,2577.82,2.01 %,"2,280,790,845.47",-
HYDROPOWER,2024-06-09,2507.27,2527.34,2499.81,2527.07,0.97 %,"1,485,420,962.90",-
HYDROPOWER,2024-06-06,2485.35,2509.5,2478.45,2502.9,0.83 %,"1,114,584,280.30",-
HYDROPOWER,2024-06-05,2501.03,2503.95,2465.66,2482.3,-0.65 %,"976,883,469.05",-
HYDROPOWER,2024-06-04,2518.2,2520.2,2490.49,2498.46,-0.62 %,"893,665,503.80",-
HYDROPOWER,2024-06-03,2519.31,2533.55,2501.13,2513.94,-0.12 %,"1,131,225,160.60",-
HYDROPOWER,2024-06-02,2491.79,2522.73,2483.53,2517.01,1.27 %,"1,327,827,087.30",-
HYDROPOWER,2024-05-30,2474.78,2506.62,2459.88,2485.48,0.49 %,"1,254,824,056.90",-
HYDROPOWER,2024-05-29,2506.16,2524.24,2464.09,2473.32,-0.11 %,"1,034,125,885.00",-
HYDROPOWER,2024-05-27,2472.59,2487.47,2457.54,2476.15,0.25 %,"720,205,392.40",-
HYDROPOWER,2024-05-26,2511.17,2513.57,2460.65,2469.88,-1.62 %,"932,832,310.70",-
HYDROPOWER,2024-05-22,2536.55,2546.0,2497.48,2510.65,-0.89 %,"1,213,264,241.10",-
HYDROPOWER,2024-05-21,2483.42,2534.37,2471.45,2533.19,2.16 %,"1,742,311,689.10",-
HYDROPOWER,2024-05-20,2449.76,2490.67,2449.16,2479.61,1.39 %,"1,325,279,376.20",-
HYDROPOWER,2024-05-19,2433.87,2445.68,2405.56,2445.68,1.26 %,"920,967,342.50",-
HYDROPOWER,2024-05-16,2433.59,2439.52,2400.94,2415.27,-0.45 %,"674,929,284.70",-
HYDROPOWER,2024-05-15,2448.11,2467.29,2406.08,2426.24,-0.80 %,"880,987,842.30",-
HYDROPOWER,2024-05-14,2368.32,2445.89,2366.31,2445.89,3.22 %,"1,086,522,877.30",-
HYDROPOWER,2024-05-13,2356.15,2370.08,2344.21,2369.55,0.58 %,"413,761,224.00",-
HYDROPOWER,2024-05-12,2352.61,2359.54,2336.55,2355.92,0.16 %,"458,196,630.20",-
HYDROPOWER,2024-05-09,2352.61,2362.45,2335.51,2352.07,0.21 %,"504,510,710.40",-
HYDROPOWER,2024-05-08,2345.49,2363.57,2333.48,2347.13,0.02 %,"376,059,652.85",-
HYDROPOWER,2024-05-07,2357.33,2373.87,2339.22,2346.63,-0.44 %,"375,741,944.30",-
HYDROPOWER,2024-05-06,2370.2,2374.63,2345.53,2357.11,-0.45 %,"485,479,410.70",-
HYDROPOWER,2024-05-05,2406.57,2408.21,2358.53,2367.76,-1.60 %,"624,285,357.25",-
HYDROPOWER,2024-05-02,2448.95,2448.94,2398.08,2406.23,-1.12 %,"656,912,550.30",-
HYDROPOWER,2024-04-30,2396.28,2444.47,2384.53,2433.38,1.62 %,"877,320,541.80",-
HYDROPOWER,2024-04-29,2409.03,2415.71,2383.37,2394.58,-0.50 %,"553,307,277.90",-
HYDROPOWER,2024-04-28,2398.32,2406.69,2381.39,2406.69,0.44 %,"609,321,200.50",-
HYDROPOWER,2024-04-25,2408.98,2408.98,2379.79,2396.18,-0.47 %,"610,750,872.50",-
HYDROPOWER,2024-04-24,2411.94,2423.89,2392.69,2407.4,-0.21 %,"527,799,781.50",-
HYDROPOWER,2024-04-22,2436.62,2446.86,2400.62,2412.42,-0.91 %,"739,502,021.60",-
HYDROPOWER,2024-04-21,2404.98,2434.86,2378.15,2434.61,1.16 %,"707,222,823.50",-
HYDROPOWER,2024-04-18,2435.59,2438.5,2391.56,2406.7,-1.16 %,"522,308,178.40",-
HYDROPOWER,2024-04-16,2466.1,2466.1,2431.11,2434.96,-1.31 %,"576,734,367.40",-
HYDROPOWER,2024-04-15,2491.67,2494.51,2457.99,2467.38,-0.97 %,"1,032,989,381.00",-
HYDROPOWER,2024-04-14,2481.17,2506.85,2469.72,2491.53,0.39 %,"1,202,931,921.60",-
HYDROPOWER,2024-04-10,2482.55,2495.27,2471.1,2481.82,-0.04 %,"1,124,537,291.50",-
HYDROPOWER,2024-04-09,2464.85,2490.55,2462.44,2482.85,0.77 %,"917,731,066.00",-
HYDROPOWER,2024-04-07,2436.88,2464.11,2423.29,2463.97,1.17 %,"618,186,999.30",-
HYDROPOWER,2024-04-04,2452.99,2453.32,2426.53,2435.57,-0.59 %,"635,572,110.90",-
HYDROPOWER,2024-04-03,2457.13,2467.06,2437.74,2449.95,-0.39 %,"578,349,033.90",-
HYDROPOWER,2024-04-02,2476.15,2485.32,2449.54,2459.57,-0.80 %,"670,970,053.30",-
HYDROPOWER,2024-04-01,2495.14,2498.94,2469.76,2479.37,-0.55 %,"974,446,567.80",-
HYDROPOWER,2024-03-31,2496.69,2511.22,2479.56,2493.03,-0.09 %,"1,231,112,010.10",-
HYDROPOWER,2024-03-28,2486.22,2502.68,2461.86,2495.22,0.32 %,"859,818,197.60",-
HYDROPOWER,2024-03-27,2500.45,2521.58,2472.63,2487.14,-0.37 %,"807,554,904.40",-
HYDROPOWER,2024-03-26,2457.1,2512.51,2448.68,2496.5,1.59 %,"888,348,311.30",-
HYDROPOWER,2024-03-25,2485.67,2486.75,2447.52,2457.45,-1.13 %,"552,059,220.70",-
HYDROPOWER,2024-03-21,2509.31,2514.14,2474.56,2485.44,-0.84 %,"719,415,980.40",-
HYDROPOWER,2024-03-20,2518.53,2530.96,2493.3,2506.51,-0.35 %,"777,007,704.90",-
HYDROPOWER,2024-03-19,2528.88,2545.05,2507.3,2515.42,-0.49 %,"858,175,614.30",-
HYDROPOWER,2024-03-18,2521.13,2527.78,2503.77,2527.78,0.35 %,"720,983,387.50",-
HYDROPOWER,2024-03-17,2551.96,2555.58,2509.02,2519.03,-1.16 %,"748,706,954.40",-
HYDROPOWER,2024-03-14,2564.61,2585.4,2538.25,2548.64,-0.63 %,"1,344,620,576.00",-
HYDROPOWER,2024-03-13,2591.87,2592.22,2549.27,2564.79,-1.09 %,"1,189,824,500.60",-
HYDROPOWER,2024-03-12,2568.03,2595.52,2556.45,2593.1,1.00 %,"1,061,959,141.50",-
HYDROPOWER,2024-03-10,2574.26,2591.5,2558.87,2567.48,-0.12 %,"846,013,604.40",-
HYDROPOWER,2024-03-07,2544.06,2583.74,2538.71,2570.58,1.15 %,"1,031,236,901.50",-
HYDROPOWER,2024-03-06,2517.27,2575.09,2487.43,2541.36,0.95 %,"1,102,985,280.60",-
HYDROPOWER,2024-03-05,2655.97,2656.12,2511.62,2517.46,-4.31 %,"1,460,972,688.60",-
HYDROPOWER,2024-03-04,2460.59,2630.87,2460.58,2630.75,7.86 %,"135,279,246.10",-
HYDROPOWER,2024-03-03,2458.87,2461.85,2422.29,2439.0,-0.84 %,"644,402,092.90",-
HYDROPOWER,2024-02-29,2527.47,2532.11,2446.7,2459.6,-2.62 %,"981,366,953.20",-
HYDROPOWER,2024-02-28,2547.95,2547.95,2517.18,2525.85,-0.84 %,"738,770,880.40",-
HYDROPOWER,2024-02-27,2533.74,2555.15,2511.99,2547.29,0.47 %,"643,571,112.30",-
HYDROPOWER,2024-02-26,2502.32,2547.49,2493.82,2535.45,1.37 %,"717,160,449.60",-
HYDROPOWER,2024-02-25,2563.77,2565.07,2494.92,2501.29,-2.43 %,"1,131,345,430.60",-
HYDROPOWER,2024-02-22,2613.66,2619.39,2544.09,2563.56,-1.91 %,"1,269,877,678.50",-
HYDROPOWER,2024-02-21,2638.56,2654.42,2595.22,2613.35,-0.89 %,"1,029,435,588.80",-
HYDROPOWER,2024-02-20,2646.08,2649.56,2615.55,2636.78,-0.32 %,"1,315,297,659.20",-
HYDROPOWER,2024-02-18,2700.82,2700.81,2634.93,2645.2,-2.16 %,"1,741,645,248.00",-
HYDROPOWER,2024-02-15,2709.89,2739.54,2686.48,2703.5,-0.30 %,"2,138,694,727.10",-
HYDROPOWER,2024-02-14,2714.4,2720.38,2690.88,2711.68,-0.14 %,"1,782,289,022.00",-
HYDROPOWER,2024-02-13,2729.63,2758.99,2685.1,2715.44,-0.59 %,"2,432,308,810.00",-
HYDROPOWER,2024-02-12,2687.39,2732.78,2678.31,2731.54,1.83 %,"1,674,076,151.70",-
HYDROPOWER,2024-02-11,2684.6,2713.94,2674.68,2682.33,0.22 %,"1,644,364,722.00",-
HYDROPOWER,2024-02-08,2639.03,2677.73,2628.5,2676.32,1.42 %,"1,547,760,444.70",-
HYDROPOWER,2024-02-07,2617.29,2644.83,2615.47,2638.81,0.95 %,"1,184,834,117.70",-
HYDROPOWER,2024-02-06,2593.03,2615.35,2583.19,2613.99,0.78 %,"940,360,060.80",-
HYDROPOWER,2024-02-05,2582.09,2610.22,2576.19,2593.82,0.53 %,"967,877,133.40",-
HYDROPOWER,2024-02-04,2589.88,2599.56,2562.47,2580.08,-0.42 %,"1,177,767,824.60",-
HYDROPOWER,2024-02-01,2662.13,2662.64,2583.16,2591.03,-2.35 %,"1,640,870,760.20",-
HYDROPOWER,2024-01-31,2689.75,2717.44,2633.54,2653.43,-1.44 %,"2,239,512,461.20",-
HYDROPOWER,2024-01-30,2654.55,2701.81,2654.05,2692.31,1.48 %,"2,518,062,054.70",-
HYDROPOWER,2024-01-29,2626.45,2657.51,2624.44,2653.12,1.08 %,"1,905,801,075.60",-
HYDROPOWER,2024-01-28,2588.17,2632.55,2568.42,2624.69,1.33 %,"1,541,256,052.10",-
HYDROPOWER,2024-01-25,2590.54,2607.11,2559.67,2590.18,-0.02 %,"1,487,570,456.80",-
HYDROPOWER,2024-01-24,2629.33,2653.61,2579.55,2590.6,-1.27 %,"1,473,304,571.70",-
HYDROPOWER,2024-01-23,2640.09,2653.97,2597.46,2624.04,-0.59 %,"1,547,160,505.20",-
HYDROPOWER,2024-01-22,2706.77,2706.77,2608.72,2639.52,-2.24 %,"2,588,263,952.10",-
HYDROPOWER,2024-01-21,2700.99,2767.76,2678.71,2700.05,0.20 %,"3,577,521,021.70",-
HYDROPOWER,2024-01-18,2673.28,2723.04,2606.85,2694.55,0.80 %,"2,693,172,915.60",-
HYDROPOWER,2024-01-17,2766.33,2791.41,2646.92,2673.17,-2.80 %,"3,485,976,804.60",-
HYDROPOWER,2024-01-16,2673.72,2768.0,2673.06,2750.21,3.52 %,"3,587,959,480.90",-
HYDROPOWER,2024-01-14,2545.98,2657.45,2545.94,2656.77,4.59 %,"2,645,530,560.40",-
HYDROPOWER,2024-01-11,2500.95,2540.53,2492.79,2540.19,1.56 %,"1,739,525,533.70",-
HYDROPOWER,2024-01-10,2521.66,2531.89,2485.25,2501.11,-0.50 %,"1,513,278,080.60",-
HYDROPOWER,2024-01-09,2536.45,2578.02,2500.71,2513.7,-0.46 %,"2,393,385,595.00",-
HYDROPOWER,2024-01-08,2459.3,2526.6,2452.53,2525.2,2.82 %,"1,944,524,191.60",-
HYDROPOWER,2024-01-07,2449.94,2495.62,2435.7,2456.02,1.04 %,"2,312,424,149.40",-
HYDROPOWER,2024-01-04,2396.65,2455.68,2395.45,2430.86,1.86 %,"2,156,502,006.00",-
HYDROPOWER,2024-01-03,2316.55,2388.54,2299.14,2386.53,3.09 %,"1,184,985,640.10",-
HYDROPOWER,2024-01-02,2347.04,2348.31,2297.02,2315.02,-1.33 %,"1,111,401,393.85",-
HYDROPOWER,2024-01-01,2395.45,2409.54,2336.53,2346.26,-1.71 %,"1,270,150,161.20",-
HYDROPOWER,2023-12-28,2398.32,2414.44,2367.49,2387.0,-0.28 %,"1,248,497,973.70",-
HYDROPOWER,2023-12-27,2400.58,2439.94,2369.52,2393.71,-0.03 %,"1,671,134,020.30",-
HYDROPOWER,2023-12-24,2399.97,2441.39,2369.81,2394.4,0.09 %,"2,081,492,450.10",-
HYDROPOWER,2023-12-21,2412.16,2412.18,2356.68,2392.29,-0.33 %,"1,865,774,238.30",-
HYDROPOWER,2023-12-20,2367.17,2421.68,2339.18,2400.23,1.92 %,"1,987,132,174.30",-
HYDROPOWER,2023-12-19,2340.16,2355.23,2288.67,2355.1,0.81 %,"1,226,607,901.50",-
HYDROPOWER,2023-12-18,2350.38,2388.5,2305.76,2336.13,-0.33 %,"2,333,918,874.60",-
HYDROPOWER,2023-12-17,2209.92,2345.23,2169.95,2343.96,5.56 %,"2,062,498,741.30",-
HYDROPOWER,2023-12-14,2200.66,2221.96,2161.12,2220.59,1.12 %,"866,692,000.50",-
HYDROPOWER,2023-12-13,2190.77,2240.16,2171.98,2195.93,0.81 %,"1,135,409,012.50",-
HYDROPOWER,2023-12-12,2119.03,2192.33,2096.41,2186.98,3.30 %,"1,132,942,909.70",-
HYDROPOWER,2023-12-11,2164.04,2169.2,2076.37,2117.08,-0.68 %,"1,178,298,728.00",-
HYDROPOWER,2023-12-10,2003.98,2131.83,2002.21,2131.65,8.63 %,"127,937,923.10",-
HYDROPOWER,2023-12-07,1941.44,1968.95,1930.65,1962.25,1.03 %,"389,947,824.80",-
HYDROPOWER,2023-12-06,1944.2,1945.1,1926.11,1942.15,-0.08 %,"263,412,097.23",-
HYDROPOWER,2023-12-05,1957.17,1957.17,1928.86,1943.65,-0.60 %,"589,392,428.10",-
HYDROPOWER,2023-12-04,1956.54,1974.29,1936.15,1955.38,-0.12 %,"260,531,199.90",-
HYDROPOWER,2023-12-03,1965.47,1965.73,1937.41,1957.74,-0.46 %,"210,474,512.00",-
HYDROPOWER,2023-11-30,1997.4,1997.52,1959.5,1966.7,-1.73 %,"300,804,399.30",-
HYDROPOWER,2023-11-29,2031.37,2044.77,1995.89,2001.34,-1.43 %,"224,550,716.20",-
HYDROPOWER,2023-11-28,2026.47,2031.92,2004.34,2030.28,0.19 %,"267,863,577.20",-
HYDROPOWER,2023-11-27,2044.0,2061.68,2016.06,2026.47,-0.80 %,"414,698,676.40",-
HYDROPOWER,2023-11-26,1982.7,2042.72,1971.5,2042.72,3.07 %,"445,061,553.40",-
HYDROPOWER,2023-11-23,1960.77,1986.73,1930.64,1981.89,1.09 %,"260,844,602.10",-
HYDROPOWER,2023-11-22,1915.06,1961.06,1890.53,1960.48,2.37 %,"178,316,960.60",-
HYDROPOWER,2023-11-21,1938.06,1942.53,1894.73,1915.14,-1.40 %,"181,201,672.90",-
HYDROPOWER,2023-11-20,1934.94,1966.55,1931.91,1942.24,0.32 %,"211,831,548.60",-
HYDROPOWER,2023-11-09,1952.99,1955.19,1924.12,1936.13,-0.85 %,"153,522,647.70",-
HYDROPOWER,2023-11-08,1941.27,1952.67,1931.15,1952.67,0.65 %,"139,788,903.60",-
HYDROPOWER,2023-11-07,1932.9,1961.01,1923.6,1940.06,0.37 %,"149,414,738.80",-
HYDROPOWER,2023-11-06,1907.13,1932.91,1899.46,1932.9,1.35 %,"144,814,682.00",-
HYDROPOWER,2023-11-05,1928.14,1928.21,1891.54,1907.1,-1.12 %,"124,695,037.30",-
HYDROPOWER,2023-11-02,1951.06,1951.19,1922.67,1928.66,-1.11 %,"144,134,661.10",-
HYDROPOWER,2023-11-01,1959.31,1968.33,1938.2,1950.23,-0.47 %,"130,703,877.40",-
HYDROPOWER,2023-10-31,1974.34,1975.07,1946.07,1959.47,-0.79 %,"126,218,386.70",-
HYDROPOWER,2023-10-30,1972.31,1975.41,1945.69,1974.98,0.21 %,"142,656,376.90",-
HYDROPOWER,2023-10-29,1999.49,1999.6,1953.66,1970.78,-1.46 %,"178,809,628.70",-
HYDROPOWER,2023-10-19,2024.0,2024.76,1991.67,2000.02,-0.97 %,"194,485,725.00",-
HYDROPOWER,2023-10-18,1970.88,2019.52,1970.39,2019.52,2.54 %,"179,025,474.00",-
HYDROPOWER,2023-10-17,1954.53,2000.42,1954.07,1969.55,0.80 %,"225,866,441.40",-
HYDROPOWER,2023-10-16,1994.62,1995.56,1943.26,1954.01,-2.03 %,"283,055,167.90",-
HYDROPOWER,2023-10-12,2028.4,2029.99,1982.24,1994.4,-1.59 %,"310,520,669.90",-
HYDROPOWER,2023-10-11,2014.72,2040.82,2003.75,2026.69,0.55 %,"227,836,361.70",-
HYDROPOWER,2023-10-10,2051.59,2055.69,2005.78,2015.55,-1.79 %,"252,436,533.20",-
HYDROPOWER,2023-10-09,2052.43,2074.53,2026.1,2052.36,-0.34 %,"273,645,971.70",-
HYDROPOWER,2023-10-08,2119.75,2120.15,2045.66,2059.39,-2.73 %,"393,274,178.70",-
HYDROPOWER,2023-10-05,2133.24,2137.3,2103.66,2117.14,-0.85 %,"275,158,675.60",-
HYDROPOWER,2023-10-04,2106.95,2141.2,2096.41,2135.19,1.37 %,"342,448,422.70",-
HYDROPOWER,2023-10-03,2136.0,2139.23,2093.2,2106.33,-1.39 %,"280,783,856.50",-
HYDROPOWER,2023-10-02,2117.5,2144.48,2076.18,2136.0,0.89 %,"401,181,980.60",-
HYDROPOWER,2023-10-01,2191.06,2191.05,2103.8,2117.21,-3.32 %,"490,324,882.60",-
HYDROPOWER,2023-09-27,2226.4,2226.76,2148.93,2190.0,-1.51 %,"550,444,908.10",-
HYDROPOWER,2023-09-26,2157.35,2223.58,2157.21,2223.58,3.09 %,"742,146,183.70",-
HYDROPOWER,2023-09-25,2143.68,2171.33,2106.89,2156.88,0.93 %,"429,018,728.40",-
HYDROPOWER,2023-09-24,2185.5,2191.78,2119.21,2137.03,-1.81 %,"612,537,191.70",-
HYDROPOWER,2023-09-21,2075.74,2189.85,2075.29,2176.48,5.32 %,"923,015,331.90",-
HYDROPOWER,2023-09-19,2004.73,2066.61,1986.08,2066.61,3.22 %,"349,938,175.10",-
HYDROPOWER,2023-09-18,1981.54,2002.66,1969.54,2002.2,1.05 %,"168,269,242.80",-
HYDROPOWER,2023-09-17,2037.0,2037.87,1970.54,1981.4,-2.80 %,"303,875,514.10",-
HYDROPOWER,2023-09-13,1967.13,2038.39,1954.8,2038.39,3.63 %,"295,531,548.40",-
HYDROPOWER,2023-09-12,1996.95,2011.81,1956.54,1966.99,-1.57 %,"179,561,520.50",-
HYDROPOWER,2023-09-11,1940.15,1999.41,1930.61,1998.27,2.99 %,"324,680,407.30",-
HYDROPOWER,2023-09-10,1942.23,1947.7,1925.06,1940.19,-0.15 %,"273,989,141.30",-
HYDROPOWER,2023-09-07,1992.91,1994.72,1937.94,1943.04,-2.53 %,"247,665,281.60",-
HYDROPOWER,2023-09-05,2007.0,2007.52,1966.08,1993.44,-0.65 %,"123,292,064.30",-
HYDROPOWER,2023-09-04,1991.65,2006.48,1963.97,2006.48,0.82 %,"175,443,756.90",-
HYDROPOWER,2023-09-03,2038.23,2044.76,1981.46,1990.08,-2.34 %,"199,404,561.70",-
HYDROPOWER,2023-08-30,2044.18,2050.53,2026.59,2037.71,-0.27 %,"145,458,441.10",-
HYDROPOWER,2023-08-29,2054.57,2056.87,2035.08,2043.15,-0.56 %,"116,455,842.40",-
HYDROPOWER,2023-08-28,2056.52,2070.14,2042.78,2054.56,-0.09 %,"139,209,740.10",-
HYDROPOWER,2023-08-27,2093.82,2095.01,2045.16,2056.45,-1.76 %,"167,578,500.40",-
HYDROPOWER,2023-08-24,2149.67,2156.4,2084.47,2093.23,-2.01 %,"225,148,320.10",-
HYDROPOWER,2023-08-23,2091.73,2147.09,2080.45,2147.09,2.74 %,"240,294,495.70",-
HYDROPOWER,2023-08-22,2052.78,2091.01,2033.9,2089.8,1.67 %,"163,232,733.00",-
HYDROPOWER,2023-08-21,2085.05,2085.71,2043.41,2055.5,-1.41 %,"226,065,265.20",-
HYDROPOWER,2023-08-20,2134.41,2136.01,2075.21,2084.87,-2.35 %,"206,676,884.80",-
HYDROPOWER,2023-08-17,2126.63,2146.8,2120.68,2134.97,0.38 %,"213,986,043.40",-
HYDROPOWER,2023-08-16,2160.76,2161.12,2112.92,2126.8,-1.85 %,"258,799,473.80",-
HYDROPOWER,2023-08-15,2219.99,2221.93,2161.0,2166.9,-2.31 %,"338,497,585.80",-
HYDROPOWER,2023-08-14,2255.41,2260.2,2207.3,2218.24,-1.60 %,"287,607,882.80",-
HYDROPOWER,2023-08-13,2242.45,2266.23,2210.71,2254.28,0.83 %,"387,184,475.70",-
HYDROPOWER,2023-08-10,2229.41,2245.2,2204.17,2235.76,0.31 %,"395,583,126.50",-
HYDROPOWER,2023-08-09,2162.08,2228.8,2138.26,2228.8,2.88 %,"268,530,531.10",-
HYDROPOWER,2023-08-08,2199.48,2205.42,2157.23,2166.38,-1.75 %,"257,653,348.80",-
HYDROPOWER,2023-08-07,2209.62,2228.57,2180.05,2204.9,-0.33 %,"295,098,946.40",-
HYDROPOWER,2023-08-06,2252.92,2265.36,2190.81,2212.25,-1.97 %,"300,950,089.50",-
HYDROPOWER,2023-08-03,2274.34,2289.88,2249.17,2256.74,-0.58 %,"265,303,238.20",-
HYDROPOWER,2023-08-02,2281.0,2283.77,2240.06,2269.89,-0.25 %,"288,686,534.70",-
HYDROPOWER,2023-08-01,2306.06,2324.71,2263.84,2275.57,-1.30 %,"381,899,576.10",-
HYDROPOWER,2023-07-31,2314.66,2325.01,2294.53,2305.54,-0.37 %,"261,846,422.10",-
HYDROPOWER,2023-07-30,2347.41,2353.68,2299.25,2314.12,-1.43 %,"357,464,103.80",-
HYDROPOWER,2023-07-27,2373.63,2387.33,2338.63,2347.77,-1.10 %,"335,216,046.80",-
HYDROPOWER,2023-07-26,2398.83,2398.87,2365.36,2373.87,-0.92 %,"294,988,126.20",-
HYDROPOWER,2023-07-25,2424.26,2424.51,2384.65,2395.97,-1.10 %,"412,541,663.80",-
HYDROPOWER,2023-07-24,2437.55,2463.65,2405.41,2422.61,-0.50 %,"554,171,126.00",-
HYDROPOWER,2023-07-23,2394.75,2437.74,2387.18,2434.87,1.70 %,"454,973,043.30",-
HYDROPOWER,2023-07-20,2370.86,2416.28,2355.79,2394.09,0.94 %,"508,549,517.30",-
HYDROPOWER,2023-07-19,2388.18,2397.87,2359.41,2371.7,-0.82 %,"300,722,335.90",-
HYDROPOWER,2023-07-18,2402.19,2416.45,2375.98,2391.39,-0.41 %,"334,434,211.00",-
HYDROPOWER,2023-07-17,2366.57,2401.31,2344.69,2401.3,1.44 %,"299,099,902.30",-
HYDROPOWER,2023-07-16,2390.52,2397.1,2342.82,2367.11,-0.73 %,"380,078,704.70",-
HYDROPOWER,2023-07-13,2435.73,2464.53,2370.22,2384.53,-1.88 %,"719,041,208.10",-
HYDROPOWER,2023-07-12,2327.41,2431.17,2314.53,2430.13,4.41 %,"677,586,123.90",-
HYDROPOWER,2023-07-11,2354.09,2356.57,2312.51,2327.41,-1.19 %,"406,377,087.90",-
HYDROPOWER,2023-07-10,2387.07,2398.22,2337.1,2355.4,-1.31 %,"529,603,524.30",-
HYDROPOWER,2023-07-09,2393.88,2413.79,2364.51,2386.78,0.01 %,"672,439,744.40",-
HYDROPOWER,2023-07-06,2366.39,2393.91,2332.06,2386.66,0.92 %,"590,946,549.90",-
HYDROPOWER,2023-07-05,2423.94,2429.3,2356.59,2364.89,-2.33 %,"467,337,790.00",-
HYDROPOWER,2023-07-04,2425.07,2441.39,2392.37,2421.25,0.14 %,"406,614,040.50",-
HYDROPOWER,2023-07-03,2451.27,2465.77,2404.81,2417.92,-1.34 %,"629,779,465.20",-
HYDROPOWER,2023-07-02,2531.24,2534.98,2440.95,2450.78,-3.15 %,"741,047,176.00",-
HYDROPOWER,2023-06-28,2583.54,2588.58,2511.1,2530.46,-1.96 %,"800,790,600.70",-
HYDROPOWER,2023-06-27,2552.51,2583.2,2509.27,2581.11,1.56 %,"791,857,039.00",-
HYDROPOWER,2023-06-26,2558.38,2593.52,2521.53,2541.37,-0.44 %,"782,028,720.40",-
HYDROPOWER,2023-06-25,2508.3,2552.49,2473.82,2552.48,1.85 %,"1,000,068,832.90",-
HYDROPOWER,2023-06-22,2549.55,2562.24,2478.16,2506.04,-1.60 %,"700,104,397.20",-
HYDROPOWER,2023-06-21,2592.76,2597.79,2526.76,2546.79,-1.62 %,"748,169,133.10",-
HYDROPOWER,2023-06-20,2654.37,2660.04,2559.28,2588.66,-2.46 %,"955,208,447.56",-
HYDROPOWER,2023-06-19,2675.52,2685.24,2626.59,2653.95,-0.74 %,"982,079,942.10",-
HYDROPOWER,2023-06-18,2570.46,2673.76,2567.41,2673.75,3.97 %,"1,222,699,334.70",-
HYDROPOWER,2023-06-15,2584.21,2591.63,2545.74,2571.74,-0.33 %,"825,669,666.00",-
HYDROPOWER,2023-06-14,2569.82,2625.75,2546.51,2580.16,0.47 %,"1,372,552,735.50",-
HYDROPOWER,2023-06-13,2519.53,2591.21,2501.43,2568.1,1.93 %,"1,079,639,077.40",-
HYDROPOWER,2023-06-12,2530.65,2560.4,2495.78,2519.53,-0.31 %,"764,385,474.10",-
HYDROPOWER,2023-06-11,2471.11,2527.53,2466.05,2527.41,2.27 %,"821,556,887.80",-
HYDROPOWER,2023-06-08,2492.17,2492.35,2461.44,2471.38,-0.77 %,"495,788,220.10",-
HYDROPOWER,2023-06-07,2484.96,2524.27,2475.87,2490.51,0.46 %,"784,608,706.50",-
HYDROPOWER,2023-06-06,2407.77,2479.03,2385.24,2479.02,3.15 %,"692,906,165.30",-
HYDROPOWER,2023-06-05,2416.17,2447.2,2390.57,2403.27,-0.48 %,"601,436,675.70",-
HYDROPOWER,2023-06-04,2323.4,2421.11,2317.93,2414.78,3.93 %,"463,828,896.40",-
HYDROPOWER,2023-06-01,2292.33,2333.25,2270.02,2323.39,1.39 %,"360,077,560.00",-
HYDROPOWER,2023-05-31,2351.65,2364.9,2282.21,2291.56,-2.63 %,"496,097,139.70",-
HYDROPOWER,2023-05-30,2419.72,2421.04,2340.74,2353.36,-2.73 %,"515,011,933.20",-
HYDROPOWER,2023-05-28,2437.34,2459.99,2402.99,2419.31,-0.38 %,"638,460,119.40",-
HYDROPOWER,2023-05-24,2437.1,2447.56,2399.46,2428.58,-0.31 %,"390,724,539.00",-
HYDROPOWER,2023-05-23,2371.16,2436.09,2368.78,2436.08,2.73 %,"480,331,601.40",-
HYDROPOWER,2023-05-22,2357.24,2376.45,2311.86,2371.24,0.60 %,"262,168,152.90",-
HYDROPOWER,2023-05-21,2364.3,2383.84,2334.64,2357.0,-0.28 %,"458,163,948.80",-
HYDROPOWER,2023-05-18,2304.1,2364.72,2279.11,2363.52,2.82 %,"418,038,451.00",-
HYDROPOWER,2023-05-17,2248.9,2298.73,2241.95,2298.71,2.19 %,"220,039,509.40",-
HYDROPOWER,2023-05-16,2233.67,2255.67,2210.12,2249.43,0.71 %,"142,134,730.70",-
HYDROPOWER,2023-05-15,2238.52,2252.71,2202.79,2233.67,-0.24 %,"174,074,735.90",-
HYDROPOWER,2023-05-14,2290.65,2302.92,2231.94,2239.01,-2.21 %,"199,781,676.90",-
HYDROPOWER,2023-05-11,2293.97,2302.71,2267.59,2289.56,-0.41 %,"141,777,157.50",-
HYDROPOWER,2023-05-10,2297.36,2303.49,2269.85,2298.98,0.10 %,"158,776,441.50",-
HYDROPOWER,2023-05-09,2272.34,2316.72,2247.61,2296.75,1.08 %,"267,724,623.20",-
HYDROPOWER,2023-05-08,2315.88,2317.19,2249.43,2272.17,-1.89 %,"286,660,329.10",-
HYDROPOWER,2023-05-07,2364.18,2365.48,2303.71,2315.97,-2.04 %,"170,416,543.00",-
HYDROPOWER,2023-05-04,2334.61,2371.05,2305.58,2364.17,1.25 %,"204,709,934.00",-
HYDROPOWER,2023-05-03,2364.79,2364.79,2320.88,2334.88,-1.24 %,"184,403,934.80",-
HYDROPOWER,2023-05-02,2385.5,2387.6,2348.08,2364.11,-0.87 %,"202,459,172.80",-
HYDROPOWER,2023-04-30,2431.29,2431.79,2376.41,2384.78,-1.87 %,"282,756,597.60",-
HYDROPOWER,2023-04-27,2437.23,2437.23,2417.44,2430.22,-0.25 %,"214,244,058.50",-
HYDROPOWER,2023-04-26,2458.4,2461.9,2432.28,2436.36,-0.84 %,"229,521,858.90",-
HYDROPOWER,2023-04-25,2442.73,2460.94,2424.26,2456.92,0.49 %,"242,317,914.30",-
HYDROPOWER,2023-04-24,2438.33,2444.83,2416.07,2444.83,0.30 %,"200,587,348.20",-
HYDROPOWER,2023-04-23,2464.7,2468.86,2429.31,2437.52,-1.13 %,"280,711,496.30",-
HYDROPOWER,2023-04-20,2498.6,2498.61,2460.5,2465.47,-1.29 %,"268,853,424.20",-
HYDROPOWER,2023-04-19,2474.52,2497.79,2470.09,2497.79,0.90 %,"222,132,376.90",-
HYDROPOWER,2023-04-18,2478.61,2478.65,2451.47,2475.54,-0.10 %,"227,533,238.90",-
HYDROPOWER,2023-04-17,2510.15,2511.8,2467.04,2478.03,-1.31 %,"305,706,994.10",-
HYDROPOWER,2023-04-16,2525.71,2525.71,2494.58,2510.97,-0.57 %,"303,957,653.40",-
HYDROPOWER,2023-04-13,2575.08,2592.18,2510.51,2525.36,-1.82 %,"520,522,003.50",-
HYDROPOWER,2023-04-12,2451.86,2572.4,2451.86,2572.2,4.91 %,"674,387,481.60",-
HYDROPOWER,2023-04-11,2415.49,2457.12,2406.08,2451.92,1.57 %,"299,879,999.10",-
HYDROPOWER,2023-04-10,2409.83,2430.34,2393.23,2413.99,0.25 %,"320,200,436.60",-
HYDROPOWER,2023-04-09,2465.93,2466.1,2399.26,2408.03,-2.35 %,"342,888,812.70",-
HYDROPOWER,2023-04-06,2493.96,2500.22,2458.83,2465.93,-1.15 %,"268,534,831.80",-
HYDROPOWER,2023-04-05,2485.74,2501.53,2461.72,2494.5,0.41 %,"221,717,789.80",-
HYDROPOWER,2023-04-04,2480.77,2507.2,2455.33,2484.26,0.18 %,"261,075,275.30",-
HYDROPOWER,2023-04-03,2512.15,2512.15,2471.32,2479.86,-1.30 %,"307,399,679.20",-
HYDROPOWER,2023-04-02,2554.53,2569.3,2492.42,2512.5,-1.63 %,"421,460,149.70",-
HYDROPOWER,2023-03-30,2574.13,2588.79,2547.44,2554.17,-0.80 %,"280,144,374.50",-
HYDROPOWER,2023-03-29,2578.65,2581.06,2547.56,2574.66,-0.04 %,"245,277,946.90",-
HYDROPOWER,2023-03-28,2572.23,2601.0,2555.27,2575.62,0.25 %,"469,787,256.30",-
HYDROPOWER,2023-03-27,2527.06,2569.34,2492.31,2569.3,1.72 %,"413,030,138.50",-
HYDROPOWER,2023-03-26,2549.26,2549.26,2508.86,2525.79,-0.95 %,"349,649,347.40",-
HYDROPOWER,2023-03-23,2585.7,2585.7,2539.75,2549.98,-1.41 %,"364,289,474.80",-
HYDROPOWER,2023-03-22,2616.29,2636.66,2580.39,2586.57,-1.03 %,"445,909,090.30",-
HYDROPOWER,2023-03-20,2555.31,2616.67,2543.39,2613.4,2.21 %,"440,181,270.80",-
HYDROPOWER,2023-03-19,2549.84,2562.21,2537.72,2556.81,0.27 %,"347,716,644.80",-
HYDROPOWER,2023-03-16,2551.66,2571.12,2524.47,2550.0,0.01 %,"378,671,482.50",-
HYDROPOWER,2023-03-15,2560.66,2562.45,2523.66,2549.76,-0.38 %,"363,140,829.60",-
HYDROPOWER,2023-03-14,2541.38,2572.51,2519.03,2559.45,0.75 %,"345,038,403.00",-
HYDROPOWER,2023-03-13,2556.47,2556.72,2521.45,2540.48,-0.64 %,"375,934,394.00",-
HYDROPOWER,2023-03-12,2601.32,2617.38,2548.87,2556.83,-1.47 %,"617,252,342.10",-
HYDROPOWER,2023-03-09,2509.05,2596.26,2509.05,2594.9,3.59 %,"614,254,317.70",-
HYDROPOWER,2023-03-07,2464.71,2521.11,2463.84,2504.86,1.67 %,"317,296,705.30",-
HYDROPOWER,2023-03-05,2514.29,2518.61,2459.2,2463.71,-2.11 %,"383,946,795.60",-
HYDROPOWER,2023-03-02,2562.8,2563.19,2510.82,2516.76,-1.57 %,"408,439,312.90",-
HYDROPOWER,2023-03-01,2598.22,2605.77,2550.6,2556.91,-1.35 %,"426,018,866.80",-
HYDROPOWER,2023-02-28,2569.02,2615.25,2549.75,2591.86,0.93 %,"586,716,289.90",-
HYDROPOWER,2023-02-27,2574.78,2593.24,2504.62,2567.93,2.38 %,"697,287,491.30",-
HYDROPOWER,2023-02-26,2540.21,2575.34,2457.84,2575.34,0.74 %,"808,044,967.70",-
HYDROPOWER,2023-02-23,2614.71,2614.82,2535.15,2556.46,-2.22 %,"652,562,760.10",-
HYDROPOWER,2023-02-22,2527.07,2617.57,2520.27,2614.53,3.85 %,"645,437,029.90",-
HYDROPOWER,2023-02-20,2541.49,2541.73,2503.11,2517.61,-0.95 %,"548,515,123.90",-
HYDROPOWER,2023-02-16,2580.21,2592.99,2532.63,2541.66,-1.46 %,"624,185,116.20",-
HYDROPOWER,2023-02-15,2603.3,2624.68,2560.85,2579.25,-0.94 %,"665,674,643.00",-
HYDROPOWER,2023-02-14,2627.33,2630.46,2591.41,2603.75,-0.92 %,"633,900,540.10",-
HYDROPOWER,2023-02-12,2723.09,2723.09,2618.73,2628.01,-4.04 %,"1,247,330,291.10",-
HYDROPOWER,2023-02-09,2710.1,2738.67,2686.31,2738.67,1.01 %,"814,397,804.80",-
HYDROPOWER,2023-02-08,2748.79,2785.18,2695.74,2711.32,-1.00 %,"1,385,907,866.90",-
HYDROPOWER,2023-02-07,2599.47,2738.68,2598.89,2738.68,5.33 %,"1,305,140,344.20",-
HYDROPOWER,2023-02-06,2600.55,2613.17,2579.24,2600.01,0.14 %,"456,739,651.00",-
HYDROPOWER,2023-02-05,2588.59,2638.87,2572.15,2596.43,0.29 %,"649,689,359.20",-
HYDROPOWER,2023-02-02,2643.3,2647.87,2578.46,2588.99,-2.06 %,"756,989,632.70",-
HYDROPOWER,2023-02-01,2643.35,2663.31,2624.15,2643.5,0.15 %,"603,555,891.50",-
HYDROPOWER,2023-01-31,2639.44,2689.62,2596.77,2639.61,0.02 %,"1,094,582,302.40",-
HYDROPOWER,2023-01-30,2720.12,2731.21,2631.66,2639.01,-2.93 %,"1,365,651,058.70",-
HYDROPOWER,2023-01-29,2725.4,2757.48,2665.38,2718.8,-0.32 %,"1,286,530,452.40",-
HYDROPOWER,2023-01-26,2703.96,2750.93,2694.18,2727.52,0.82 %,"1,311,432,127.60",-
HYDROPOWER,2023-01-25,2675.89,2727.38,2654.03,2705.31,1.37 %,"1,430,462,259.30",-
HYDROPOWER,2023-01-24,2640.44,2668.75,2583.24,2668.75,1.07 %,"1,129,789,810.50",-
HYDROPOWER,2023-01-23,2709.1,2714.26,2630.65,2640.62,-2.42 %,"1,319,150,486.20",-
HYDROPOWER,2023-01-19,2687.26,2721.41,2656.31,2706.07,1.03 %,"1,221,183,908.10",-
HYDROPOWER,2023-01-18,2661.96,2751.27,2661.96,2678.54,0.86 %,"2,419,764,292.60",-
HYDROPOWER,2023-01-17,2535.6,2661.86,2502.03,2655.83,5.04 %,"1,654,072,755.40",-
HYDROPOWER,2023-01-12,2602.64,2656.46,2508.4,2528.44,-2.25 %,"1,997,070,968.80",-
HYDROPOWER,2023-01-10,2611.25,2733.06,2534.05,2586.66,-0.62 %,"2,805,859,675.60",-
HYDROPOWER,2023-01-09,2481.73,2605.03,2473.75,2602.78,4.94 %,"1,821,999,981.10",-
HYDROPOWER,2023-01-08,2432.52,2528.48,2390.49,2480.17,2.22 %,"1,687,748,280.90",-
HYDROPOWER,2023-01-05,2397.73,2430.75,2353.53,2426.31,1.77 %,"1,399,562,863.00",-
HYDROPOWER,2023-01-04,2289.3,2384.05,2272.77,2384.05,4.19 %,"1,061,623,313.30",-
HYDROPOWER,2023-01-03,2293.18,2326.24,2264.38,2288.26,-0.28 %,"803,522,281.70",-
HYDROPOWER,2023-01-02,2265.95,2295.84,2228.21,2294.62,1.52 %,"833,378,024.40",-
HYDROPOWER,2023-01-01,2255.17,2330.72,2229.91,2260.19,0.25 %,"1,076,016,889.00",-
HYDROPOWER,2022-12-29,2155.58,2255.58,2134.41,2254.66,4.92 %,"820,772,257.10",-
HYDROPOWER,2022-12-28,2146.26,2176.84,2102.26,2148.9,0.67 %,"669,246,167.70",-
HYDROPOWER,2022-12-27,2049.4,2160.51,2049.14,2134.65,4.68 %,"1,029,571,339.90",-
HYDROPOWER,2022-12-26,1943.51,2039.42,1943.36,2039.3,5.16 %,"498,798,364.50",-
HYDROPOWER,2022-12-22,1951.11,1952.87,1932.22,1939.21,-0.60 %,"200,082,899.60",-
HYDROPOWER,2022-12-21,1964.14,1964.14,1944.15,1950.95,-0.72 %,"148,408,891.50",-
HYDROPOWER,2022-12-20,1949.78,1977.47,1944.83,1965.02,0.82 %,"171,514,983.10",-
HYDROPOWER,2022-12-19,1950.7,1954.29,1931.25,1948.99,-0.05 %,"199,785,535.90",-
HYDROPOWER,2022-12-18,1990.38,1991.43,1940.36,1950.0,-2.04 %,"270,135,822.50",-
HYDROPOWER,2022-12-15,2010.47,2010.47,1976.24,1990.52,-1.07 %,"193,294,818.20",-
HYDROPOWER,2022-12-14,2013.82,2022.41,1991.27,2011.95,0.28 %,"193,177,471.20",-
HYDROPOWER,2022-12-13,1991.64,2006.89,1981.92,2006.29,0.88 %,"152,043,362.80",-
HYDROPOWER,2022-12-12,1952.35,1988.89,1944.69,1988.77,1.58 %,"231,984,841.60",-
HYDROPOWER,2022-12-11,1983.34,1983.35,1951.03,1957.85,-1.33 %,"242,412,201.90",-
HYDROPOWER,2022-12-07,2000.98,2003.16,1977.02,1984.32,-0.62 %,"199,146,599.90",-
HYDROPOWER,2022-12-06,2009.05,2010.23,1978.7,1996.66,-0.44 %,"206,058,400.80",-
HYDROPOWER,2022-12-05,2040.89,2045.14,1998.21,2005.42,-1.72 %,"547,725,322.00",-
HYDROPOWER,2022-12-04,2035.15,2053.87,2024.29,2040.5,0.20 %,"254,718,269.40",-
HYDROPOWER,2022-12-01,2028.61,2046.83,2009.21,2036.52,0.37 %,"259,698,476.80",-
HYDROPOWER,2022-11-30,2031.36,2034.01,2008.99,2029.07,-0.11 %,"150,410,887.30",-
HYDROPOWER,2022-11-29,2028.86,2037.02,2002.17,2031.36,0.12 %,"181,920,638.10",-
HYDROPOWER,2022-11-28,2054.25,2071.28,2018.74,2028.86,-1.22 %,"284,525,128.70",-
HYDROPOWER,2022-11-27,2016.71,2054.28,2008.87,2053.87,1.86 %,"295,561,303.60",-
HYDROPOWER,2022-11-24,2004.08,2017.56,1987.74,2016.33,0.58 %,"217,535,110.30",-
HYDROPOWER,2022-11-23,2019.88,2019.88,1981.05,2004.7,-0.52 %,"182,785,766.60",-
HYDROPOWER,2022-11-22,2031.75,2068.0,2002.43,2015.2,-0.69 %,"425,722,014.30",-
HYDROPOWER,2022-11-17,1968.24,2033.16,1968.24,2029.25,3.14 %,"572,284,260.60",-
HYDROPOWER,2022-11-16,1945.91,1970.75,1943.46,1967.56,1.13 %,"257,596,735.50",-
HYDROPOWER,2022-11-15,1963.68,1982.12,1938.88,1945.58,-0.92 %,"224,722,930.30",-
HYDROPOWER,2022-11-14,1923.27,1963.79,1912.92,1963.67,2.07 %,"238,442,223.80",-
HYDROPOWER,2022-11-13,1944.89,1948.57,1914.49,1923.76,-1.05 %,"161,917,028.90",-
HYDROPOWER,2022-11-10,1990.56,1993.14,1932.76,1944.22,-2.07 %,"282,592,560.30",-
HYDROPOWER,2022-11-09,2038.99,2045.66,1970.85,1985.4,-2.60 %,"363,595,539.30",-
HYDROPOWER,2022-11-08,2051.38,2060.85,2028.92,2038.47,-0.62 %,"226,856,036.50",-
HYDROPOWER,2022-11-07,2062.23,2105.26,2039.64,2051.21,-0.29 %,"520,066,188.20",-
HYDROPOWER,2022-11-06,1990.8,2058.25,1978.26,2057.24,3.35 %,"324,750,520.90",-
HYDROPOWER,2022-11-03,2018.1,2020.36,1981.99,1990.56,-1.37 %,"208,277,572.90",-
HYDROPOWER,2022-11-02,2012.6,2047.12,1982.82,2018.21,0.84 %,"394,258,838.90",-
HYDROPOWER,2022-11-01,1923.06,2002.83,1909.1,2001.34,4.54 %,"313,032,990.40",-
HYDROPOWER,2022-10-31,1916.14,1921.26,1896.74,1914.42,0.00 %,"108,879,276.10",-
HYDROPOWER,2022-10-23,1895.87,1915.55,1890.9,1915.55,1.00 %,"87,257,234.70",-
HYDROPOWER,2022-10-20,1906.44,1906.87,1877.62,1896.6,-0.53 %,"102,432,368.60",-
HYDROPOWER,2022-10-19,1942.13,1942.18,1893.44,1906.67,-1.83 %,"186,527,321.70",-
HYDROPOWER,2022-10-17,1955.92,1956.06,1931.13,1942.13,-0.72 %,"117,892,996.90",-
HYDROPOWER,2022-10-16,1980.56,1980.55,1940.56,1956.31,-1.10 %,"171,815,618.30",-
HYDROPOWER,2022-10-13,1980.87,1990.56,1963.13,1978.16,-0.12 %,"190,814,508.90",-
HYDROPOWER,2022-10-12,1964.25,1989.29,1938.43,1980.51,0.80 %,"159,870,849.10",-
HYDROPOWER,2022-10-11,1980.57,1980.67,1944.25,1964.77,-0.80 %,"131,871,777.10",-
HYDROPOWER,2022-10-10,2031.31,2036.36,1972.28,1980.57,-2.15 %,"166,850,344.10",-
HYDROPOWER,2022-10-09,1967.4,2024.3,1966.43,2024.18,2.87 %,"123,510,723.70",-
HYDROPOWER,2022-09-29,1960.02,1974.69,1951.15,1967.67,0.41 %,"139,296,865.10",-
HYDROPOWER,2022-09-28,1955.44,1970.24,1941.91,1959.66,0.23 %,"114,168,705.50",-
HYDROPOWER,2022-09-27,1930.18,1968.34,1928.35,1955.09,1.28 %,"205,719,273.50",-
HYDROPOWER,2022-09-25,1980.06,1984.66,1921.06,1930.43,-2.54 %,"215,659,471.50",-
HYDROPOWER,2022-09-22,1999.83,2009.23,1970.35,1980.71,-0.98 %,"186,812,072.30",-
HYDROPOWER,2022-09-21,1988.25,2029.32,1983.78,2000.3,0.59 %,"199,641,406.20",-
HYDROPOWER,2022-09-20,2057.0,2057.0,1978.75,1988.56,-3.37 %,"353,362,172.30",-
HYDROPOWER,2022-09-18,2124.4,2124.69,2049.59,2058.0,-3.09 %,"327,195,968.20",-
HYDROPOWER,2022-09-16,2137.33,2137.32,2089.01,2123.69,-1.17 %,"265,314,870.60",-
HYDROPOWER,2022-09-15,2256.5,2258.05,2135.02,2148.93,-4.46 %,"674,308,711.50",-
HYDROPOWER,2022-09-14,2171.79,2250.91,2166.76,2249.33,3.62 %,"425,378,553.00",-
HYDROPOWER,2022-09-13,2156.3,2192.51,2145.61,2170.72,0.97 %,"281,435,219.70",-
HYDROPOWER,2022-09-12,2181.96,2181.96,2142.25,2149.93,-1.41 %,"244,372,259.00",-
HYDROPOWER,2022-09-11,2221.55,2222.47,2170.07,2180.59,-1.54 %,"206,220,011.30",-
HYDROPOWER,2022-09-08,2208.41,2229.9,2173.35,2214.78,0.63 %,"285,336,316.10",-
HYDROPOWER,2022-09-07,2226.68,2234.57,2184.07,2200.99,-0.95 %,"251,140,347.20",-
HYDROPOWER,2022-09-06,2273.14,2273.14,2210.77,2222.18,-2.10 %,"429,934,262.40",-
HYDROPOWER,2022-09-05,2277.42,2290.57,2264.92,2269.96,-0.27 %,"307,236,624.40",-
HYDROPOWER,2022-09-04,2255.25,2289.89,2250.23,2276.06,0.95 %,"326,319,672.70",-
HYDROPOWER,2022-09-02,2260.95,2284.2,2241.41,2254.55,0.04 %,"180,430,563.40",-
HYDROPOWER,2022-09-01,2248.99,2271.39,2204.45,2253.61,0.46 %,"430,223,213.20",-
HYDROPOWER,2022-08-31,2291.21,2302.79,2237.95,2243.23,-2.15 %,"346,027,169.80",-
HYDROPOWER,2022-08-30,2308.27,2340.37,2283.69,2292.48,-0.78 %,"259,510,740.90",-
HYDROPOWER,2022-08-29,2306.37,2318.53,2279.02,2310.47,0.30 %,"387,634,897.70",-
HYDROPOWER,2022-08-28,2385.6,2393.92,2300.88,2303.55,-3.42 %,"773,699,470.30",-
HYDROPOWER,2022-08-26,2426.52,2426.52,2377.87,2385.17,0.00 %,"531,949,202.20",-
HYDROPOWER,2022-08-25,2470.34,2478.14,2409.43,2425.82,0.00 %,"705,917,829.70",-
HYDROPOWER,2022-08-24,2458.87,2481.87,2446.5,2464.98,0.00 %,"643,647,668.90",-
HYDROPOWER,2022-08-23,2458.08,2459.87,2441.05,2453.38,0.00 %,"572,747,432.70",-
HYDROPOWER,2022-08-22,2470.21,2476.26,2430.63,2452.77,0.00 %,"748,048,666.30",-
HYDROPOWER,2022-08-21,2513.93,2528.01,2454.1,2469.61,0.00 %,"764,577,283.40",-
HYDROPOWER,2022-08-18,2429.15,2509.73,2429.02,2498.4,0.00 %,"782,132,285.70",-
HYDROPOWER,2022-08-17,2412.84,2451.76,2408.63,2427.63,0.00 %,"532,752,086.40",-
HYDROPOWER,2022-08-16,2488.15,2510.03,2405.46,2411.31,0.00 %,"1,059,175,675.00",-
HYDROPOWER,2022-08-15,2376.41,2490.51,2369.57,2490.51,0.00 %,"615,881,707.90",-
HYDROPOWER,2022-08-14,2419.84,2441.55,2373.28,2384.78,0.00 %,"424,273,304.80",-
HYDROPOWER,2022-08-11,2466.0,2500.04,2427.43,2429.99,0.00 %,"466,707,923.40",-
HYDROPOWER,2022-08-10,2475.63,2496.62,2437.38,2461.78,0.00 %,"478,442,365.00",-
HYDROPOWER,2022-08-09,2555.01,2559.78,2470.21,2474.13,0.00 %,"758,312,545.40",-
HYDROPOWER,2022-08-08,2586.92,2619.22,2541.11,2552.13,0.00 %,"769,095,080.30",-
HYDROPOWER,2022-08-07,2546.15,2589.36,2540.65,2578.95,0.00 %,"662,108,451.00",-
HYDROPOWER,2022-08-05,2590.1,2590.09,2543.49,2552.73,0.00 %,"773,743,249.10",-
HYDROPOWER,2022-08-04,2656.94,2659.78,2586.77,2592.26,0.00 %,"1,193,278,140.90",-
HYDROPOWER,2022-08-03,2609.24,2680.68,2596.81,2650.34,0.00 %,"1,390,859,349.00",-
HYDROPOWER,2022-08-02,2580.93,2608.3,2551.83,2607.64,0.00 %,"866,626,438.10",-
HYDROPOWER,2022-08-01,2570.52,2626.1,2539.05,2579.35,0.00 %,"1,243,634,664.60",-
HYDROPOWER,2022-07-31,2540.65,2572.12,2540.25,2560.94,0.00 %,"976,736,541.90",-
HYDROPOWER,2022-07-29,2544.37,2558.29,2508.88,2540.51,0.00 %,"537,255,547.30",-
HYDROPOWER,2022-07-28,2514.81,2608.22,2498.87,2542.98,0.00 %,"1,557,592,451.70",-
HYDROPOWER,2022-07-27,2439.74,2513.64,2398.5,2513.0,0.00 %,"1,052,479,103.60",-
HYDROPOWER,2022-07-26,2490.92,2510.53,2430.7,2440.65,0.00 %,"1,153,341,887.80",-
HYDROPOWER,2022-07-25,2391.79,2497.61,2389.39,2488.96,0.00 %,"1,189,553,293.00",-
HYDROPOWER,2022-07-24,2305.68,2381.85,2299.39,2381.83,0.00 %,"534,971,563.20",-
HYDROPOWER,2022-07-22,2344.58,2345.04,2287.41,2297.34,0.00 %,"284,251,574.65",-
HYDROPOWER,2022-07-21,2340.0,2355.77,2320.32,2333.11,0.00 %,"299,156,664.20",-
HYDROPOWER,2022-07-20,2359.33,2372.5,2335.99,2345.96,0.00 %,"352,884,655.80",-
HYDROPOWER,2022-07-19,2346.63,2386.83,2344.99,2360.06,0.00 %,"518,549,646.00",-
HYDROPOWER,2022-07-18,2316.9,2345.0,2290.06,2344.11,0.00 %,"288,770,533.20",-
HYDROPOWER,2022-07-17,2346.22,2346.75,2308.67,2317.28,0.00 %,"345,388,338.30",-
HYDROPOWER,2022-07-15,2370.12,2393.48,2319.71,2343.65,0.00 %,"445,041,676.10",-
HYDROPOWER,2022-07-14,2314.36,2361.05,2291.83,2361.05,0.00 %,"519,422,185.10",-
HYDROPOWER,2022-07-13,2216.06,2314.17,2216.06,2311.45,0.00 %,"443,608,449.40",-
HYDROPOWER,2022-07-12,2187.17,2248.09,2176.65,2204.68,0.00 %,"482,654,906.80",-
HYDROPOWER,2022-07-11,2299.16,2299.15,2178.39,2179.5,0.00 %,"580,328,009.50",-
HYDROPOWER,2022-07-08,2366.76,2367.12,2291.55,2298.89,0.00 %,"327,215,634.50",-
HYDROPOWER,2022-07-07,2380.02,2428.17,2345.49,2357.89,0.00 %,"456,982,367.40",-
HYDROPOWER,2022-07-06,2345.22,2382.22,2279.63,2374.6,0.00 %,"583,587,908.70",-
HYDROPOWER,2022-07-05,2397.39,2427.05,2323.49,2339.98,0.00 %,"792,793,880.80",-
HYDROPOWER,2022-07-04,2422.27,2514.52,2356.11,2392.22,0.00 %,"1,152,679,778.40",-
HYDROPOWER,2022-07-03,2276.63,2408.43,2267.21,2405.06,0.00 %,"881,614,640.70",-
HYDROPOWER,2022-07-01,2294.27,2301.27,2235.83,2276.45,0.00 %,"369,823,718.70",-
HYDROPOWER,2022-06-30,2188.54,2287.93,2175.24,2287.66,0.00 %,"674,441,008.30",-
HYDROPOWER,2022-06-29,2100.48,2179.57,2090.38,2177.21,0.00 %,"454,467,464.40",-
HYDROPOWER,2022-06-28,2138.41,2138.4,2089.01,2099.17,0.00 %,"267,770,288.70",-
HYDROPOWER,2022-06-27,2203.61,2230.13,2129.71,2135.3,0.00 %,"536,227,526.80",-
HYDROPOWER,2022-06-26,2041.88,2195.78,2041.64,2195.63,0.00 %,"596,676,717.10",-
HYDROPOWER,2022-06-24,2012.29,2074.77,1937.65,2038.71,0.00 %,"333,604,192.90",-
HYDROPOWER,2022-06-23,2087.72,2087.71,1992.42,2014.66,0.00 %,"377,202,644.30",-
HYDROPOWER,2022-06-22,2154.17,2159.84,2083.09,2101.02,0.00 %,"191,612,679.30",-
HYDROPOWER,2022-06-21,2086.84,2171.95,2071.87,2154.56,0.00 %,"285,232,630.00",-
HYDROPOWER,2022-06-20,2183.48,2183.48,2083.56,2091.12,0.00 %,"398,149,054.70",-
HYDROPOWER,2022-06-19,2274.27,2274.27,2179.91,2186.39,0.00 %,"251,563,521.50",-
HYDROPOWER,2022-06-17,2292.59,2303.09,2261.08,2273.86,0.00 %,"118,056,472.90",-
HYDROPOWER,2022-06-16,2284.54,2331.64,2251.52,2292.55,0.00 %,"237,089,074.90",-
HYDROPOWER,2022-06-15,2338.56,2338.56,2252.07,2284.04,0.00 %,"313,948,999.80",-
HYDROPOWER,2022-06-14,2406.39,2411.77,2325.45,2338.18,0.00 %,"303,440,751.00",-
HYDROPOWER,2022-06-13,2411.18,2424.11,2392.38,2404.57,0.00 %,"151,058,024.00",-
HYDROPOWER,2022-06-10,2418.64,2430.32,2393.95,2409.79,0.00 %,"218,906,539.20",-
HYDROPOWER,2022-06-09,2459.9,2487.77,2410.7,2413.86,0.00 %,"363,040,783.90",-
HYDROPOWER,2022-06-08,2373.1,2481.1,2365.42,2457.69,0.00 %,"409,438,647.00",-
HYDROPOWER,2022-06-07,2420.77,2421.97,2351.98,2373.09,0.00 %,"278,483,281.20",-
HYDROPOWER,2022-06-06,2425.68,2463.19,2408.75,2417.25,0.00 %,"277,351,848.80",-
HYDROPOWER,2022-06-03,2456.61,2460.5,2412.41,2425.76,0.00 %,"284,709,773.00",-
HYDROPOWER,2022-06-02,2470.85,2497.67,2441.93,2457.69,0.00 %,"333,113,519.50",-
HYDROPOWER,2022-06-01,2454.12,2487.92,2441.47,2471.31,0.00 %,"228,602,704.90",-
HYDROPOWER,2022-05-31,2482.67,2493.27,2434.49,2454.45,0.00 %,"304,299,695.30",-
HYDROPOWER,2022-05-30,2554.58,2555.75,2479.49,2485.33,0.00 %,"323,377,129.40",-
HYDROPOWER,2022-05-27,2582.76,2589.11,2530.84,2552.46,0.00 %,"317,706,600.30",-
HYDROPOWER,2022-05-26,2594.42,2607.23,2559.37,2579.15,0.00 %,"232,111,805.10",-
HYDROPOWER,2022-05-25,2561.46,2612.3,2561.14,2586.49,0.00 %,"374,347,745.50",-
HYDROPOWER,2022-05-24,2505.99,2564.98,2484.41,2556.2,0.00 %,"353,998,025.40",-
HYDROPOWER,2022-05-23,2557.94,2557.93,2488.64,2504.57,0.00 %,"350,648,404.90",-
HYDROPOWER,2022-05-20,2567.11,2594.01,2539.83,2554.09,0.00 %,"244,250,019.10",-
HYDROPOWER,2022-05-19,2612.02,2630.46,2556.14,2567.4,0.00 %,"350,643,981.50",-
HYDROPOWER,2022-05-18,2558.95,2627.69,2507.99,2612.13,0.00 %,"491,996,311.60",-
HYDROPOWER,2022-05-17,2701.32,2701.32,2551.96,2558.82,0.00 %,"590,291,444.50",-
HYDROPOWER,2022-05-12,2761.52,2783.8,2693.33,2701.32,0.00 %,"777,819,445.40",-
HYDROPOWER,2022-05-11,2633.63,2761.12,2633.63,2755.04,0.00 %,"868,385,797.80",-
HYDROPOWER,2022-05-10,2531.99,2631.33,2515.93,2624.69,0.00 %,"541,871,933.20",-
HYDROPOWER,2022-05-09,2516.45,2563.09,2500.61,2528.69,0.00 %,"360,560,349.70",-
HYDROPOWER,2022-05-08,2453.12,2522.11,2401.18,2516.16,0.00 %,"300,618,684.20",-
HYDROPOWER,2022-05-05,2513.74,2514.09,2437.55,2449.76,0.00 %,"376,768,538.80",-
HYDROPOWER,2022-05-04,2576.75,2592.92,2507.62,2516.57,0.00 %,"353,990,417.50",-
HYDROPOWER,2022-05-02,2669.81,2671.71,2562.49,2576.51,-3.58 %,"387,039,190.50",-
HYDROPOWER,2022-04-28,2694.8,2727.69,2660.74,2672.28,0.00 %,"386,532,720.10",-
HYDROPOWER,2022-04-27,2686.81,2699.74,2639.51,2695.32,0.00 %,"318,754,848.10",-
HYDROPOWER,2022-04-26,2721.14,2745.83,2664.85,2680.19,0.00 %,"274,566,728.30",-
HYDROPOWER,2022-04-25,2782.67,2825.09,2712.16,2720.69,0.00 %,"625,318,200.40",-
HYDROPOWER,2022-04-24,2585.69,2783.96,2585.69,2772.6,0.00 %,"573,960,047.20",-
HYDROPOWER,2022-04-21,2570.29,2596.9,2515.92,2583.43,0.00 %,"322,172,977.90",-
HYDROPOWER,2022-04-20,2630.05,2639.56,2555.0,2572.82,0.00 %,"316,609,821.30",-
HYDROPOWER,2022-04-19,2615.53,2655.21,2559.14,2628.53,0.00 %,"320,385,279.40",-
HYDROPOWER,2022-04-18,2699.59,2700.21,2609.27,2617.29,0.00 %,"390,740,248.30",-
HYDROPOWER,2022-04-17,2760.19,2785.52,2689.63,2697.59,0.00 %,"344,529,086.10",-
HYDROPOWER,2022-04-13,2732.82,2770.41,2689.84,2758.52,0.00 %,"340,921,608.20",-
HYDROPOWER,2022-04-12,2789.0,2789.76,2712.6,2732.81,0.00 %,"368,349,812.90",-
HYDROPOWER,2022-04-11,2865.01,2919.48,2778.12,2785.73,0.00 %,"483,040,224.80",-
HYDROPOWER,2022-04-07,2816.25,2869.08,2802.17,2846.9,0.00 %,"452,194,413.10",-
HYDROPOWER,2022-04-06,2849.55,2869.3,2793.81,2816.91,0.00 %,"405,022,092.20",-
HYDROPOWER,2022-04-05,2913.93,2913.92,2818.77,2849.54,0.00 %,"577,864,451.20",-
HYDROPOWER,2022-04-04,2932.15,2946.9,2901.87,2909.69,0.00 %,"338,372,609.60",-
HYDROPOWER,2022-04-03,2970.45,2975.52,2924.35,2932.15,0.00 %,"320,577,280.00",-
HYDROPOWER,2022-03-31,3027.76,3052.23,2959.37,2971.19,0.00 %,"378,049,483.80",-
HYDROPOWER,2022-03-30,2955.19,3028.85,2935.57,3027.22,0.00 %,"458,700,995.40",-
HYDROPOWER,2022-03-29,2968.2,3008.41,2936.17,2953.24,0.00 %,"400,872,099.90",-
HYDROPOWER,2022-03-28,2995.72,3030.82,2959.41,2969.72,0.00 %,"590,707,793.90",-
HYDROPOWER,2022-03-27,3068.7,3070.31,2988.26,2993.52,0.00 %,"910,094,881.60",-
HYDROPOWER,2022-03-24,3102.16,3105.7,3059.13,3069.77,0.00 %,"593,077,612.70",-
HYDROPOWER,2022-03-23,3139.24,3139.45,3094.4,3101.53,0.00 %,"491,413,187.30",-
HYDROPOWER,2022-03-22,3156.93,3173.29,3132.33,3137.93,0.00 %,"579,840,935.70",-
HYDROPOWER,2022-03-21,3065.74,3156.85,3049.1,3151.21,0.00 %,"765,763,943.80",-
HYDROPOWER,2022-03-20,3084.72,3109.84,3056.22,3067.55,0.00 %,"464,187,709.20",-
HYDROPOWER,2022-03-16,3123.85,3125.2,3070.29,3080.61,0.00 %,"604,599,434.60",-
HYDROPOWER,2022-03-15,3159.47,3170.11,3105.95,3113.72,0.00 %,"825,034,496.00",-
HYDROPOWER,2022-03-14,3198.18,3207.33,3140.69,3159.15,0.00 %,"305,714,632.20",-
HYDROPOWER,2022-03-13,3139.85,3201.98,3127.39,3195.79,0.00 %,"1,277,668,260.50",-
HYDROPOWER,2022-03-10,2992.31,3120.14,2958.8,3120.14,0.00 %,"959,625,239.70",-
HYDROPOWER,2022-03-09,3051.8,3062.27,2968.1,2993.44,0.00 %,"754,139,197.80",-
HYDROPOWER,2022-03-07,3086.61,3105.25,3034.46,3050.5,0.00 %,"767,147,026.20",-
HYDROPOWER,2022-03-06,3097.93,3131.16,3066.29,3082.49,0.00 %,"760,230,266.20",-
HYDROPOWER,2022-03-02,3229.99,3229.98,3089.17,3104.46,0.00 %,"1,140,178,834.90",-
HYDROPOWER,2022-02-28,3363.56,3400.83,3204.33,3213.33,0.00 %,"1,621,073,007.30",-
HYDROPOWER,2022-02-27,3287.5,3358.49,3262.61,3315.89,0.00 %,"1,330,084,833.30",-
HYDROPOWER,2022-02-24,3360.34,3361.71,3258.76,3281.86,0.00 %,"1,558,234,518.30",-
HYDROPOWER,2022-02-23,3343.16,3401.89,3338.14,3372.58,0.00 %,"1,519,847,127.00",-
HYDROPOWER,2022-02-22,3315.89,3383.75,3315.85,3336.92,0.00 %,"1,230,955,929.20",-
HYDROPOWER,2022-02-21,3242.08,3310.55,3239.25,3309.36,0.00 %,"962,093,811.70",-
HYDROPOWER,2022-02-20,3249.57,3304.15,3183.13,3236.97,0.00 %,"1,313,196,720.90",-
HYDROPOWER,2022-02-17,3268.1,3288.52,3231.75,3268.83,0.00 %,"695,696,785.90",-
HYDROPOWER,2022-02-16,3339.3,3354.13,3244.86,3266.24,0.00 %,"1,117,969,049.20",-
HYDROPOWER,2022-02-15,3210.68,3339.01,3197.25,3339.01,0.00 %,"1,027,922,890.70",-
HYDROPOWER,2022-02-14,3185.31,3250.09,3181.95,3200.89,0.00 %,"1,474,153,563.70",-
HYDROPOWER,2022-02-13,3350.51,3350.5,3192.68,3195.52,0.00 %,"2,084,457,664.30",-
HYDROPOWER,2022-02-10,3394.81,3422.34,3357.81,3380.4,0.00 %,"1,232,732,081.00",-
HYDROPOWER,2022-02-09,3440.89,3441.16,3381.09,3408.19,0.00 %,"1,140,007,115.00",-
HYDROPOWER,2022-02-08,3548.59,3610.01,3420.71,3440.91,0.00 %,"2,459,681,087.30",-
HYDROPOWER,2022-02-07,3489.89,3514.44,3452.88,3493.69,0.00 %,"1,793,886,550.50",-
HYDROPOWER,2022-02-06,3529.9,3546.3,3465.52,3486.78,0.00 %,"2,595,532,369.20",-
HYDROPOWER,2022-02-03,3553.83,3609.0,3518.05,3526.5,0.00 %,"4,009,079,076.90",-
HYDROPOWER,2022-02-01,3428.29,3532.77,3383.17,3520.34,0.00 %,"3,005,247,628.90",-
HYDROPOWER,2022-01-31,3462.12,3476.27,3385.08,3410.4,0.00 %,"1,424,116,914.40",-
HYDROPOWER,2022-01-30,3284.68,3434.72,3284.68,3433.46,0.00 %,"1,860,798,667.90",-
HYDROPOWER,2022-01-27,3245.92,3284.67,3235.85,3250.55,0.00 %,"778,299,040.10",-
HYDROPOWER,2022-01-26,3303.14,3303.64,3214.79,3245.04,0.00 %,"1,224,338,854.30",-
HYDROPOWER,2022-01-25,3310.43,3368.76,3256.41,3297.44,0.00 %,"1,428,726,576.00",-
HYDROPOWER,2022-01-24,3467.15,3468.43,3283.2,3308.01,0.00 %,"2,673,690,161.20",-
HYDROPOWER,2022-01-23,3515.2,3541.43,3441.52,3463.88,0.00 %,"1,627,605,164.80",-
HYDROPOWER,2022-01-20,3436.65,3508.49,3400.74,3506.63,0.00 %,"1,651,865,926.30",-
HYDROPOWER,2022-01-19,3494.28,3500.23,3408.91,3430.21,0.00 %,"1,766,078,156.70",-
HYDROPOWER,2022-01-18,3536.02,3564.84,3450.73,3488.96,0.00 %,"2,518,388,429.40",-
HYDROPOWER,2022-01-17,3483.12,3532.67,3424.45,3525.13,0.00 %,"2,876,593,171.10",-
HYDROPOWER,2022-01-16,3405.31,3508.65,3405.06,3468.33,0.00 %,"2,917,000,035.00",-
HYDROPOWER,2022-01-13,3240.41,3395.44,3228.27,3393.07,0.00 %,"2,136,956,206.20",-
HYDROPOWER,2022-01-12,3242.42,3347.64,3214.8,3234.6,0.00 %,"2,291,205,595.10",-
HYDROPOWER,2022-01-11,3176.7,3275.16,3150.19,3241.49,0.00 %,"1,455,131,546.50",-
HYDROPOWER,2022-01-10,3146.16,3213.18,3116.3,3175.61,0.00 %,"1,905,833,421.30",-
HYDROPOWER,2022-01-09,2990.52,3135.07,2990.51,3134.82,0.00 %,"2,057,577,491.00",-
HYDROPOWER,2022-01-06,2915.31,2987.59,2897.02,2986.64,0.00 %,"913,308,558.00",-
HYDROPOWER,2022-01-05,2902.59,2998.38,2879.57,2914.44,0.00 %,"1,308,718,992.70",-
HYDROPOWER,2022-01-04,2812.84,2900.37,2784.91,2900.37,0.00 %,"819,313,524.90",-
HYDROPOWER,2022-01-03,2805.26,2840.11,2795.66,2812.84,0.00 %,"741,624,736.60",-
HYDROPOWER,2022-01-02,2756.76,2802.77,2756.75,2802.73,0.00 %,"705,192,368.20",-
HYDROPOWER,2021-12-29,2753.4,2774.4,2736.39,2755.93,0.00 %,"471,955,373.20",-
HYDROPOWER,2021-12-28,2727.01,2763.18,2688.08,2753.4,0.00 %,"673,927,714.20",-
HYDROPOWER,2021-12-27,2837.16,2849.11,2719.08,2728.61,0.00 %,"1,085,459,679.50",-
HYDROPOWER,2021-12-26,2842.28,2867.22,2811.48,2837.15,0.00 %,"927,601,275.90",-
HYDROPOWER,2021-12-23,2877.02,2902.49,2809.43,2840.61,0.00 %,"1,135,585,002.30",-
HYDROPOWER,2021-12-22,2700.03,2861.8,2700.03,2859.7,0.00 %,"1,181,195,945.70",-
HYDROPOWER,2021-12-21,2598.03,2697.29,2598.02,2697.05,0.00 %,"477,171,883.30",-
HYDROPOWER,2021-12-20,2665.99,2665.99,2587.83,2602.53,0.00 %,"466,637,511.40",-
HYDROPOWER,2021-12-16,2739.69,2743.59,2638.78,2655.3,0.00 %,"602,084,529.20",-
HYDROPOWER,2021-12-15,2755.69,2849.33,2666.69,2737.72,0.00 %,"1,316,358,289.60",-
HYDROPOWER,2021-12-14,2534.23,2730.15,2534.22,2730.15,0.00 %,"533,717,578.70",-
HYDROPOWER,2021-12-13,2617.16,2617.15,2486.38,2531.59,0.00 %,"990,209,900.30",-
HYDROPOWER,2021-12-12,2756.69,2756.68,2631.33,2637.42,0.00 %,"836,408,656.00",-
HYDROPOWER,2021-12-09,2779.26,2808.06,2734.55,2762.24,0.00 %,"728,562,964.30",-
HYDROPOWER,2021-12-08,2868.67,2877.15,2764.4,2779.26,0.00 %,"698,545,082.60",-
HYDROPOWER,2021-12-07,2950.88,3004.8,2860.27,2868.61,0.00 %,"809,620,741.20",-
HYDROPOWER,2021-12-06,2857.22,2954.75,2751.9,2943.3,0.00 %,"1,317,144,519.80",-
HYDROPOWER,2021-12-05,2955.35,2958.86,2838.89,2860.78,0.00 %,"1,166,247,582.80",-
HYDROPOWER,2021-12-02,3026.01,3041.89,2947.65,2958.12,0.00 %,"775,676,607.90",-
HYDROPOWER,2021-12-01,3016.89,3064.16,3015.74,3024.77,0.00 %,"715,550,797.00",-
HYDROPOWER,2021-11-30,3007.41,3050.62,2975.08,3017.73,0.00 %,"691,681,815.80",-
HYDROPOWER,2021-11-29,3006.18,3066.96,2981.32,3006.33,0.00 %,"891,411,694.20",-
HYDROPOWER,2021-11-28,3136.26,3138.09,2995.9,3005.73,0.00 %,"1,541,147,818.70",-
HYDROPOWER,2021-11-25,3164.52,3191.45,3136.69,3137.75,0.00 %,"693,910,820.10",-
HYDROPOWER,2021-11-24,3143.87,3194.42,3075.89,3165.23,0.00 %,"1,307,932,357.70",-
HYDROPOWER,2021-11-23,3217.24,3217.24,3120.12,3141.8,0.00 %,"1,118,819,863.60",-
HYDROPOWER,2021-11-22,3212.01,3254.65,3205.68,3217.24,0.00 %,"1,076,040,006.20",-
HYDROPOWER,2021-11-21,3191.68,3241.74,3173.83,3206.32,0.00 %,"1,296,849,364.00",-
HYDROPOWER,2021-11-18,3298.08,3322.32,3187.79,3193.11,0.00 %,"1,680,788,222.30",-
HYDROPOWER,2021-11-17,3303.04,3332.29,3232.24,3284.06,0.00 %,"2,048,428,835.10",-
HYDROPOWER,2021-11-16,3053.87,3214.66,3053.06,3212.08,0.00 %,"1,672,073,284.40",-
HYDROPOWER,2021-11-15,3007.08,3085.3,3001.75,3047.88,0.00 %,"1,138,094,885.70",-
HYDROPOWER,2021-11-14,3012.68,3047.92,2974.53,2997.83,0.00 %,"1,071,169,496.10",-
HYDROPOWER,2021-11-11,3084.48,3084.49,2986.71,3000.81,0.00 %,"1,245,115,128.80",-
HYDROPOWER,2021-11-09,3180.09,3196.61,3035.45,3071.26,0.00 %,"2,007,096,784.90",-
HYDROPOWER,2021-11-08,3201.99,3239.65,3161.29,3173.1,0.00 %,"1,081,532,231.80",-
HYDROPOWER,2021-11-03,3181.83,3233.57,3166.08,3186.12,0.00 %,"1,646,424,626.20",-
HYDROPOWER,2021-11-02,3118.9,3172.61,3077.44,3162.94,0.00 %,"1,353,736,493.10",-
HYDROPOWER,2021-11-01,3201.4,3232.18,3106.36,3114.79,0.00 %,"2,096,114,736.90",-
HYDROPOWER,2021-10-31,3029.46,3195.81,3010.91,3188.98,0.00 %,"2,261,156,344.50",-
HYDROPOWER,2021-10-28,2950.11,3026.15,2916.71,3022.61,0.00 %,"1,708,413,376.20",-
HYDROPOWER,2021-10-27,2992.14,3024.29,2900.83,2957.31,0.00 %,"1,685,471,277.90",-
HYDROPOWER,2021-10-26,2878.35,3003.9,2877.66,2977.69,0.00 %,"1,604,806,730.50",-
HYDROPOWER,2021-10-25,2663.2,2854.52,2663.18,2854.1,0.00 %,"1,206,093,061.00",-
HYDROPOWER,2021-10-24,2592.23,2661.22,2572.6,2653.28,0.00 %,"703,871,826.10",-
HYDROPOWER,2021-10-21,2633.8,2649.4,2576.84,2587.19,0.00 %,"476,032,697.40",-
HYDROPOWER,2021-10-20,2534.04,2631.87,2534.04,2631.87,0.00 %,"577,466,100.90",-
HYDROPOWER,2021-10-19,2635.3,2640.75,2480.33,2522.18,0.00 %,"878,473,567.50",-
HYDROPOWER,2021-10-18,2742.16,2742.17,2635.84,2640.18,0.00 %,"600,474,903.00",-
HYDROPOWER,2021-10-17,2728.68,2754.65,2702.04,2742.22,0.00 %,"180,432,815.20",-
HYDROPOWER,2021-10-11,2770.9,2785.48,2689.12,2728.92,0.00 %,"591,908,525.10",-
HYDROPOWER,2021-10-10,2803.26,2836.84,2741.13,2761.85,0.00 %,"693,114,744.60",-
HYDROPOWER,2021-10-06,2704.61,2795.54,2704.61,2795.03,0.00 %,"750,283,718.10",-
HYDROPOWER,2021-10-05,2642.65,2715.51,2641.49,2702.45,0.00 %,"614,203,652.40",-
HYDROPOWER,2021-10-04,2708.84,2722.46,2622.84,2641.94,0.00 %,"1,010,695,047.50",-
HYDROPOWER,2021-10-03,2827.77,2829.9,2694.41,2707.02,0.00 %,"1,214,697,888.20",-
HYDROPOWER,2021-09-30,2912.21,2935.84,2808.04,2818.63,0.00 %,"861,572,710.90",-
HYDROPOWER,2021-09-29,2783.41,2908.11,2730.14,2901.15,0.00 %,"1,493,237,896.80",-
HYDROPOWER,2021-09-28,2914.83,2942.72,2771.41,2783.81,0.00 %,"1,518,163,585.00",-
HYDROPOWER,2021-09-27,3035.39,3109.18,2907.36,2922.62,0.00 %,"1,515,595,398.00",-
HYDROPOWER,2021-09-26,3143.08,3143.69,2995.59,3003.23,0.00 %,"1,708,170,290.20",-
HYDROPOWER,2021-09-23,3232.44,3258.18,3119.63,3138.54,0.00 %,"1,688,071,534.80",-
HYDROPOWER,2021-09-22,3060.08,3223.32,3059.81,3210.48,0.00 %,"1,665,189,809.30",-
HYDROPOWER,2021-09-21,3014.69,3145.27,2874.05,3041.04,0.00 %,"2,024,226,158.50",-
HYDROPOWER,2021-09-20,3234.84,3248.2,3012.45,3018.21,0.00 %,"2,310,646,129.40",-
HYDROPOWER,2021-09-16,3375.02,3375.03,3197.24,3238.98,0.00 %,"2,738,891,614.80",-
HYDROPOWER,2021-09-15,3444.52,3455.94,3351.45,3376.77,0.00 %,"1,707,492,021.80",-
HYDROPOWER,2021-09-14,3484.71,3511.67,3416.22,3449.76,0.00 %,"1,788,999,420.20",-
HYDROPOWER,2021-09-13,3615.15,3646.27,3454.92,3480.58,0.00 %,"3,697,186,212.20",-
HYDROPOWER,2021-09-12,3398.45,3580.13,3398.39,3571.49,0.00 %,"4,197,006,513.10",-
HYDROPOWER,2021-09-09,3299.35,3374.58,3285.4,3354.4,0.00 %,"3,165,238,032.40",-
HYDROPOWER,2021-09-08,3347.15,3349.61,3276.77,3291.92,0.00 %,"2,101,481,039.50",-
HYDROPOWER,2021-09-07,3441.9,3444.44,3298.7,3345.26,0.00 %,"2,553,132,286.50",-
HYDROPOWER,2021-09-06,3113.25,3398.99,3078.67,3396.76,0.00 %,"2,687,380,586.50",-
HYDROPOWER,2021-09-05,3319.2,3319.2,3059.03,3113.26,0.00 %,"2,967,214,561.30",-
HYDROPOWER,2021-09-02,3459.76,3475.1,3303.88,3330.33,0.00 %,"2,801,232,051.60",-
HYDROPOWER,2021-09-01,3475.27,3546.45,3418.31,3447.11,0.00 %,"2,643,806,985.30",-
HYDROPOWER,2021-08-31,3608.91,3608.91,3454.89,3468.11,0.00 %,"3,650,063,828.90",-
HYDROPOWER,2021-08-29,3720.9,3736.02,3570.42,3592.38,0.00 %,"4,821,544,683.90",-
HYDROPOWER,2021-08-26,3524.9,3721.54,3517.47,3682.83,0.00 %,"4,256,675,516.90",-
HYDROPOWER,2021-08-25,3492.68,3579.0,3401.36,3504.94,0.00 %,"4,001,719,901.60",-
HYDROPOWER,2021-08-24,3674.49,3720.81,3508.96,3518.34,0.00 %,"5,356,345,612.80",-
HYDROPOWER,2021-08-19,3896.83,3913.76,3744.08,3751.11,0.00 %,"7,247,628,467.20",-
HYDROPOWER,2021-08-18,3857.56,3961.44,3845.1,3874.42,0.00 %,"6,819,961,226.00",-
HYDROPOWER,2021-08-17,3708.86,3838.38,3708.87,3812.97,0.00 %,"6,591,386,179.70",-
HYDROPOWER,2021-08-16,3663.88,3736.16,3599.86,3695.8,0.00 %,"4,782,889,414.50",-
HYDROPOWER,2021-08-15,3667.39,3767.22,3533.4,3655.68,0.00 %,"6,084,568,906.10",-
HYDROPOWER,2021-08-12,3854.54,3889.11,3802.78,3812.93,0.00 %,"5,437,041,512.60",-
HYDROPOWER,2021-08-11,3734.01,3857.1,3732.77,3837.15,0.00 %,"6,192,111,071.60",-
HYDROPOWER,2021-08-10,3735.72,3762.76,3657.87,3692.36,0.00 %,"6,335,406,130.10",-
HYDROPOWER,2021-08-09,3613.01,3715.2,3590.2,3692.89,0.00 %,"7,173,562,465.70",-
HYDROPOWER,2021-08-08,3480.28,3621.48,3425.13,3574.23,0.00 %,"6,864,527,672.30",-
HYDROPOWER,2021-08-05,3577.26,3629.05,3438.67,3459.18,0.00 %,"5,395,748,080.50",-
HYDROPOWER,2021-08-04,3479.71,3546.66,3389.24,3535.25,0.00 %,"6,687,852,163.40",-
HYDROPOWER,2021-08-03,3276.4,3343.65,3258.12,3341.23,0.00 %,"3,690,093,090.20",-
HYDROPOWER,2021-08-02,3302.96,3343.95,3270.31,3274.38,0.00 %,"3,938,913,282.30",-
HYDROPOWER,2021-08-01,3219.27,3297.57,3216.8,3292.68,0.00 %,"4,656,125,222.50",-
HYDROPOWER,2021-07-29,3251.78,3253.87,3184.52,3212.97,0.00 %,"3,013,161,061.50",-
HYDROPOWER,2021-07-28,3325.83,3389.37,3222.97,3241.54,0.00 %,"4,453,737,436.70",-
HYDROPOWER,2021-07-27,3187.94,3324.75,3173.42,3289.81,0.00 %,"4,876,816,825.00",-
HYDROPOWER,2021-07-26,3085.22,3175.85,3078.69,3171.16,0.00 %,"3,960,718,189.60",-
HYDROPOWER,2021-07-25,3013.75,3069.55,3009.47,3068.51,0.00 %,"3,389,183,429.50",-
HYDROPOWER,2021-07-22,2990.68,3020.67,2973.8,2997.35,0.00 %,"2,677,921,946.60",-
HYDROPOWER,2021-07-20,2941.01,2994.71,2916.56,2972.66,0.00 %,"2,354,739,196.50",-
HYDROPOWER,2021-07-19,2935.84,2976.05,2920.49,2936.77,0.00 %,"2,325,221,038.80",-
HYDROPOWER,2021-07-18,2904.94,2948.13,2902.17,2938.31,0.00 %,"2,141,322,477.10",-
HYDROPOWER,2021-07-15,2857.16,2941.8,2849.71,2892.82,0.00 %,"1,956,843,221.00",-
HYDROPOWER,2021-07-14,2781.46,2837.83,2744.71,2836.42,0.00 %,"950,963,762.00",-
HYDROPOWER,2021-07-13,2759.55,2781.07,2731.18,2761.49,0.00 %,"553,870,839.00",-
HYDROPOWER,2021-07-12,2811.52,2835.92,2718.46,2747.56,0.00 %,"1,306,789,545.00",-
HYDROPOWER,2021-07-11,2744.04,2808.23,2730.38,2807.69,0.00 %,"1,045,614,852.00",-
HYDROPOWER,2021-07-08,2679.12,2741.63,2658.79,2729.15,0.00 %,"662,550,401.00",-
HYDROPOWER,2021-07-07,2736.31,2737.48,2668.33,2676.03,0.00 %,"800,773,553.00",-
HYDROPOWER,2021-07-06,2803.05,2806.89,2724.37,2735.23,0.00 %,"728,701,469.00",-
HYDROPOWER,2021-07-05,2868.61,2881.77,2774.0,2783.26,0.00 %,"779,123,370.00",-
HYDROPOWER,2021-07-04,2880.14,2898.65,2830.83,2836.94,0.00 %,"933,560,583.00",-
HYDROPOWER,2021-07-01,2819.02,2885.39,2819.03,2840.54,0.00 %,"1,171,041,477.00",-
HYDROPOWER,2021-06-30,2830.69,2841.42,2742.62,2818.58,0.00 %,"1,127,167,768.00",-
HYDROPOWER,2021-06-29,2862.69,2923.61,2802.93,2814.05,0.00 %,"1,752,694,376.00",-
HYDROPOWER,2021-06-28,3041.15,3050.74,2887.86,2890.08,0.00 %,"2,106,284,764.00",-
HYDROPOWER,2021-06-27,2941.79,2995.09,2939.34,2956.03,0.00 %,"1,569,062,932.00",-
HYDROPOWER,2021-06-24,2829.89,2936.11,2783.42,2879.22,0.00 %,"1,695,967,093.00",-
HYDROPOWER,2021-06-23,2930.66,2935.89,2812.37,2819.43,0.00 %,"1,789,510,000.00",-
HYDROPOWER,2021-06-22,2762.16,2890.92,2712.25,2890.92,0.00 %,"1,866,230,000.00",-
HYDROPOWER,2021-06-21,2906.39,2906.39,2738.85,2741.18,0.00 %,"2,136,530,000.00",-
HYDROPOWER,2021-06-20,2984.35,2984.35,2856.63,2891.42,0.00 %,"2,286,980,000.00",-
HYDROPOWER,2021-06-17,2992.51,3014.69,2921.67,2992.51,0.00 %,"2,374,600,000.00",-
HYDROPOWER,2021-06-16,3051.23,3103.88,2937.68,2995.46,0.00 %,"4,047,113,277.00",-
HYDROPOWER,2021-06-15,3256.12,3271.57,3140.78,3144.95,0.00 %,"3,428,806,852.00",-
HYDROPOWER,2021-06-14,3306.38,3344.61,3204.85,3235.7,0.00 %,"5,422,853,149.00",-
HYDROPOWER,2021-06-13,3124.04,3242.07,3094.75,3241.37,0.00 %,-,-
HYDROPOWER,2021-06-10,2960.67,3065.35,2960.67,3056.89,0.00 %,-,-
HYDROPOWER,2021-06-09,3021.34,3029.08,2953.45,2968.24,0.00 %,-,-
HYDROPOWER,2021-06-08,2994.14,3002.55,2956.29,2984.15,0.00 %,-,-
HYDROPOWER,2021-06-07,2853.33,2928.5,2853.33,2925.79,0.00 %,-,-
HYDROPOWER,2021-06-06,2844.66,2845.89,2811.75,2834.15,0.00 %,-,-
HYDROPOWER,2021-06-03,2950.15,2969.83,2876.55,2880.97,0.00 %,-,-
HYDROPOWER,2021-06-02,2875.72,2944.99,2840.57,2941.01,0.00 %,-,-
HYDROPOWER,2021-06-01,2888.23,2920.19,2827.21,2859.19,0.00 %,-,-
HYDROPOWER,2021-05-31,3056.92,3059.42,2874.39,2886.95,0.00 %,-,-
HYDROPOWER,2021-05-30,3093.13,3139.75,2982.81,3015.81,0.00 %,-,-
HYDROPOWER,2021-05-27,2869.24,3038.91,2860.03,3016.47,0.00 %,-,-
HYDROPOWER,2021-05-25,2784.2,2884.69,2783.77,2884.69,0.00 %,-,-
HYDROPOWER,2021-05-24,2823.74,2853.92,2803.78,2820.14,0.00 %,-,-
HYDROPOWER,2021-05-23,2774.92,2839.75,2709.14,2814.99,0.00 %,-,-
HYDROPOWER,2021-05-20,2860.56,2860.56,2761.02,2770.78,0.00 %,-,-
HYDROPOWER,2021-05-19,2918.47,2918.47,2792.39,2814.36,0.00 %,-,-
HYDROPOWER,2021-05-18,2796.78,2887.92,2775.12,2874.99,0.00 %,-,-
HYDROPOWER,2021-05-17,2724.03,2780.86,2714.53,2778.01,0.00 %,-,-
HYDROPOWER,2021-05-16,2706.18,2725.95,2681.28,2709.69,0.00 %,-,-
HYDROPOWER,2021-05-13,2654.23,2692.38,2647.81,2677.97,0.00 %,-,-
HYDROPOWER,2021-05-12,2594.99,2642.71,2594.99,2640.85,0.00 %,-,-
HYDROPOWER,2021-05-11,2569.84,2613.36,2569.84,2609.06,0.00 %,-,-
HYDROPOWER,2021-05-10,2581.03,2603.75,2547.74,2589.82,0.00 %,-,-
HYDROPOWER,2021-05-09,2649.68,2649.68,2560.88,2573.83,0.00 %,-,-
HYDROPOWER,2021-05-06,2663.34,2666.27,2599.84,2607.88,0.00 %,-,-
HYDROPOWER,2021-05-05,2615.19,2664.7,2600.74,2657.27,0.00 %,-,-
HYDROPOWER,2021-05-04,2588.89,2622.54,2574.58,2612.01,0.00 %,-,-
HYDROPOWER,2021-05-03,2628.99,2654.27,2570.79,2581.09,0.00 %,-,-
HYDROPOWER,2021-05-02,2599.97,2619.2,2566.87,2613.18,0.00 %,-,-
HYDROPOWER,2021-04-29,2514.21,2575.33,2495.98,2575.33,0.00 %,-,-
HYDROPOWER,2021-04-28,2548.21,2535.3,2456.06,2495.13,0.00 %,-,-
HYDROPOWER,2021-04-27,2354.02,2514.02,2350.86,2514.02,0.00 %,-,-
HYDROPOWER,2021-04-26,2440.51,2461.3,2342.08,2360.94,0.00 %,-,-
HYDROPOWER,2021-04-25,2576.03,2576.03,2453.83,2460.56,0.00 %,-,-
HYDROPOWER,2021-04-22,2578.06,2581.77,2534.61,2573.1,0.00 %,-,-
HYDROPOWER,2021-04-21,2580.78,2608.27,2557.75,2568.12,0.00 %,-,-
HYDROPOWER,2021-04-20,2607.89,2607.89,2549.5,2597.94,0.00 %,-,-
HYDROPOWER,2021-04-19,2578.94,2614.67,2546.17,2566.17,0.00 %,-,-
HYDROPOWER,2021-04-18,2613.02,2613.02,2557.8,2562.98,0.00 %,-,-
HYDROPOWER,2021-04-15,2659.56,2659.56,2590.83,2594.44,0.00 %,-,-
HYDROPOWER,2021-04-13,2569.1,2621.95,2560.48,2603.4,0.00 %,-,-
HYDROPOWER,2021-04-12,2622.95,2622.95,2564.9,2571.71,0.00 %,-,-
HYDROPOWER,2021-04-08,2694.24,2694.24,2608.79,2614.39,0.00 %,-,-
HYDROPOWER,2021-04-07,2723.67,2723.67,2621.52,2637.71,0.00 %,-,-
HYDROPOWER,2021-04-06,2582.17,2678.9,2526.88,2670.74,0.00 %,-,-
HYDROPOWER,2021-04-05,2529.86,2556.69,2487.4,2556.69,0.00 %,-,-
HYDROPOWER,2021-04-04,2526.69,2527.66,2480.73,2510.2,0.00 %,-,-
HYDROPOWER,2021-04-01,2486.32,2486.32,2423.38,2473.06,0.00 %,-,-
HYDROPOWER,2021-03-31,2471.74,2474.43,2427.11,2448.97,0.00 %,-,-
HYDROPOWER,2021-03-30,2326.2,2416.84,2320.07,2415.45,0.00 %,-,-
HYDROPOWER,2021-03-29,2297.17,2332.36,2286.93,2319.48,0.00 %,-,-
HYDROPOWER,2021-03-25,2366.91,2367.16,2282.23,2294.96,0.00 %,-,-
HYDROPOWER,2021-03-24,2365.66,2403.36,2328.17,2339.25,0.00 %,-,-
HYDROPOWER,2021-03-23,2255.18,2354.2,2234.61,2354.2,0.00 %,-,-
HYDROPOWER,2021-03-22,2158.07,2228.04,2140.56,2224.36,0.00 %,-,-
HYDROPOWER,2021-03-21,2155.09,2156.37,2096.21,2122.63,0.00 %,-,-
HYDROPOWER,2021-03-18,2122.82,2133.92,2105.07,2108.83,0.00 %,-,-
HYDROPOWER,2021-03-17,2098.67,2109.83,2073.14,2105.68,0.00 %,-,-
HYDROPOWER,2021-03-16,2123.34,2129.69,2066.33,2074.67,0.00 %,-,-
HYDROPOWER,2021-03-15,2158.59,2158.59,2096.1,2106.5,0.00 %,-,-
HYDROPOWER,2021-03-14,2077.5,2115.86,2073.29,2107.28,0.00 %,-,-
HYDROPOWER,2021-03-10,2061.6,2072.44,2046.75,2059.45,0.00 %,-,-
HYDROPOWER,2021-03-09,2028.68,2062.51,2005.83,2055.27,0.00 %,-,-
HYDROPOWER,2021-03-07,2023.7,2046.21,1991.72,2018.88,0.00 %,-,-
HYDROPOWER,2021-03-04,1906.21,2002.04,1906.19,2000.54,0.00 %,-,-
HYDROPOWER,2021-03-03,1915.05,1935.51,1891.44,1909.36,0.00 %,-,-
HYDROPOWER,2021-03-02,2006.46,2011.08,1910.36,1929.67,0.00 %,-,-
HYDROPOWER,2021-03-01,1964.75,1978.68,1915.26,1970.66,0.00 %,-,-
HYDROPOWER,2021-02-28,2012.06,2012.06,1937.36,1939.87,0.00 %,-,-
HYDROPOWER,2021-02-25,2041.84,2045.22,1998.69,2007.03,0.00 %,-,-
HYDROPOWER,2021-02-24,2096.74,2096.74,2025.74,2034.77,0.00 %,-,-
HYDROPOWER,2021-02-23,2124.44,2124.44,1975.66,2057.7,0.00 %,-,-
HYDROPOWER,2021-02-22,2063.09,2096.09,2063.09,2070.17,0.00 %,-,-
HYDROPOWER,2021-02-21,1961.65,2039.46,1948.98,2024.32,0.00 %,-,-
HYDROPOWER,2021-02-18,1930.48,1948.7,1923.7,1941.05,0.00 %,-,-
HYDROPOWER,2021-02-17,1948.19,1952.96,1917.84,1922.45,0.00 %,-,-
HYDROPOWER,2021-02-16,1965.99,1982.32,1929.02,1936.89,0.00 %,-,-
HYDROPOWER,2021-02-15,1924.19,1963.87,1921.12,1963.87,0.00 %,-,-
HYDROPOWER,2021-02-14,1918.22,1923.71,1890.89,1899.42,0.00 %,-,-
HYDROPOWER,2021-02-11,1951.78,1957.26,1918.93,1922.56,0.00 %,-,-
HYDROPOWER,2021-02-10,1975.12,1975.12,1938.55,1948.13,0.00 %,-,-
HYDROPOWER,2021-02-09,2015.09,2015.15,1956.57,1968.65,0.00 %,-,-
HYDROPOWER,2021-02-08,2060.99,2060.99,1992.33,1998.4,0.00 %,-,-
HYDROPOWER,2021-02-07,1964.47,2018.13,1964.47,2018.13,0.00 %,-,-
HYDROPOWER,2021-02-04,1928.69,1965.5,1900.53,1958.92,0.00 %,-,-
HYDROPOWER,2021-02-03,1915.64,1949.22,1908.94,1921.64,0.00 %,-,-
HYDROPOWER,2021-02-02,1872.79,1901.85,1871.29,1901.85,0.00 %,-,-
HYDROPOWER,2021-02-01,1836.86,1877.35,1836.86,1867.91,0.00 %,-,-
HYDROPOWER,2021-01-31,1873.66,1873.66,1821.19,1834.32,0.00 %,-,-
HYDROPOWER,2021-01-28,1925.27,1926.62,1866.16,1871.44,0.00 %,-,-
HYDROPOWER,2021-01-27,1917.9,1918.77,1876.69,1894.35,0.00 %,-,-
HYDROPOWER,2021-01-26,1934.15,1938.13,1892.36,1898.43,0.00 %,-,-
HYDROPOWER,2021-01-25,1933.94,1940.97,1894.0,1925.93,0.00 %,-,-
HYDROPOWER,2021-01-24,1890.65,1929.49,1890.65,1929.49,0.00 %,-,-
HYDROPOWER,2021-01-21,1836.12,1878.36,1819.77,1878.36,0.00 %,-,-
HYDROPOWER,2021-01-20,1776.77,1819.84,1745.02,1810.06,0.00 %,-,-
HYDROPOWER,2021-01-19,1741.74,1776.4,1741.74,1756.47,0.00 %,-,-
HYDROPOWER,2021-01-18,1780.94,1781.01,1760.65,1764.61,0.00 %,-,-
HYDROPOWER,2021-01-17,1792.61,1804.49,1769.27,1776.13,0.00 %,-,-
